age,sex,num_chronic,days_in_hosp,prior_admits,readmitted
86,M,4,325,0,1
63,F,2,120,2,1
67,F,3,161,0,1
82,F,0,289,0,1
59,M,2,82,0,1
73,F,2,228,2,1
78,M,4,226,0,1
34,F,2,5,1,0
21,M,3,2,0,0
39,F,0,2,2,0
38,F,1,3,0,0
80,M,2,298,0,1
83,M,2,282,0,1
18,M,4,1,2,0
53,M,2,37,0,1
77,M,1,248,1,1
27,M,0,1,0,0
75,F,0,222,0,1
26,M,3,2,1,0
51,F,2,19,0,1
76,M,2,236,1,1
39,M,1,2,0,0
42,M,1,2,0,0
38,M,2,3,0,0
69,M,4,182,1,1
36,M,1,3,2,0
89,M,4,352,1,1
50,M,2,2,0,0
52,M,1,20,0,1
54,F,2,32,1,1
59,M,1,76,2,1
57,M,1,56,0,1
54,F,2,44,1,1
89,M,2,333,0,1
76,F,3,239,0,1
75,M,1,233,1,1
68,F,0,163,0,1
62,M,0,100,1,1
42,M,1,4,0,0
89,F,1,337,0,1
51,M,1,17,0,1
33,F,0,4,0,0
78,F,1,275,1,1
29,F,0,1,1,0
79,M,2,269,1,1
62,F,1,127,0,1
26,M,4,1,0,0
21,M,1,1,0,0
50,F,1,2,1,1
20,F,2,4,0,0
28,M,1,3,0,0
55,F,0,39,1,1
87,M,1,331,1,1
51,M,1,12,1,1
76,M,4,221,2,1
84,M,0,302,0,1
77,F,1,250,0,1
63,M,0,116,1,1
49,M,3,3,0,0
55,F,0,50,0,1
37,F,2,5,2,0
53,M,3,22,0,1
45,M,3,2,0,0
35,M,2,2,1,0
89,M,1,336,0,1
18,M,2,4,0,0
24,F,1,3,1,0
31,F,1,1,0,0
87,F,1,325,0,1
67,M,2,162,1,1
81,F,3,306,1,1
32,M,1,3,0,0
69,M,0,163,0,1
44,M,3,2,1,0
53,M,2,35,0,1
18,F,1,6,0,0
62,F,1,121,0,1
77,M,2,245,0,1
65,M,2,141,0,1
29,M,0,3,0,0
56,M,3,57,1,1
37,F,0,4,0,0
87,M,2,353,1,1
81,F,4,290,0,1
31,F,1,4,0,0
54,F,2,44,0,1
85,M,1,319,0,1
78,M,0,263,3,1
68,M,2,155,1,1
64,M,1,144,1,1
21,M,1,6,2,0
71,F,1,196,1,1
52,M,1,25,1,1
24,M,3,4,0,0
35,F,1,1,0,0
56,M,4,48,0,1
70,F,2,196,2,1
54,F,4,43,0,1
62,M,2,111,0,1
80,F,4,279,1,1
67,M,2,165,1,1
44,M,1,4,0,0
64,M,1,135,0,1
61,M,2,93,1,1
25,M,0,4,0,0
22,M,1,2,0,0
65,M,2,143,1,1
45,M,3,3,0,0
61,F,3,106,1,1
41,F,2,4,0,0
34,M,2,2,1,0
28,M,1,4,0,0
45,M,2,1,0,0
76,F,2,274,1,1
46,M,1,3,0,0
45,F,1,4,0,0
59,F,5,68,1,1
88,F,1,339,0,1
46,M,1,5,0,0
60,F,2,103,1,1
49,M,1,3,2,0
61,F,5,96,2,1
50,F,2,3,1,1
63,F,1,108,0,1
57,F,0,59,0,1
66,M,4,159,1,1
86,M,2,280,0,1
28,M,2,0,1,0
58,F,1,74,0,1
49,F,1,2,0,0
43,F,0,3,0,0
35,M,0,3,0,0
21,M,0,3,2,0
46,F,1,2,1,0
77,M,0,239,2,1
24,M,1,5,3,0
47,F,1,6,2,0
87,F,0,341,1,1
86,F,1,322,0,1
33,F,1,3,1,0
18,M,2,2,0,0
66,M,4,149,0,1
19,F,4,3,1,0
39,M,0,3,1,0
53,M,1,36,0,1
80,M,1,266,1,1
24,F,0,3,0,0
65,F,3,123,0,1
56,M,0,49,0,1
27,F,0,2,1,0
78,M,0,242,0,1
78,M,1,272,0,1
52,F,0,19,0,1
86,M,1,359,0,1
61,F,3,98,0,1
83,F,2,298,1,1
87,M,2,345,0,1
59,F,1,67,1,1
38,F,0,5,0,0
28,F,2,1,0,0
58,F,1,73,1,1
31,F,1,6,1,0
72,F,0,199,1,1
84,F,4,310,0,1
35,M,2,5,0,0
57,F,1,79,2,1
21,M,1,7,1,0
30,M,1,5,0,0
45,M,2,1,0,0
81,F,2,265,0,1
87,F,2,352,1,1
64,F,0,139,1,1
60,F,0,104,0,1
59,F,3,79,4,1
22,M,0,3,0,0
45,M,1,1,0,0
88,M,1,351,0,1
47,M,1,5,1,0
33,F,0,3,0,0
35,F,0,0,0,0
69,F,3,169,1,1
20,M,4,3,0,0
87,M,2,347,1,1
81,F,0,253,0,1
58,M,0,78,1,1
51,F,1,11,0,1
72,M,1,181,1,1
57,M,1,74,0,1
52,M,1,20,1,1
41,F,2,6,0,0
50,F,3,3,1,0
72,F,1,208,0,1
21,F,2,0,0,0
19,F,3,3,0,0
69,F,1,149,0,1
44,F,1,4,0,0
75,M,0,232,1,1
20,M,3,3,1,0
83,M,2,270,2,1
26,M,2,2,0,0
47,M,0,2,1,0
87,M,1,356,0,1
25,F,5,5,2,0
65,M,1,137,1,1
70,M,3,197,0,1
48,F,0,7,0,0
23,F,2,3,2,0
55,M,2,59,0,1
49,M,2,2,1,0
80,M,1,285,1,1
67,M,2,163,1,1
42,M,2,0,1,0
22,M,0,1,0,0
60,M,3,90,0,1
38,F,2,1,0,0
67,F,2,160,0,1
80,F,2,281,0,1
43,M,1,5,1,0
83,F,2,279,0,1
55,F,0,40,1,1
56,M,1,58,0,1
73,F,2,197,1,1
74,M,0,237,0,1
83,M,3,319,0,1
89,M,1,389,0,1
28,M,2,3,0,0
47,F,1,6,0,0
85,M,1,362,1,1
40,M,0,2,0,0
18,F,1,2,1,0
59,F,5,85,2,1
72,F,0,207,0,1
71,M,2,180,1,1
76,M,2,213,0,1
64,F,0,118,0,1
27,M,1,2,0,0
78,F,2,219,0,1
48,M,2,2,1,0
79,M,2,273,1,1
76,M,1,251,1,1
87,M,0,357,1,1
19,F,2,0,2,0
80,F,3,272,0,1
63,F,3,116,1,1
52,F,0,19,0,1
75,M,1,214,0,1
86,F,1,327,1,1
54,F,2,24,1,1
24,F,0,1,0,0
70,M,2,197,1,1
34,M,1,2,1,0
34,M,1,1,0,0
31,F,2,3,2,0
32,M,0,6,1,0
83,M,5,301,1,1
44,M,1,4,1,0
25,F,3,2,1,0
30,M,2,1,0,0
46,F,4,2,0,0
42,F,2,3,0,0
40,M,2,2,1,0
86,M,3,348,0,1
80,M,3,251,3,1
59,M,0,94,1,1
89,M,1,374,0,1
42,F,1,3,0,0
27,F,1,5,0,0
37,M,2,6,1,0
24,F,1,2,0,0
86,M,1,328,0,1
33,F,3,2,0,0
50,M,0,4,0,1
32,M,1,3,2,0
88,M,3,363,0,1
29,F,3,5,1,0
55,F,3,60,0,1
86,M,0,317,0,1
55,F,0,65,0,1
82,M,3,298,1,1
82,M,0,282,0,1
73,F,3,217,0,1
71,F,2,190,0,1
59,F,1,78,0,1
59,M,2,90,1,1
77,F,2,229,0,1
48,M,0,3,1,0
86,M,2,338,0,1
81,M,5,271,2,1
44,F,1,1,1,0
47,M,1,2,0,0
69,F,0,175,1,1
84,F,2,305,0,1
24,M,1,1,0,0
22,M,4,2,3,0
35,F,1,1,1,0
48,M,1,8,1,0
29,M,2,6,1,0
55,F,4,54,1,1
56,F,0,56,1,1
86,M,1,308,0,1
71,F,3,179,3,1
36,F,3,2,4,0
74,M,1,215,0,1
76,F,1,245,1,1
66,M,2,151,0,1
66,F,2,135,1,1
40,M,0,7,0,0
69,M,3,167,0,1
27,F,2,2,1,0
63,M,2,115,1,1
84,M,2,294,0,1
87,F,2,351,3,1
39,M,1,0,0,0
41,M,0,6,0,0
62,M,2,112,0,1
46,M,1,3,0,0
70,F,1,197,1,1
32,F,1,4,1,0
30,F,0,4,0,0
21,F,1,1,0,0
51,F,2,13,2,1
33,M,2,3,0,0
39,M,0,4,0,0
83,F,3,318,0,1
76,M,5,194,1,1
78,M,2,282,1,1
60,M,3,94,1,1
26,F,3,1,0,0
71,M,5,181,1,1
61,M,0,100,1,1
83,F,2,316,0,1
52,F,1,15,0,1
30,M,1,4,0,0
60,F,3,97,1,1
50,M,5,5,1,1
65,M,1,132,0,1
45,M,1,4,0,0
40,M,1,5,0,0
27,M,0,5,0,0
87,M,0,335,1,1
72,M,2,192,2,1
51,F,2,12,0,1
34,F,0,6,0,0
63,F,0,120,1,1
47,M,1,5,0,0
63,M,3,112,0,1
24,M,5,2,0,0
31,M,0,5,0,0
70,M,3,185,0,1
22,F,2,4,0,0
66,F,0,156,0,1
47,M,3,3,1,0
18,M,2,1,0,0
73,F,3,186,0,1
68,M,0,154,1,1
76,M,2,247,1,1
82,M,0,296,0,1
70,F,1,190,1,1
78,F,3,267,0,1
26,F,2,6,0,0
84,M,2,310,0,1
83,F,1,284,0,1
67,F,0,151,2,1
75,M,3,272,0,1
71,F,3,188,0,1
81,F,0,282,2,1
82,F,2,285,1,1
55,M,4,52,1,1
76,M,0,213,0,1
83,M,2,326,1,1
39,F,1,4,1,0
21,M,2,3,1,0
30,M,0,5,0,0
20,F,3,2,0,0
49,F,4,3,0,0
19,F,4,2,0,0
36,M,4,4,2,0
36,M,1,1,1,0
68,M,1,150,1,1
35,F,2,3,0,0
86,F,0,315,0,1
31,M,2,4,0,0
87,M,2,333,0,1
58,M,0,57,1,1
35,F,3,2,1,0
20,M,2,4,1,0
40,M,2,1,1,0
60,M,1,101,2,1
25,M,3,5,1,0
29,F,2,5,0,0
26,F,2,2,0,0
66,F,0,160,0,1
24,M,4,5,0,0
19,F,1,1,0,0
50,M,2,4,1,1
40,F,1,2,1,0
59,M,1,88,1,1
85,F,1,295,0,1
79,M,4,265,0,1
56,M,1,68,0,1
64,M,6,141,0,1
76,F,1,267,2,1
49,M,1,1,0,0
65,M,0,142,1,1
33,F,1,6,1,0
61,M,1,99,1,1
35,M,2,6,0,0
31,M,3,3,1,0
72,M,1,189,2,1
59,M,1,81,0,1
45,M,2,2,2,0
20,M,3,5,0,0
35,F,1,3,0,0
75,M,1,261,2,1
51,F,1,11,1,1
87,M,1,377,1,1
82,M,4,280,3,1
79,F,5,263,1,1
19,F,0,3,2,0
21,M,1,1,0,0
59,F,1,76,0,1
42,M,1,3,0,0
78,F,2,252,0,1
40,F,2,1,1,0
29,M,3,6,0,0
26,M,0,1,0,0
39,M,1,4,0,0
63,F,0,124,0,1
27,F,3,6,2,0
75,F,2,250,1,1
39,F,1,0,0,0
40,F,2,2,0,0
65,F,0,134,0,1
80,M,1,261,1,1
49,F,0,5,2,0
75,M,1,205,0,1
39,F,0,2,0,0
27,F,2,3,1,0
77,F,0,232,1,1
73,M,3,218,1,1
72,F,0,207,1,1
81,M,1,291,0,1
53,F,3,31,0,1
32,F,2,2,0,0
60,M,1,101,1,1
59,M,0,85,0,1
45,M,0,1,0,0
63,M,1,119,1,1
36,M,2,11,1,0
61,F,1,119,0,1
75,M,2,217,0,1
24,M,0,6,1,0
50,M,2,1,0,1
65,F,1,149,0,1
21,F,1,0,0,0
63,M,0,126,0,1
83,F,2,309,1,1
77,F,1,239,0,1
67,M,2,151,1,1
75,M,0,208,1,1
44,M,4,5,1,0
41,M,2,2,1,0
24,M,2,6,0,0
69,F,1,198,1,1
40,M,1,4,1,0
80,F,1,291,0,1
51,F,2,10,0,1
82,M,0,312,0,1
27,M,2,4,0,0
29,M,3,4,1,0
42,F,2,3,0,0
19,F,3,3,1,0
53,M,1,21,0,1
64,F,0,129,0,1
65,M,2,123,1,1
33,M,3,1,0,0
29,F,1,6,0,0
58,M,3,61,0,1
63,M,1,123,2,1
86,F,0,318,1,1
82,F,3,316,0,1
45,M,0,2,1,0
29,M,1,1,0,0
36,F,3,3,1,0
81,F,2,251,0,1
50,M,3,4,2,1
89,F,1,334,0,1
65,F,0,132,1,1
60,M,0,103,0,1
25,M,0,3,3,0
60,M,2,96,0,1
45,F,1,2,0,0
78,F,2,262,0,1
27,M,3,6,0,0
31,M,7,0,0,0
65,F,0,141,0,1
66,M,1,155,1,1
77,F,1,251,0,1
55,F,2,53,0,1
45,F,2,4,0,0
40,M,1,6,1,0
44,M,3,5,0,0
65,M,0,127,0,1
56,F,2,58,1,1
39,M,2,4,1,0
33,M,3,8,0,0
69,M,0,176,0,1
35,M,3,5,0,0
33,F,0,2,0,0
41,M,2,4,1,0
79,M,3,243,0,1
50,F,0,2,0,0
60,M,1,86,0,1
23,F,3,4,1,0
42,F,1,0,1,0
72,F,1,203,1,1
73,M,1,221,0,1
59,F,3,78,0,1
81,F,3,304,0,1
39,M,1,0,0,0
29,F,0,3,1,0
23,F,0,6,0,0
32,M,2,3,0,0
72,M,1,193,1,1
83,M,2,296,0,1
27,F,4,2,1,0
54,M,4,40,0,1
27,F,3,6,1,0
78,M,2,276,0,1
27,F,0,1,0,0
64,M,2,138,0,1
23,M,0,4,0,0
71,M,1,198,1,1
83,M,2,284,0,1
70,M,2,197,0,1
37,F,4,2,1,0
78,F,2,256,1,1
40,F,1,3,0,0
72,M,2,185,1,1
77,F,1,232,1,1
52,M,2,35,0,1
62,F,0,133,0,1
79,M,1,261,3,1
31,M,2,2,0,0
19,F,1,1,1,0
49,M,2,1,1,0
31,F,2,6,0,0
81,M,0,265,0,1
80,F,0,264,0,1
45,M,0,3,1,0
40,F,0,3,1,0
69,F,1,172,1,1
50,M,2,4,0,0
24,F,4,1,0,0
65,F,0,137,1,1
70,F,0,195,0,1
23,M,5,5,0,0
73,F,3,238,1,1
56,M,3,78,0,1
77,M,0,258,2,1
79,F,1,251,0,1
66,M,2,142,1,1
42,F,0,5,1,0
44,M,3,2,0,0
70,F,1,145,1,1
22,M,3,3,0,0
34,M,1,2,1,0
55,F,1,37,0,1
85,M,1,330,0,1
72,M,1,203,1,1
76,F,1,231,1,1
31,M,3,4,1,0
38,F,2,3,0,0
37,M,2,3,0,0
71,M,1,194,0,1
56,F,2,57,1,1
33,F,1,5,0,0
71,F,1,195,2,1
63,M,0,118,0,1
82,F,1,302,0,1
58,M,0,83,0,1
27,M,4,2,0,0
81,F,1,265,0,1
31,M,1,4,1,0
21,F,2,1,0,0
75,F,0,200,0,1
50,F,0,3,0,0
64,M,2,141,0,1
27,M,1,3,1,0
69,F,2,191,1,1
47,F,2,4,0,0
89,M,0,317,0,1
63,F,5,124,1,1
85,M,2,317,0,1
75,F,1,209,1,1
78,F,1,256,0,1
24,M,1,6,0,0
73,M,5,205,3,1
61,F,3,88,3,1
46,F,1,8,0,0
40,M,2,5,0,0
64,F,1,96,0,1
32,F,1,1,0,0
31,F,3,5,0,0
80,M,0,291,1,1
72,M,1,208,0,1
60,F,4,98,0,1
72,M,2,201,1,1
41,F,1,1,0,0
69,F,0,183,0,1
32,F,1,4,1,0
50,M,1,4,1,1
28,F,2,1,0,0
45,F,1,3,0,0
42,F,1,1,1,0
48,M,3,4,1,0
52,M,0,30,0,1
20,M,0,2,0,0
42,F,3,7,2,0
78,M,1,277,1,1
49,F,2,2,1,0
57,F,1,57,0,1
25,F,1,5,1,0
45,M,3,1,1,0
87,M,0,376,0,1
57,F,0,52,1,1
19,M,4,2,1,0
69,M,1,151,0,1
73,F,2,214,1,1
45,M,1,2,0,0
20,F,1,6,1,0
77,M,4,218,1,1
36,M,2,5,0,0
84,M,2,337,1,1
44,F,0,5,0,0
45,F,0,2,0,0
75,F,1,240,2,1
27,F,1,2,1,0
20,M,1,2,1,0
72,M,4,214,0,1
84,F,3,306,0,1
89,M,1,354,0,1
27,F,4,5,0,0
28,M,2,1,0,0
42,M,0,2,0,0
69,F,4,144,0,1
83,F,0,303,0,1
77,M,2,274,2,1
44,M,5,4,1,0
84,M,2,303,1,1
36,M,5,3,0,0
26,M,1,1,0,0
49,F,2,1,1,0
24,M,2,0,1,0
66,M,2,144,0,1
89,M,2,344,0,1
25,M,1,4,0,0
26,M,3,7,0,0
30,M,2,1,1,0
30,F,2,3,0,0
56,F,3,72,1,1
59,M,1,81,0,1
86,F,1,341,0,1
50,F,1,7,1,1
84,M,1,293,0,1
72,F,0,219,0,1
79,F,0,264,1,1
31,M,2,2,0,0
50,M,1,5,0,0
83,M,4,290,1,1
72,M,1,203,0,1
33,F,0,2,1,0
78,F,2,272,2,1
73,M,2,223,1,1
28,M,1,0,0,0
22,M,0,3,1,0
36,M,3,4,1,0
52,F,1,17,0,1
29,F,1,6,0,0
20,F,1,2,2,0
25,M,1,8,3,0
40,F,4,1,0,0
46,M,2,5,1,0
40,F,0,2,0,0
50,M,2,3,0,0
69,F,1,187,0,1
35,M,2,3,1,0
50,M,2,4,0,0
70,M,2,193,4,1
22,M,0,3,1,0
85,F,2,313,0,1
89,F,0,388,2,1
38,M,0,3,0,0
81,F,2,292,0,1
36,F,1,3,0,0
83,M,2,321,0,1
65,M,1,132,1,1
35,F,1,2,0,0
22,M,2,4,0,0
46,F,0,2,1,0
71,F,3,186,1,1
34,F,1,6,1,0
55,F,2,35,1,1
26,M,2,4,1,0
48,F,2,2,0,0
20,M,1,1,1,0
89,M,1,360,4,1
54,M,1,44,0,1
78,F,1,268,1,1
26,M,0,5,0,0
30,F,2,2,0,0
30,F,3,1,1,0
58,F,2,75,1,1
79,F,1,250,0,1
61,M,1,108,0,1
52,F,1,24,0,1
85,F,2,320,0,1
31,M,1,5,0,0
29,F,4,7,1,0
66,M,0,141,0,1
79,M,1,242,1,1
37,M,2,0,0,0
36,F,2,6,1,0
55,M,4,47,3,1
74,F,1,222,0,1
38,F,3,6,0,0
77,M,0,271,1,1
55,F,2,47,1,1
68,F,2,161,0,1
63,F,3,114,0,1
52,F,3,20,0,1
56,F,2,65,0,1
89,F,0,331,1,1
46,F,1,3,1,0
86,F,2,332,1,1
74,M,1,210,2,1
31,M,2,3,0,0
80,M,1,260,1,1
45,M,0,3,1,0
30,F,1,5,0,0
36,F,3,1,0,0
27,F,6,4,1,0
42,F,3,3,2,0
26,F,2,4,1,0
57,M,3,59,0,1
88,F,1,305,1,1
87,F,1,355,2,1
85,M,3,350,1,1
35,F,3,1,1,0
34,F,1,4,0,0
66,F,1,134,1,1
87,M,2,337,0,1
77,M,0,237,0,1
32,F,0,1,1,0
71,F,1,182,1,1
54,M,7,34,1,1
49,M,0,5,1,0
53,M,0,26,1,1
57,F,3,65,0,1
83,F,2,280,0,1
75,F,1,236,0,1
20,F,2,4,1,0
72,M,3,224,0,1
40,F,2,4,0,0
42,M,2,1,0,0
61,F,0,100,1,1
88,M,2,334,1,1
22,M,2,1,1,0
54,F,1,32,0,1
35,F,1,3,0,0
83,M,1,312,0,1
51,F,2,12,0,1
79,M,1,252,1,1
81,F,3,311,1,1
25,M,1,1,0,0
72,M,3,207,0,1
74,F,3,205,2,1
77,M,4,245,1,1
89,F,3,375,1,1
72,M,1,169,0,1
78,M,1,267,3,1
68,F,1,191,1,1
39,M,1,4,1,0
79,F,5,281,0,1
68,M,1,165,0,1
67,F,2,148,1,1
88,M,0,371,0,1
70,F,1,196,1,1
42,M,3,1,0,0
39,F,1,2,1,0
41,F,1,1,0,0
30,M,2,1,1,0
23,F,0,2,0,0
72,M,2,201,0,1
74,F,0,242,0,1
29,M,0,4,0,0
46,M,3,2,1,0
84,F,1,325,0,1
78,M,1,226,1,1
60,F,1,98,0,1
87,M,1,347,2,1
41,M,3,6,1,0
78,F,2,239,0,1
85,F,2,299,2,1
60,F,3,77,1,1
29,F,3,1,1,0
39,F,2,1,1,0
55,M,1,54,0,1
38,M,1,4,0,0
24,F,2,4,0,0
30,M,1,1,2,0
87,M,1,308,1,1
45,F,0,3,0,0
59,F,1,81,1,1
49,M,1,2,0,0
75,M,1,233,0,1
25,M,1,3,0,0
38,M,2,3,1,0
60,M,2,104,2,1
75,F,2,226,1,1
51,F,0,15,0,1
68,F,2,180,1,1
75,F,1,248,0,1
64,M,0,125,1,1
76,M,2,238,0,1
86,F,1,289,1,1
33,F,1,3,1,0
49,F,2,4,0,0
34,M,0,0,1,0
47,M,1,0,0,0
18,F,1,1,0,0
67,F,1,171,1,1
34,F,0,6,0,0
78,F,0,266,0,1
69,F,0,161,1,1
42,M,2,1,2,0
50,M,0,3,0,0
66,M,0,186,0,1
48,M,1,2,0,0
33,M,2,1,0,0
21,F,2,4,0,0
57,F,0,67,1,1
56,F,0,49,1,1
73,M,3,204,0,1
27,M,2,6,0,0
22,M,2,4,0,0
71,F,4,188,1,1
70,F,2,203,1,1
75,M,1,241,1,1
19,F,3,1,1,0
65,F,0,157,0,1
87,M,1,322,2,1
72,M,1,198,0,1
51,M,1,9,1,1
52,M,6,20,0,1
47,M,1,4,2,0
21,F,1,2,0,0
69,F,1,156,1,1
56,M,3,54,1,1
55,F,2,51,1,1
85,F,0,340,0,1
70,M,2,160,1,1
87,M,1,327,0,1
24,F,0,1,0,0
86,M,0,317,0,1
58,F,4,64,2,1
46,M,0,4,2,0
58,F,2,67,0,1
20,F,1,1,0,0
85,M,4,340,2,1
63,M,1,121,1,1
20,F,1,5,0,0
83,F,1,308,0,1
50,F,0,3,0,0
26,F,0,4,1,0
63,M,5,112,1,1
22,F,2,1,0,0
57,F,3,70,0,1
72,M,2,208,1,1
23,F,4,2,0,0
74,F,2,222,0,1
60,F,0,100,0,1
41,F,0,1,0,0
33,M,2,5,0,0
18,M,1,3,2,0
32,M,2,4,2,0
38,M,2,2,1,0
81,M,2,262,1,1
54,M,2,55,1,1
32,F,1,2,2,0
71,M,2,193,2,1
50,M,0,4,0,0
78,F,1,258,0,1
72,M,2,194,0,1
85,M,1,335,0,1
68,M,1,166,3,1
25,F,2,2,1,0
57,F,3,66,0,1
48,M,1,2,0,0
76,F,2,263,0,1
29,M,3,0,0,0
51,M,0,9,1,1
77,M,1,241,1,1
62,F,3,122,0,1
20,M,3,6,1,0
76,M,0,249,1,1
44,F,1,3,0,0
66,M,0,154,0,1
65,F,2,116,1,1
64,M,0,116,1,1
48,F,5,4,1,0
47,M,1,3,1,0
25,M,6,3,2,0
58,F,1,67,3,1
38,F,4,5,1,0
46,F,1,1,1,0
30,F,2,1,1,0
71,F,2,201,0,1
84,F,0,326,1,1
45,F,3,8,0,0
48,F,0,2,0,0
51,M,0,8,0,1
23,F,3,2,0,0
72,F,0,200,0,1
81,M,0,281,0,1
54,M,2,30,0,1
22,F,1,5,2,0
42,F,1,2,1,0
29,F,1,1,0,0
77,M,0,239,2,1
75,M,1,233,0,1
45,M,1,2,1,0
45,F,0,6,0,0
78,F,1,249,0,1
24,F,1,2,0,0
74,F,1,242,0,1
87,M,3,362,0,1
50,F,2,5,1,1
72,F,0,167,0,1
69,M,0,185,1,1
82,F,1,311,0,1
20,M,3,6,1,0
68,M,1,161,0,1
46,M,1,2,1,0
79,F,0,247,0,1
79,F,1,261,1,1
38,M,0,1,0,0
59,M,4,80,2,1
53,M,3,30,1,1
58,M,1,90,2,1
77,F,1,248,0,1
65,F,0,131,0,1
72,F,2,175,1,1
66,F,2,154,1,1
36,F,2,3,0,0
60,M,1,86,0,1
45,F,3,4,0,0
48,M,1,4,0,0
26,F,1,1,1,0
31,F,2,0,0,0
42,M,2,3,0,0
39,M,2,1,1,0
63,F,0,115,0,1
39,M,0,4,0,0
35,F,2,0,0,0
49,M,0,0,0,0
58,F,2,81,0,1
89,F,3,348,1,1
54,M,3,40,1,1
43,M,2,1,1,0
41,M,1,4,0,0
50,F,1,2,0,0
84,F,2,316,0,1
44,F,1,3,1,0
35,F,3,6,0,0
59,M,2,107,0,1
73,M,1,194,0,1
86,F,2,320,0,1
38,M,1,3,0,0
82,M,3,291,1,1
79,M,1,249,0,1
45,M,2,4,0,0
42,F,2,2,0,0
37,M,1,6,0,0
40,M,1,5,1,0
81,M,1,296,1,1
40,F,2,2,1,0
53,M,0,38,0,1
85,M,1,304,0,1
67,M,1,138,2,1
27,F,2,4,0,0
23,M,3,4,0,0
34,M,2,1,1,0
80,F,3,276,0,1
34,M,0,4,0,0
40,F,0,3,0,0
56,F,1,41,0,1
53,F,0,24,0,1
23,M,3,3,0,0
32,M,2,3,0,0
89,M,2,348,1,1
48,F,2,5,2,0
38,F,0,0,2,0
77,M,0,262,1,1
51,F,0,20,0,1
77,F,2,248,0,1
29,F,2,2,3,0
52,F,3,20,0,1
76,M,2,229,2,1
73,M,1,219,0,1
66,M,0,139,2,1
50,F,2,1,1,0
77,F,0,253,1,1
44,M,1,2,1,0
65,M,1,130,0,1
57,F,3,53,0,1
39,M,0,2,0,0
32,F,1,2,1,0
56,M,3,54,1,1
40,M,1,3,1,0
55,M,0,54,1,1
68,M,3,164,1,1
75,M,1,238,0,1
73,F,3,197,1,1
54,M,0,39,0,1
22,M,1,3,0,0
30,F,5,3,1,0
70,M,0,192,0,1
60,M,1,101,2,1
76,F,2,257,0,1
53,M,0,22,2,1
50,F,4,6,0,0
35,F,4,2,1,0
22,M,2,6,0,0
28,F,1,1,0,0
67,M,1,163,0,1
59,M,3,88,2,1
35,M,1,3,0,0
44,F,2,7,0,0
64,M,1,131,2,1
45,M,0,6,0,0
45,M,4,6,0,0
37,F,0,2,1,0
63,F,4,140,0,1
82,M,1,282,0,1
36,M,2,3,2,0
38,M,0,2,1,0
52,F,3,24,1,1
31,M,0,3,0,0
55,F,2,55,2,1
81,M,3,265,1,1
63,F,3,138,1,1
29,F,3,1,0,0
32,F,2,4,1,0
23,M,0,2,1,0
87,F,1,337,0,1
42,F,2,1,0,0
38,F,0,3,0,0
79,M,2,276,0,1
40,M,1,3,0,0
34,M,1,3,1,0
36,M,2,1,0,0
46,M,2,1,1,0
22,M,0,6,0,0
64,F,3,131,2,1
48,M,1,1,1,0
87,M,1,328,1,1
73,F,2,199,0,1
45,M,3,4,0,0
69,F,2,168,1,1
76,M,1,219,0,1
32,M,1,3,0,0
29,M,1,2,0,0
27,M,1,4,1,0
21,F,1,3,0,0
41,F,2,5,0,0
75,F,3,215,0,1
73,F,3,246,0,1
45,F,0,3,0,0
53,F,3,29,0,1
73,M,4,206,1,1
84,M,2,312,1,1
38,M,3,4,0,0
65,F,0,146,0,1
60,F,2,111,0,1
62,F,1,112,0,1
75,M,0,225,0,1
73,M,1,212,1,1
46,F,2,1,2,0
72,M,0,191,1,1
21,M,3,3,2,0
42,M,0,2,0,0
33,M,0,5,0,0
36,F,2,3,1,0
82,M,1,255,0,1
49,F,1,2,0,0
23,F,3,1,0,0
53,M,2,19,1,1
22,M,2,5,1,0
28,F,0,2,0,0
45,M,3,4,2,0
49,M,4,3,2,0
34,M,6,2,0,0
64,F,1,128,0,1
53,M,1,40,0,1
27,F,1,3,0,0
77,M,0,262,1,1
27,M,2,2,0,0
43,F,1,3,0,0
30,F,0,1,0,0
85,M,0,322,3,1
38,F,2,0,1,0
80,M,0,235,0,1
87,F,0,341,0,1
33,F,0,4,2,0
19,M,2,0,2,0
18,M,0,3,1,0
31,F,2,2,1,0
46,F,2,8,0,0
29,F,1,3,1,0
86,M,0,316,0,1
52,M,3,25,0,1
79,F,1,264,0,1
19,M,2,5,0,0
27,M,2,0,0,0
50,F,3,3,2,1
29,F,5,1,1,0
29,F,0,0,1,0
19,M,4,4,0,0
37,M,1,1,0,0
72,M,2,207,0,1
75,F,1,237,0,1
54,F,3,47,1,1
31,F,0,3,1,0
50,M,2,1,0,0
62,F,2,111,0,1
28,F,0,3,1,0
47,F,0,3,0,0
77,M,4,245,0,1
48,M,3,2,1,0
51,F,2,12,0,1
76,M,4,237,1,1
66,F,2,153,0,1
29,F,1,4,0,0
61,F,2,99,1,1
84,M,2,300,0,1
33,F,2,1,0,0
82,F,4,317,3,1
60,F,0,89,1,1
66,M,0,135,0,1
41,F,2,3,1,0
21,M,1,1,0,0
19,M,3,2,2,0
65,F,2,121,0,1
88,F,2,367,0,1
61,M,3,122,0,1
43,M,1,2,0,0
73,F,1,216,0,1
86,F,1,317,1,1
33,F,0,5,0,0
25,M,1,6,2,0
86,M,3,337,3,1
21,F,3,2,2,0
81,F,1,303,0,1
28,M,1,5,1,0
26,F,4,5,0,0
37,F,1,1,0,0
40,F,2,3,3,0
41,F,1,1,0,0
20,M,1,2,1,0
79,M,2,288,0,1
77,F,4,266,1,1
66,M,1,148,0,1
83,M,0,309,0,1
85,M,3,317,1,1
89,F,0,358,1,1
45,M,2,4,1,0
62,M,2,95,0,1
72,F,1,199,0,1
65,F,4,133,1,1
74,M,3,206,3,1
66,F,1,155,0,1
45,F,2,4,0,0
59,F,0,72,2,1
32,M,2,1,0,0
86,M,0,331,1,1
82,M,1,291,0,1
61,F,2,100,1,1
73,M,1,224,0,1
42,F,0,3,0,0
45,M,1,6,0,0
54,M,1,38,1,1
37,F,1,4,0,0
19,F,3,3,0,0
46,F,5,7,1,0
70,F,1,177,2,1
36,F,5,1,1,0
67,F,0,161,1,1
61,F,1,110,3,1
48,M,1,1,1,0
70,M,4,176,0,1
79,M,1,274,1,1
86,M,3,329,1,1
72,F,0,212,0,1
24,M,1,6,0,0
42,M,1,2,2,0
56,F,0,53,0,1
23,F,5,8,1,0
48,M,2,2,1,0
27,M,0,2,0,0
57,M,1,57,0,1
31,F,2,3,2,0
37,M,2,3,0,0
39,M,3,1,1,0
88,F,3,354,0,1
50,F,2,6,1,1
58,F,3,70,0,1
84,F,0,258,1,1
18,F,0,4,0,0
38,M,3,3,0,0
48,F,2,1,0,0
82,F,3,294,1,1
70,M,1,192,0,1
66,F,3,125,0,1
45,F,2,2,2,0
79,F,1,265,2,1
31,F,1,3,1,0
47,M,1,1,0,0
43,F,2,3,0,0
18,M,1,3,0,0
24,M,1,7,0,0
74,M,0,218,0,1
85,M,0,280,1,1
35,F,1,4,0,0
23,F,2,4,0,0
28,F,2,2,0,0
22,M,1,3,1,0
75,M,4,238,0,1
21,F,1,4,1,0
67,F,2,146,0,1
75,M,2,245,0,1
33,F,0,2,0,0
34,M,1,6,1,0
37,M,0,5,0,0
72,M,1,206,0,1
85,F,2,308,0,1
72,M,1,206,0,1
37,M,2,5,0,0
69,M,6,188,0,1
68,F,4,175,2,1
48,F,0,2,1,0
27,M,2,2,1,0
40,M,3,4,0,0
76,F,0,243,0,1
55,F,1,41,1,1
26,M,0,4,0,0
83,F,3,285,2,1
55,M,0,42,1,1
43,F,0,0,1,0
20,M,2,3,1,0
59,M,3,77,1,1
57,M,2,82,0,1
28,F,0,0,0,0
78,F,0,243,0,1
54,F,3,38,1,1
24,F,1,2,0,0
32,F,1,6,0,0
37,M,0,5,0,0
71,M,2,195,0,1
73,F,2,212,0,1
77,F,2,261,1,1
61,M,0,94,0,1
83,M,1,306,0,1
40,M,0,3,1,0
59,M,0,74,3,1
63,F,3,132,0,1
44,M,3,2,1,0
50,F,2,6,1,0
68,F,1,160,0,1
80,F,1,280,0,1
84,M,0,292,1,1
39,F,1,5,0,0
69,F,2,177,0,1
72,F,0,192,0,1
85,M,2,339,0,1
63,F,1,122,1,1
32,M,0,2,2,0
71,M,1,203,1,1
30,F,3,4,0,0
45,M,0,3,1,0
53,M,4,32,0,1
70,F,1,174,1,1
30,F,1,3,0,0
68,F,2,193,0,1
28,M,1,9,1,0
45,F,0,3,0,0
26,M,2,4,3,0
19,F,1,5,1,0
41,M,1,3,2,0
87,F,2,326,1,1
58,M,2,74,0,1
69,F,0,181,0,1
34,F,1,4,1,0
32,M,2,5,0,0
83,F,3,330,2,1
70,M,2,178,0,1
53,F,0,24,1,1
38,M,0,2,1,0
80,F,2,260,0,1
51,M,1,14,0,1
21,F,0,0,1,0
79,M,5,268,0,1
48,M,2,7,2,0
50,M,3,1,0,0
45,F,3,3,2,0
38,F,0,1,0,0
61,M,2,98,3,1
39,F,0,5,0,0
54,F,2,39,0,1
23,F,2,3,1,0
78,F,1,244,2,1
33,F,0,2,0,0
61,M,3,103,1,1
37,M,1,2,0,0
31,F,0,3,1,0
30,M,1,1,0,0
68,F,2,171,0,1
22,F,2,5,0,0
75,M,4,194,1,1
51,M,2,11,0,1
50,M,0,5,0,0
33,F,1,2,1,0
43,F,2,5,1,0
71,M,3,190,1,1
82,M,2,287,0,1
84,M,2,331,0,1
62,F,1,107,1,1
37,F,0,2,0,0
23,M,3,1,0,0
59,M,2,94,0,1
57,F,1,59,2,1
54,M,6,43,1,1
55,F,2,47,0,1
23,M,2,2,0,0
46,F,2,2,1,0
26,F,1,0,1,0
79,F,1,261,0,1
81,M,2,274,0,1
77,F,1,248,1,1
52,F,0,19,1,1
75,F,2,231,0,1
75,F,1,246,1,1
43,M,1,6,0,0
22,F,4,4,2,0
78,F,2,252,0,1
60,M,1,91,0,1
50,F,1,1,0,0
80,F,0,271,0,1
86,F,2,329,1,1
80,F,3,263,0,1
18,F,6,4,2,0
18,M,4,4,2,0
53,F,1,30,1,1
55,F,1,51,0,1
34,F,0,3,2,0
44,M,0,2,0,0
58,M,1,71,0,1
72,M,3,218,0,1
72,F,1,207,0,1
23,M,3,3,0,0
45,M,0,3,1,0
37,F,1,6,2,0
38,F,0,3,0,0
76,M,3,227,0,1
48,F,2,1,0,0
51,F,1,14,0,1
88,M,2,326,0,1
50,F,2,1,0,0
72,M,1,188,0,1
87,M,0,311,1,1
88,M,3,382,0,1
41,F,1,5,1,0
47,F,1,3,0,0
21,M,0,4,1,0
71,F,2,191,1,1
46,M,1,6,0,0
18,F,3,4,1,0
29,M,1,4,0,0
30,F,0,2,2,0
23,F,0,3,0,0
23,F,2,3,1,0
58,F,0,65,0,1
34,F,0,2,0,0
86,F,2,347,0,1
59,M,0,79,1,1
59,M,0,79,0,1
55,M,0,45,0,1
64,F,4,137,0,1
74,M,1,215,0,1
41,M,1,3,1,0
62,F,0,103,1,1
59,F,1,83,3,1
67,M,2,145,0,1
72,F,1,191,0,1
73,F,1,203,0,1
60,F,3,82,0,1
23,F,0,4,0,0
75,F,1,223,1,1
87,M,2,334,1,1
57,F,1,74,0,1
49,M,0,2,0,0
32,M,1,2,0,0
51,M,1,20,0,1
59,F,1,86,2,1
73,F,1,237,0,1
53,M,0,32,0,1
31,F,1,3,0,0
29,M,0,5,1,0
56,F,1,53,1,1
62,F,1,110,0,1
81,F,1,284,0,1
76,F,1,224,0,1
59,F,0,90,0,1
27,F,2,1,0,0
77,F,3,239,0,1
57,M,0,60,1,1
78,F,1,262,0,1
70,F,2,188,1,1
40,F,1,2,0,0
47,M,2,5,0,0
47,M,4,6,2,0
37,F,1,5,0,0
73,M,3,211,0,1
44,F,1,3,0,0
68,M,0,161,1,1
57,M,0,64,1,1
47,F,2,0,1,0
67,M,3,135,0,1
30,F,3,3,0,0
58,F,4,72,0,1
28,F,2,2,0,0
25,F,3,5,0,0
77,F,0,263,1,1
76,F,1,241,0,1
66,F,1,162,0,1
84,F,0,314,1,1
61,M,2,88,0,1
25,M,1,3,0,0
45,M,1,3,1,0
35,M,2,1,1,0
69,F,5,179,1,1
30,M,1,0,0,0
61,M,1,109,0,1
79,M,1,258,2,1
31,F,2,2,0,0
83,M,3,291,1,1
68,F,3,164,0,1
21,M,1,4,0,0
56,F,0,69,0,1
41,F,2,3,0,0
68,M,1,163,0,1
31,M,0,3,1,0
53,F,2,31,0,1
51,F,0,11,1,1
53,M,0,31,1,1
84,F,2,287,1,1
85,M,2,344,0,1
23,F,2,9,1,0
74,F,2,232,2,1
30,M,2,3,1,0
29,M,5,3,0,0
53,M,1,39,0,1
88,F,1,334,1,1
55,F,1,66,0,1
60,F,0,97,1,1
71,M,2,208,0,1
52,F,1,20,0,1
49,M,2,2,1,0
68,M,2,165,1,1
28,M,1,8,1,0
81,M,2,278,0,1
43,F,3,3,1,0
60,M,3,88,1,1
88,F,3,346,0,1
72,M,2,190,1,1
72,M,3,197,0,1
76,F,1,236,0,1
26,F,1,4,0,0
49,F,1,1,0,0
76,F,1,229,0,1
36,M,4,3,3,0
40,M,0,4,1,0
81,M,1,281,1,1
74,F,3,217,0,1
36,M,3,5,1,0
18,F,1,2,2,0
52,F,2,24,0,1
80,F,2,266,1,1
57,M,1,65,1,1
29,F,3,1,1,0
52,M,1,26,0,1
50,F,0,0,0,0
61,F,0,101,0,1
65,M,2,137,1,1
35,F,0,1,1,0
54,F,2,45,0,1
53,M,0,25,2,1
29,M,1,3,0,0
53,F,1,26,0,1
28,F,2,3,1,0
32,M,2,3,1,0
38,F,3,2,0,0
87,M,0,331,1,1
21,M,2,4,0,0
79,F,1,251,0,1
33,F,0,2,0,0
86,M,1,358,0,1
27,F,0,7,0,0
61,M,3,115,1,1
51,F,1,12,1,1
34,M,1,0,3,0
43,M,2,6,1,0
47,F,1,0,1,0
60,M,1,105,0,1
70,F,0,178,0,1
38,F,2,6,0,0
45,M,1,8,0,0
20,M,1,5,1,0
36,F,3,1,1,0
41,F,0,6,1,0
76,F,0,234,2,1
72,M,1,194,2,1
73,M,1,196,1,1
36,F,1,1,0,0
33,F,1,0,0,0
47,M,1,3,0,0
48,F,3,2,1,0
72,M,1,189,0,1
80,M,2,253,0,1
47,M,0,3,0,0
33,M,2,3,0,0
81,F,1,282,0,1
56,F,2,41,0,1
84,F,2,290,0,1
46,M,1,4,1,0
40,M,1,2,0,0
22,M,1,2,0,0
70,M,0,182,1,1
53,M,2,20,0,1
36,F,2,3,0,0
50,F,3,4,0,0
28,M,0,3,1,0
87,F,0,349,1,1
49,F,0,1,0,0
39,M,2,2,0,0
61,M,2,107,1,1
75,F,3,215,0,1
85,M,0,358,0,1
67,F,3,139,0,1
28,F,3,2,1,0
48,F,2,3,1,0
69,M,2,170,4,1
77,M,1,269,0,1
52,M,0,12,0,1
79,M,1,266,0,1
27,F,1,1,0,0
42,M,1,3,0,0
88,M,1,360,0,1
32,M,3,3,1,0
68,M,4,172,0,1
33,M,3,1,0,0
27,M,2,2,0,0
29,F,0,6,0,0
83,F,2,297,1,1
88,M,0,343,0,1
25,M,4,3,2,0
68,M,2,157,1,1
24,F,0,4,0,0
77,F,2,245,1,1
41,F,0,1,1,0
21,F,3,3,0,0
85,F,1,317,0,1
84,M,1,328,0,1
20,M,1,3,0,0
46,M,3,4,1,0
84,F,1,349,0,1
43,M,3,4,1,0
62,F,3,118,2,1
80,M,3,273,0,1
22,F,1,2,1,0
53,F,2,28,0,1
58,M,0,89,1,1
84,F,1,303,0,1
51,M,1,11,0,1
78,M,2,259,0,1
58,M,1,67,1,1
49,M,4,4,0,0
71,M,1,198,1,1
78,F,1,296,0,1
66,F,0,156,1,1
62,M,0,111,0,1
89,F,2,365,0,1
61,M,1,94,0,1
29,M,2,1,1,0
84,M,2,287,0,1
76,F,1,261,1,1
44,M,2,4,0,0
47,M,1,2,2,0
65,M,2,141,1,1
74,M,1,209,1,1
68,M,0,159,0,1
82,M,3,296,1,1
23,F,5,6,1,0
89,M,1,358,1,1
53,F,2,37,1,1
37,F,0,7,1,0
33,F,1,4,0,0
50,M,2,3,1,0
39,M,0,3,0,0
85,M,4,314,0,1
53,M,2,32,0,1
86,F,2,307,1,1
66,M,1,145,0,1
44,F,1,3,0,0
46,F,4,5,1,0
85,F,2,318,0,1
65,M,2,142,0,1
47,M,0,2,1,0
71,M,3,186,1,1
44,F,2,1,0,0
33,F,2,0,0,0
72,F,1,187,0,1
24,M,3,0,0,0
51,M,3,13,0,1
47,F,0,1,1,0
50,M,5,4,0,0
33,M,1,3,0,0
45,F,2,3,0,0
26,F,3,2,0,0
49,F,2,3,0,0
71,F,0,203,0,1
28,M,1,3,0,0
28,M,3,1,0,0
22,M,0,4,0,0
77,F,2,264,0,1
72,M,0,189,0,1
21,F,0,3,1,0
58,F,2,72,1,1
51,F,1,12,1,1
66,F,4,147,1,1
44,F,3,0,1,0
75,M,2,219,2,1
54,F,6,36,0,1
34,M,2,3,0,0
54,F,1,26,0,1
34,F,1,3,0,0
54,M,0,40,0,1
38,F,1,1,0,0
49,F,2,2,0,0
39,F,1,5,1,0
55,M,1,50,1,1
72,F,0,196,0,1
67,F,1,142,1,1
44,F,2,1,1,0
53,F,0,28,1,1
41,M,1,5,0,0
40,M,3,4,1,0
63,F,4,120,1,1
74,F,2,211,1,1
31,M,3,0,0,0
36,M,1,4,1,0
25,F,2,4,0,0
89,M,1,355,1,1
68,M,0,166,0,1
29,F,2,2,1,0
72,F,1,214,0,1
40,F,3,1,0,0
39,F,2,3,0,0
53,F,1,27,0,1
63,M,2,109,0,1
65,M,1,146,0,1
20,M,3,3,3,0
71,M,2,198,2,1
47,F,1,3,1,0
83,F,1,308,1,1
59,M,4,83,0,1
85,M,2,309,1,1
36,M,3,2,1,0
65,M,1,143,0,1
43,M,1,1,1,0
79,F,0,254,0,1
61,F,0,113,1,1
72,M,0,216,1,1
60,M,1,102,0,1
72,M,1,208,0,1
29,M,1,2,0,0
34,M,0,3,0,0
68,F,2,176,1,1
31,F,4,7,0,0
23,M,1,2,2,0
58,F,3,84,2,1
87,M,0,328,0,1
40,M,2,2,0,0
32,F,5,2,1,0
70,M,2,163,0,1
36,F,3,1,0,0
73,M,2,192,0,1
32,F,1,4,0,0
31,M,1,4,1,0
89,F,1,346,0,1
61,F,3,100,0,1
38,F,3,1,1,0
50,M,3,5,1,1
61,M,5,101,0,1
21,M,3,3,2,0
89,F,2,347,0,1
52,F,0,12,0,1
86,M,2,313,0,1
74,M,2,204,1,1
21,M,2,2,0,0
75,M,0,233,0,1
55,F,1,52,0,1
81,M,2,317,0,1
61,F,1,98,0,1
38,M,2,2,0,0
68,F,0,156,0,1
38,F,1,3,2,0
42,M,2,9,1,0
60,F,2,91,2,1
41,F,1,1,0,0
85,M,2,306,1,1
18,F,1,3,0,0
45,M,0,4,0,0
20,M,0,4,1,0
69,F,1,205,0,1
57,M,0,67,0,1
28,F,1,4,1,0
23,F,3,6,3,0
71,F,1,197,0,1
32,M,1,8,0,0
78,M,3,271,1,1
41,F,1,0,0,0
57,M,0,60,0,1
23,M,2,2,0,0
54,M,0,32,0,1
20,F,3,3,0,0
34,M,1,1,1,0
84,M,3,285,0,1
88,M,4,357,0,1
49,F,2,3,0,0
83,M,2,288,0,1
32,F,0,3,1,0
60,M,3,96,1,1
69,F,0,183,2,1
82,F,1,307,1,1
18,F,3,1,1,0
60,F,1,86,0,1
35,F,1,0,0,0
45,M,1,2,1,0
87,M,0,362,0,1
65,M,1,131,2,1
82,M,0,287,0,1
31,M,1,6,2,0
63,M,2,123,1,1
84,F,2,298,0,1
24,M,0,2,0,0
80,M,0,271,1,1
40,F,1,5,2,0
48,M,1,2,1,0
20,M,1,2,2,0
78,F,2,227,0,1
33,M,2,2,2,0
89,M,1,380,1,1
19,F,1,2,1,0
25,M,1,2,2,0
27,M,3,4,0,0
66,F,1,139,2,1
63,M,1,115,0,1
32,F,1,2,1,0
25,F,2,7,0,0
36,F,1,2,0,0
29,M,0,3,0,0
69,M,1,165,0,1
83,F,2,324,0,1
48,F,2,3,0,0
42,M,0,3,1,0
55,M,1,49,1,1
41,F,3,4,1,0
31,F,1,3,1,0
24,F,1,4,0,0
64,F,0,134,0,1
75,M,3,219,0,1
55,M,1,39,1,1
66,M,2,132,1,1
26,F,1,2,0,0
57,M,2,50,0,1
66,F,2,159,0,1
62,M,4,116,1,1
19,M,2,5,1,0
25,M,6,5,2,0
88,M,2,339,0,1
36,F,1,3,1,0
34,M,2,3,0,0
60,F,1,84,1,1
70,F,2,183,0,1
86,M,2,330,0,1
71,F,1,185,1,1
76,F,0,232,0,1
84,M,4,275,1,1
64,M,1,133,0,1
61,F,1,117,0,1
55,M,0,44,0,1
32,F,1,2,0,0
19,M,0,3,0,0
26,F,1,1,0,0
82,M,1,275,1,1
40,M,1,3,2,0
22,M,2,2,0,0
28,F,1,5,1,0
27,F,1,1,0,0
45,F,3,3,0,0
67,F,3,136,1,1
76,M,1,262,1,1
76,M,0,236,0,1
87,F,2,340,0,1
74,F,0,225,0,1
37,M,1,2,1,0
50,M,2,2,1,1
64,F,1,110,0,1
30,M,0,5,0,0
67,F,2,177,0,1
20,M,2,6,1,0
34,M,0,4,0,0
79,M,2,277,0,1
40,F,1,2,1,0
88,F,0,339,0,1
78,F,1,271,1,1
35,F,1,2,0,0
84,M,1,306,0,1
80,M,1,259,0,1
88,M,2,351,0,1
46,F,0,0,0,0
83,M,0,308,0,1
40,M,2,6,1,0
43,M,0,3,2,0
54,M,3,35,0,1
44,M,4,3,0,0
18,M,1,0,0,0
69,M,1,184,2,1
49,F,1,1,0,0
76,M,3,225,0,1
32,M,2,1,0,0
34,M,1,3,0,0
69,M,0,174,1,1
68,M,1,158,2,1
54,M,1,33,0,1
61,M,2,108,1,1
80,F,2,275,0,1
81,M,2,285,2,1
82,F,1,329,0,1
89,F,1,359,0,1
40,M,0,3,1,0
75,F,2,217,0,1
38,F,0,3,0,0
80,F,0,270,1,1
85,M,1,312,1,1
49,M,4,4,0,0
54,M,0,32,0,1
26,F,2,6,1,0
24,F,2,3,0,0
32,M,1,4,0,0
21,F,2,2,1,0
46,M,2,3,0,0
89,F,1,347,2,1
68,M,2,167,0,1
59,F,2,90,0,1
70,F,2,222,0,1
21,M,2,3,0,0
65,F,1,161,0,1
54,M,0,39,0,1
26,M,2,6,2,0
54,M,0,43,0,1
65,F,1,141,0,1
49,F,0,3,2,0
84,F,1,323,0,1
86,F,1,298,0,1
44,F,1,4,1,0
86,F,2,311,0,1
35,F,4,3,0,0
26,F,3,3,2,0
64,F,4,127,0,1
28,F,0,2,0,0
41,F,2,2,0,0
47,F,3,1,2,0
67,F,3,138,0,1
78,M,1,274,0,1
82,M,1,286,0,1
62,F,1,118,0,1
87,F,1,326,0,1
70,F,1,176,1,1
80,F,3,272,0,1
59,F,0,65,1,1
26,F,3,2,0,0
33,M,1,4,0,0
47,F,1,4,1,0
76,F,3,209,0,1
47,M,3,1,0,0
19,F,0,4,0,0
49,F,1,2,0,0
68,F,2,150,0,1
89,M,2,353,1,1
31,F,3,6,1,0
40,M,4,3,0,0
51,F,0,12,0,1
53,F,1,32,1,1
88,F,1,352,0,1
46,F,3,1,1,0
56,F,1,56,0,1
36,M,0,2,1,0
22,M,1,3,1,0
46,F,1,1,3,0
48,F,3,1,0,0
30,M,1,6,0,0
65,M,0,141,0,1
41,F,0,2,1,0
22,M,2,2,0,0
56,F,1,38,0,1
36,F,0,5,1,0
70,F,2,211,1,1
19,M,1,1,1,0
73,M,1,221,0,1
56,F,3,60,0,1
70,M,3,168,0,1
45,F,1,2,0,0
81,M,2,262,0,1
54,M,1,28,0,1
89,M,0,373,0,1
39,F,1,0,0,0
79,M,2,276,1,1
65,M,3,139,0,1
84,F,1,301,3,1
30,M,1,8,0,0
54,F,2,33,0,1
83,M,2,303,0,1
35,F,1,1,0,0
87,F,2,348,0,1
87,M,3,323,1,1
53,F,3,36,0,1
70,M,1,170,0,1
51,F,0,12,1,1
65,M,0,126,0,1
79,M,0,264,0,1
71,F,1,200,0,1
38,M,5,3,0,0
59,M,3,74,2,1
75,F,1,218,0,1
59,M,2,74,0,1
38,M,0,4,2,0
72,M,2,203,0,1
69,F,3,166,0,1
63,M,1,102,1,1
42,M,3,3,1,0
58,F,2,74,0,1
61,F,2,106,1,1
33,M,0,2,1,0
84,F,1,317,0,1
60,F,4,111,1,1
21,M,0,6,0,0
37,F,1,3,0,0
76,M,1,233,1,1
67,M,1,151,0,1
57,F,4,48,3,1
53,M,3,33,1,1
45,M,1,3,0,0
85,F,0,324,0,1
43,F,4,4,2,0
77,F,0,237,0,1
22,F,0,2,0,0
56,M,2,62,1,1
36,M,0,1,0,0
48,M,2,3,1,0
62,M,2,119,0,1
22,F,2,3,0,0
25,M,1,3,0,0
59,M,2,93,0,1
66,F,2,156,0,1
22,M,2,2,0,0
87,M,0,353,0,1
49,F,1,3,0,0
88,F,0,374,0,1
27,F,5,2,0,0
82,F,0,262,0,1
64,M,3,118,0,1
76,M,2,222,0,1
76,M,2,262,0,1
30,F,1,1,0,0
30,M,2,3,2,0
87,F,1,346,1,1
49,M,1,1,0,0
32,F,1,3,1,0
63,M,0,126,0,1
80,M,2,272,2,1
37,M,0,7,1,0
81,F,6,257,0,1
22,M,4,6,1,0
62,M,2,116,1,1
45,M,1,5,0,0
55,M,1,48,0,1
61,M,2,110,2,1
32,F,4,3,0,0
21,F,2,3,2,0
55,F,1,44,0,1
86,M,3,348,1,1
38,M,2,4,1,0
58,F,2,78,0,1
27,M,2,7,0,0
42,F,3,2,1,0
27,M,2,2,2,0
26,F,1,3,1,0
75,F,2,234,0,1
83,M,1,280,0,1
84,M,1,311,0,1
70,M,3,177,0,1
28,M,3,6,1,0
84,M,1,315,2,1
18,M,1,1,0,0
37,F,2,5,2,0
36,M,0,3,1,0
71,F,2,200,1,1
27,F,3,6,1,0
87,F,2,352,1,1
31,M,1,3,1,0
80,F,2,271,1,1
59,M,1,91,1,1
36,F,1,5,0,0
48,M,2,1,2,0
26,M,2,4,0,0
48,M,0,4,0,0
67,M,3,152,3,1
32,F,3,2,0,0
87,F,2,331,0,1
65,F,1,138,1,1
44,F,2,2,1,0
38,F,5,2,1,0
73,M,1,222,1,1
46,M,0,1,1,0
85,F,0,286,1,1
51,M,0,15,0,1
68,F,0,167,1,1
83,M,1,305,1,1
86,F,0,338,0,1
35,F,1,2,0,0
49,F,3,4,0,0
69,M,4,156,1,1
47,M,1,4,0,0
40,F,1,4,0,0
62,M,0,104,1,1
82,F,4,250,0,1
51,M,3,8,1,1
46,M,1,3,0,0
72,M,0,176,2,1
54,F,1,46,1,1
40,M,2,5,2,0
81,F,1,306,0,1
61,F,0,83,0,1
66,M,3,162,1,1
76,M,1,220,1,1
24,M,2,5,0,0
79,M,0,248,0,1
27,M,3,2,1,0
18,M,1,2,0,0
89,M,1,389,3,1
38,M,0,4,0,0
20,F,1,1,1,0
68,M,2,145,2,1
39,F,2,1,0,0
48,M,1,6,0,0
87,M,3,349,0,1
59,M,1,88,0,1
19,M,3,3,0,0
66,M,1,137,1,1
29,M,0,2,1,0
41,M,0,7,0,0
33,M,2,2,0,0
83,M,0,294,1,1
24,M,2,1,0,0
56,F,4,56,1,1
51,M,3,17,0,1
57,F,1,70,0,1
60,F,0,99,0,1
25,M,4,6,1,0
40,M,2,6,0,0
58,M,2,69,0,1
25,F,0,3,1,0
76,F,3,226,1,1
76,F,2,267,0,1
56,F,1,42,1,1
75,F,1,218,0,1
48,F,2,1,0,0
58,M,1,61,1,1
51,F,3,9,0,1
27,M,1,2,0,0
30,M,1,4,0,0
57,M,3,63,2,1
23,M,0,3,1,0
63,M,0,112,0,1
41,M,0,4,1,0
48,M,1,2,0,0
82,M,5,310,1,1
80,M,0,277,1,1
51,M,2,11,1,1
46,M,2,5,1,0
76,M,2,252,0,1
54,F,0,36,0,1
71,F,1,210,2,1
26,M,1,0,2,0
69,F,0,147,0,1
58,F,0,91,0,1
33,M,3,4,0,0
73,M,0,222,0,1
56,F,0,46,0,1
70,M,0,181,1,1
77,F,2,224,2,1
36,F,1,4,0,0
76,M,2,239,0,1
89,F,0,358,1,1
55,F,2,46,0,1
69,F,2,177,0,1
73,F,0,199,1,1
48,F,4,3,0,0
75,F,2,218,0,1
47,M,2,1,0,0
81,M,1,298,2,1
74,M,0,214,0,1
56,M,1,51,0,1
30,F,0,4,1,0
77,F,0,257,1,1
64,F,1,132,2,1
59,M,0,93,3,1
69,F,0,174,0,1
89,F,2,355,0,1
55,M,1,52,0,1
45,F,1,3,0,0
80,M,0,268,0,1
64,M,2,141,0,1
51,M,1,15,0,1
31,M,2,3,0,0
51,F,2,15,1,1
85,M,2,322,0,1
38,M,3,2,0,0
87,F,1,334,2,1
84,F,0,308,0,1
78,M,1,221,0,1
40,F,0,4,1,0
75,M,4,202,1,1
68,M,4,168,1,1
82,M,2,287,0,1
47,F,1,4,0,0
62,F,1,97,1,1
85,F,1,311,0,1
83,M,1,324,2,1
86,F,4,356,1,1
25,F,0,4,0,0
20,M,0,2,0,0
24,M,1,4,0,0
89,M,0,340,0,1
47,F,0,3,0,0
61,M,2,92,0,1
48,M,0,3,0,0
23,F,2,5,0,0
83,F,3,306,0,1
53,F,2,24,0,1
39,M,1,3,0,0
21,F,3,4,1,0
26,M,1,2,0,0
57,M,1,64,1,1
73,M,1,237,1,1
31,F,1,3,1,0
56,F,2,50,0,1
44,F,1,5,1,0
65,M,4,136,0,1
39,M,2,2,0,0
81,M,2,283,0,1
61,F,0,84,1,1
30,M,0,5,1,0
77,F,1,244,0,1
64,F,1,145,0,1
85,F,0,349,0,1
84,M,3,304,0,1
41,F,2,3,2,0
67,M,2,147,1,1
59,F,0,71,0,1
49,M,1,2,0,0
18,F,2,1,0,0
76,M,2,222,0,1
44,F,0,5,1,0
22,M,1,2,0,0
87,M,1,341,0,1
46,M,2,2,0,0
26,M,0,3,0,0
49,F,2,4,1,0
80,F,1,279,1,1
71,F,3,214,1,1
64,F,2,136,0,1
39,F,2,2,0,0
39,M,0,3,1,0
36,M,2,3,0,0
74,F,1,206,0,1
75,M,3,235,0,1
38,F,1,1,0,0
39,M,3,5,0,0
82,M,1,311,0,1
88,F,2,351,1,1
23,F,4,4,2,0
36,M,1,2,0,0
26,F,1,3,0,0
43,M,0,4,0,0
72,F,3,213,0,1
60,F,5,91,1,1
50,M,1,4,2,1
32,F,3,1,0,0
28,M,1,1,0,0
72,F,1,191,0,1
54,M,2,42,1,1
19,F,2,2,0,0
39,F,2,2,0,0
66,F,4,155,1,1
57,M,1,61,0,1
70,M,0,175,1,1
71,M,4,189,0,1
26,F,0,4,1,0
79,F,3,253,0,1
61,F,2,93,0,1
22,F,1,3,1,0
86,M,2,290,0,1
60,M,1,106,2,1
35,M,3,1,1,0
88,F,1,364,0,1
20,F,0,2,0,0
51,F,1,12,0,1
20,F,3,2,0,0
73,F,1,207,0,1
73,M,1,178,1,1
25,F,0,2,0,0
39,F,1,2,0,0
80,M,3,275,1,1
36,F,2,1,0,0
59,F,3,86,2,1
57,M,2,57,0,1
81,F,2,246,0,1
71,F,1,167,0,1
74,M,1,220,0,1
24,M,0,1,0,0
80,F,0,287,1,1
50,M,1,3,0,0
22,M,3,2,1,0
24,M,3,7,0,0
69,M,2,177,1,1
81,M,1,282,1,1
32,M,0,5,1,0
39,M,1,3,0,0
37,M,3,3,1,0
82,F,3,285,1,1
41,F,0,4,1,0
64,M,2,122,0,1
60,M,4,73,0,1
47,F,4,2,3,0
63,F,2,133,0,1
32,F,4,4,0,0
85,M,3,302,2,1
83,M,0,313,0,1
18,M,4,1,0,0
52,M,2,18,0,1
31,F,0,3,1,0
50,M,1,2,0,0
44,F,1,3,0,0
80,F,0,263,0,1
76,M,1,216,0,1
38,F,4,6,0,0
57,F,1,54,0,1
46,M,1,2,0,0
54,M,0,40,1,1
83,M,3,331,0,1
72,M,5,201,0,1
21,M,2,5,0,0
65,F,1,120,0,1
73,F,1,206,0,1
38,F,0,1,1,0
71,F,2,205,3,1
24,M,2,4,1,0
24,F,1,0,1,0
51,F,1,9,0,1
47,M,1,5,0,0
81,M,1,302,0,1
77,F,1,252,0,1
61,F,0,90,1,1
57,M,7,60,0,1
21,M,4,2,0,0
31,F,1,3,0,0
49,F,0,2,0,0
48,F,1,2,0,0
45,M,0,2,0,0
54,M,0,34,0,1
59,M,2,97,0,1
46,F,1,3,0,0
60,F,1,121,0,1
25,F,3,2,0,0
86,M,1,323,2,1
55,F,2,58,0,1
42,F,6,3,0,0
49,F,4,4,0,0
47,F,0,3,0,0
38,F,3,2,1,0
62,F,1,119,0,1
81,F,0,292,0,1
81,F,2,318,1,1
30,M,1,3,1,0
68,F,0,171,0,1
72,M,4,221,2,1
51,F,4,9,0,1
67,F,1,162,0,1
76,M,1,237,0,1
25,M,1,1,2,0
52,M,5,21,0,1
20,M,3,4,1,0
87,M,1,336,1,1
56,F,1,68,2,1
38,F,0,2,0,0
22,M,1,5,1,0
27,M,0,2,0,0
38,M,1,2,1,0
77,M,1,228,0,1
88,M,0,332,1,1
39,F,0,2,0,0
42,F,0,1,1,0
79,F,2,263,0,1
25,F,1,0,1,0
61,M,1,83,1,1
61,M,2,106,2,1
54,M,0,45,0,1
78,M,2,267,1,1
24,M,0,1,0,0
38,F,3,6,1,0
74,M,3,225,1,1
39,F,2,0,0,0
22,M,1,1,1,0
50,M,2,4,0,0
87,M,0,349,3,1
74,F,2,231,2,1
81,F,0,298,1,1
38,F,0,1,0,0
39,F,2,2,0,0
29,M,2,2,0,0
27,M,2,4,0,0
38,M,1,1,0,0
81,F,0,288,0,1
66,M,0,154,0,1
52,M,1,20,1,1
51,M,0,11,2,1
26,M,1,2,0,0
53,F,1,23,1,1
53,M,0,32,0,1
73,F,3,238,0,1
35,M,2,4,0,0
80,F,3,285,0,1
47,F,1,3,1,0
22,M,0,2,1,0
64,M,1,136,0,1
61,M,1,101,0,1
83,F,0,314,0,1
57,F,2,46,2,1
75,M,2,224,0,1
35,M,1,5,1,0
29,F,2,3,1,0
64,M,1,135,0,1
52,M,5,23,0,1
75,F,1,221,1,1
53,F,4,26,0,1
75,M,0,229,0,1
89,M,0,353,0,1
87,F,1,339,1,1
24,M,1,3,1,0
87,F,2,347,1,1
54,F,1,41,0,1
44,M,1,4,0,0
83,F,2,293,0,1
30,F,2,3,0,0
46,F,3,2,1,0
77,F,2,271,2,1
36,M,0,4,0,0
85,F,0,342,0,1
58,M,0,87,0,1
54,M,1,44,1,1
41,F,4,1,1,0
27,M,1,2,0,0
84,F,2,325,1,1
18,F,0,6,0,0
24,F,4,1,1,0
23,M,0,3,0,0
32,F,0,4,1,0
70,M,1,200,1,1
24,F,0,2,1,0
28,F,0,2,0,0
69,M,1,176,0,1
20,M,2,1,0,0
39,M,2,8,1,0
77,M,4,251,1,1
82,M,1,296,0,1
53,M,2,38,0,1
82,F,3,285,0,1
81,F,5,299,0,1
85,M,2,339,0,1
35,F,0,7,2,0
36,F,0,3,2,0
65,F,3,156,0,1
18,F,0,2,0,0
37,M,2,0,1,0
45,M,0,2,1,0
82,F,1,291,0,1
87,M,2,356,1,1
42,F,4,3,1,0
72,F,2,200,0,1
57,M,2,63,1,1
22,M,3,0,1,0
46,M,2,3,1,0
68,M,1,159,0,1
68,M,0,168,0,1
84,M,1,314,0,1
63,M,1,109,1,1
87,F,0,341,0,1
50,F,2,2,0,1
69,M,1,182,0,1
62,F,1,108,1,1
80,M,1,253,1,1
84,M,1,365,0,1
78,F,2,251,0,1
86,M,0,326,0,1
43,M,1,2,1,0
89,F,0,355,0,1
25,M,3,1,1,0
44,F,0,2,0,0
70,F,1,188,0,1
62,F,2,116,0,1
27,M,2,3,0,0
66,F,1,159,1,1
45,F,2,4,2,0
75,M,2,232,0,1
89,M,1,384,1,1
32,F,1,3,0,0
58,F,2,87,2,1
20,M,1,3,1,0
55,F,1,43,0,1
78,F,0,245,0,1
86,M,2,328,3,1
75,F,1,215,1,1
38,F,1,4,0,0
45,F,0,4,1,0
89,F,0,321,1,1
74,F,0,214,2,1
83,M,3,297,0,1
35,F,1,5,0,0
44,M,3,3,1,0
77,F,1,275,0,1
41,M,4,5,0,0
72,M,3,196,1,1
27,F,2,4,1,0
22,F,2,2,2,0
83,M,3,319,0,1
39,F,0,4,1,0
31,M,1,2,0,0
36,F,3,3,1,0
18,F,1,3,1,0
72,F,1,221,2,1
82,F,1,325,1,1
19,M,1,3,0,0
61,F,1,99,0,1
44,F,3,0,1,0
66,F,2,138,0,1
68,M,1,167,1,1
70,F,1,198,0,1
21,F,1,2,0,0
21,F,0,2,0,0
86,M,2,317,1,1
24,F,1,5,0,0
54,M,1,45,0,1
53,F,1,27,0,1
45,M,4,0,1,0
21,M,1,3,0,0
30,M,3,6,3,0
54,F,1,36,0,1
25,F,1,3,0,0
71,F,2,191,0,1
79,F,2,266,0,1
65,M,1,125,0,1
77,M,2,261,0,1
62,M,1,122,1,1
67,M,3,157,1,1
21,M,1,4,1,0
57,F,4,58,0,1
35,M,0,3,1,0
31,M,2,6,0,0
82,M,2,272,1,1
77,F,2,252,0,1
26,F,1,4,1,0
89,F,2,358,1,1
56,M,0,50,1,1
62,F,1,120,0,1
21,F,0,4,1,0
81,F,1,268,0,1
85,F,0,321,1,1
73,M,2,225,0,1
30,F,0,3,0,0
55,M,1,51,0,1
47,M,0,2,1,0
46,F,5,4,2,0
57,F,0,70,1,1
69,F,1,163,0,1
69,M,2,168,0,1
35,F,3,2,2,0
85,M,2,325,1,1
49,F,1,2,0,0
71,M,0,198,0,1
80,F,1,304,1,1
43,F,1,4,1,0
79,F,2,258,0,1
23,M,1,1,0,0
39,F,0,4,0,0
68,M,5,181,1,1
72,F,3,197,1,1
88,F,0,329,0,1
48,M,0,1,1,0
19,M,2,3,0,0
49,F,2,3,1,0
73,M,3,197,2,1
26,M,3,4,0,0
30,F,3,3,1,0
47,F,4,1,0,0
51,F,1,16,0,1
49,F,5,6,2,0
55,M,2,55,0,1
62,M,0,99,0,1
62,M,1,110,0,1
47,F,1,2,0,0
89,F,1,360,0,1
53,M,0,33,0,1
67,M,1,162,0,1
65,F,3,128,2,1
46,F,3,5,1,0
64,F,3,125,1,1
69,M,5,187,0,1
52,M,1,24,0,1
51,F,1,10,1,1
61,F,0,117,0,1
47,M,0,1,1,0
72,F,0,192,0,1
44,F,7,2,0,0
24,F,1,4,0,0
53,F,0,24,1,1
82,M,2,297,1,1
38,F,2,2,0,0
40,M,1,2,0,0
35,M,1,4,0,0
84,M,1,293,2,1
28,M,1,1,0,0
49,M,0,2,1,0
49,F,4,3,1,0
58,M,5,72,0,1
39,M,2,4,0,0
72,F,1,196,1,1
78,F,2,234,1,1
49,F,3,3,0,0
79,F,2,260,0,1
26,F,1,3,1,0
42,M,1,3,2,0
81,M,2,282,0,1
62,F,0,116,0,1
30,M,3,0,1,0
82,F,1,284,0,1
81,F,3,242,2,1
43,F,2,1,2,0
31,M,2,2,0,0
57,F,3,71,0,1
60,F,2,94,0,1
49,M,0,2,0,0
69,M,1,166,0,1
64,F,2,131,1,1
74,M,0,222,0,1
87,M,1,331,1,1
72,M,3,184,0,1
27,F,2,5,0,0
18,M,1,4,1,0
87,M,0,339,0,1
76,F,0,217,0,1
65,F,1,145,0,1
36,F,0,1,0,0
75,F,3,217,0,1
25,M,1,6,1,0
63,M,2,116,1,1
45,M,3,2,0,0
80,F,4,267,1,1
67,M,0,156,0,1
41,F,2,2,0,0
74,M,2,217,1,1
68,M,2,169,1,1
36,F,3,2,1,0
37,F,2,3,1,0
45,F,2,1,2,0
54,M,3,47,0,1
37,M,0,3,0,0
67,F,0,164,0,1
55,M,0,56,0,1
32,M,1,5,0,0
68,F,1,189,1,1
22,F,1,0,1,0
84,F,0,319,0,1
74,M,0,229,0,1
24,M,0,6,0,0
76,M,1,264,0,1
41,F,1,1,0,0
65,M,0,140,0,1
34,M,1,2,0,0
41,F,1,6,2,0
19,M,0,5,0,0
65,F,3,125,2,1
60,M,1,81,1,1
24,M,1,3,0,0
37,F,2,2,0,0
65,F,1,140,1,1
75,M,1,232,0,1
59,M,3,93,0,1
29,F,1,7,2,0
62,M,0,93,1,1
34,F,2,3,0,0
50,F,1,4,0,0
52,F,2,21,1,1
34,F,2,3,1,0
76,F,2,242,1,1
70,M,3,172,2,1
25,M,2,6,0,0
51,M,3,11,0,1
26,F,2,3,0,0
71,F,0,183,1,1
45,F,3,1,1,0
44,F,1,7,0,0
35,M,2,3,0,0
24,M,1,6,0,0
27,F,3,6,1,0
57,M,1,69,0,1
70,F,1,180,0,1
62,M,2,94,1,1
34,F,2,4,2,0
84,F,1,308,1,1
64,F,3,142,2,1
81,F,3,271,0,1
18,F,0,4,0,0
22,M,3,2,0,0
22,M,1,7,3,0
73,M,2,232,0,1
44,M,0,1,0,0
36,F,1,4,0,0
60,M,0,83,1,1
68,F,2,190,2,1
50,F,2,4,0,0
45,F,1,6,0,0
45,M,0,2,1,0
41,M,1,4,0,0
45,M,3,3,1,0
53,F,4,21,0,1
41,F,3,0,0,0
56,M,0,58,1,1
64,F,1,119,0,1
68,M,5,169,0,1
18,F,1,4,0,0
63,M,1,116,0,1
40,F,1,4,1,0
66,M,0,150,1,1
87,F,0,345,0,1
45,F,0,5,0,0
26,F,2,3,1,0
66,M,1,143,0,1
41,M,1,6,1,0
42,F,3,3,0,0
62,F,1,110,1,1
61,M,1,113,1,1
19,F,2,2,2,0
51,F,2,14,0,1
45,M,2,5,1,0
58,F,0,66,0,1
63,F,1,107,1,1
19,M,4,3,0,0
22,F,1,3,0,0
53,M,1,31,0,1
78,F,3,244,0,1
33,M,1,2,1,0
26,M,0,5,0,0
45,M,0,4,0,0
37,M,0,4,1,0
23,M,1,2,1,0
84,M,0,331,0,1
65,M,1,125,0,1
75,M,2,236,1,1
82,F,0,311,0,1
63,F,2,107,0,1
43,F,2,4,0,0
18,M,0,4,0,0
25,M,0,2,0,0
40,M,2,6,0,0
62,M,1,116,0,1
65,M,1,131,1,1
27,F,1,6,0,0
36,M,1,5,0,0
82,F,3,289,1,1
39,F,3,3,2,0
26,M,1,3,0,0
35,F,3,1,1,0
44,F,0,1,2,0
53,F,2,29,0,1
53,F,1,29,0,1
25,F,2,3,0,0
26,M,2,3,0,0
32,M,0,2,0,0
40,M,0,9,0,0
87,M,0,340,0,1
37,M,2,5,0,0
43,F,2,0,0,0
69,M,1,169,0,1
42,M,0,7,0,0
89,M,2,373,1,1
53,M,2,37,1,1
44,F,2,0,2,0
73,M,1,207,1,1
74,F,0,223,0,1
65,F,1,122,1,1
28,M,2,5,1,0
39,M,3,2,0,0
59,F,0,84,0,1
44,M,2,2,1,0
49,F,2,3,2,0
38,M,2,2,2,0
38,M,3,2,0,0
52,F,2,16,1,1
77,M,2,260,1,1
44,M,2,2,3,0
71,M,3,213,0,1
88,M,0,346,0,1
27,F,3,4,1,0
84,M,1,318,0,1
39,F,3,2,0,0
24,F,0,4,0,0
77,M,3,238,0,1
18,M,2,4,1,0
89,M,2,359,0,1
32,M,2,6,0,0
62,F,0,110,0,1
35,M,1,3,0,0
80,M,3,280,1,1
68,F,1,168,0,1
88,F,0,351,0,1
74,M,2,242,1,1
71,F,1,240,0,1
85,F,2,308,0,1
64,F,1,121,0,1
33,M,1,4,0,0
33,M,2,5,1,0
65,M,1,142,0,1
44,M,0,0,0,0
72,M,0,187,0,1
62,M,3,148,0,1
20,M,1,3,1,0
84,M,0,326,1,1
88,F,0,373,0,1
39,M,0,6,0,0
38,F,0,2,0,0
46,M,1,1,0,0
76,F,2,246,1,1
19,F,0,3,0,0
30,F,0,4,0,0
68,M,2,171,0,1
48,F,2,2,1,0
49,F,1,4,2,0
85,M,1,313,0,1
75,F,0,232,0,1
26,F,0,7,1,0
34,F,0,5,0,0
36,M,2,2,0,0
65,F,0,148,1,1
48,M,1,5,1,0
66,M,1,144,0,1
34,M,0,3,0,0
51,F,1,13,0,1
44,M,0,1,1,0
31,M,1,2,0,0
32,F,0,5,1,0
47,F,0,3,1,0
66,F,0,149,0,1
71,F,1,188,0,1
73,M,4,235,0,1
31,M,0,5,0,0
59,M,1,93,0,1
24,M,1,7,2,0
27,F,0,2,1,0
51,M,0,10,1,1
68,F,3,160,0,1
34,M,1,6,1,0
30,F,3,5,0,0
75,F,1,207,1,1
61,F,0,115,0,1
76,F,2,248,0,1
24,F,3,4,2,0
86,F,4,325,0,1
76,M,1,244,1,1
78,F,1,236,1,1
25,F,3,2,1,0
64,F,4,124,0,1
56,M,0,51,0,1
31,F,2,3,0,0
83,M,1,329,0,1
77,M,0,253,1,1
77,M,0,251,0,1
70,M,1,188,0,1
30,M,0,5,1,0
71,F,1,187,1,1
51,F,1,12,1,1
68,F,0,174,0,1
60,F,1,91,0,1
77,F,3,251,0,1
55,M,0,54,0,1
39,M,6,3,0,0
65,M,3,135,3,1
66,F,4,123,0,1
38,F,1,2,0,0
55,M,4,41,0,1
65,M,1,128,1,1
42,F,4,3,1,0
30,M,0,4,1,0
41,M,1,4,0,0
78,M,0,242,0,1
29,M,3,4,0,0
46,F,3,3,0,0
53,M,0,35,0,1
75,F,1,248,1,1
44,F,2,1,1,0
89,F,0,373,0,1
48,M,1,2,0,0
51,F,1,10,1,1
79,F,3,262,0,1
50,M,7,2,1,0
67,M,0,175,0,1
43,F,0,5,0,0
66,M,2,141,1,1
60,F,1,99,2,1
88,F,2,315,1,1
46,F,2,1,0,0
33,F,1,1,1,0
28,F,1,3,0,0
54,F,3,38,0,1
54,M,2,44,0,1
24,F,1,4,1,0
18,F,1,5,1,0
46,M,1,4,0,0
20,F,0,2,0,0
86,M,4,329,0,1
74,M,2,214,0,1
24,F,2,2,0,0
74,F,0,192,2,1
72,F,2,209,0,1
70,F,0,210,0,1
80,F,4,268,0,1
68,F,1,165,0,1
54,F,3,40,0,1
70,M,2,209,2,1
75,M,1,211,0,1
60,M,1,103,1,1
49,F,1,6,0,0
59,F,1,79,0,1
43,F,0,3,0,0
47,M,1,5,0,0
54,M,0,42,0,1
71,F,2,205,0,1
32,F,0,3,0,0
49,F,2,3,1,0
40,M,1,4,0,0
29,M,1,4,0,0
39,F,2,3,2,0
39,F,2,4,1,0
89,F,2,346,1,1
45,M,0,3,1,0
42,F,0,4,1,0
46,F,1,3,0,0
34,F,2,6,0,0
83,F,1,325,0,1
85,F,0,301,1,1
46,M,1,4,0,0
27,F,1,2,0,0
19,F,2,3,0,0
87,F,2,326,1,1
77,M,2,237,0,1
79,F,1,251,1,1
60,M,3,94,2,1
64,F,1,124,1,1
73,F,2,209,1,1
48,F,3,7,1,0
77,M,1,264,0,1
32,M,2,2,0,0
50,M,1,2,0,1
25,M,2,1,0,0
73,F,0,193,2,1
25,F,1,3,1,0
54,M,0,37,1,1
43,F,1,3,0,0
89,M,2,330,3,1
47,M,1,2,0,0
28,M,0,4,1,0
84,M,3,277,2,1
57,F,2,74,1,1
56,F,3,49,0,1
63,F,0,121,0,1
89,F,1,368,3,1
19,F,2,6,1,0
69,M,1,195,2,1
50,F,0,3,0,1
28,M,0,0,0,0
83,F,2,288,0,1
57,M,1,63,1,1
83,F,3,297,0,1
29,M,1,0,0,0
66,F,1,148,0,1
20,M,0,4,0,0
88,F,3,361,1,1
85,M,2,313,1,1
81,F,0,300,0,1
42,F,1,1,1,0
68,F,1,182,0,1
31,M,0,3,0,0
78,M,1,262,0,1
25,F,1,3,2,0
70,M,1,186,1,1
64,F,2,119,0,1
39,F,0,2,0,0
51,M,2,10,0,1
52,M,0,21,0,1
18,M,1,3,1,0
21,M,2,2,1,0
69,F,0,177,1,1
67,F,3,166,0,1
36,M,2,1,0,0
50,M,4,3,0,0
74,F,0,215,0,1
66,M,3,154,0,1
53,M,2,30,1,1
80,M,1,311,1,1
56,F,4,51,1,1
18,M,0,5,0,0
50,F,2,2,0,0
35,F,3,4,2,0
66,M,3,161,0,1
25,M,0,2,1,0
89,F,0,355,0,1
61,M,2,88,0,1
75,M,1,239,0,1
51,F,1,10,0,1
22,F,1,1,0,0
49,F,1,6,0,0
53,F,0,33,0,1
48,F,0,5,0,0
34,M,2,5,2,0
32,F,0,2,1,0
25,M,1,3,1,0
53,F,0,32,0,1
32,F,4,2,0,0
63,M,0,126,1,1
35,F,1,4,1,0
49,M,1,1,0,0
87,F,1,321,1,1
55,F,1,42,0,1
71,F,6,204,0,1
67,F,1,164,1,1
79,F,3,267,0,1
22,M,2,4,1,0
68,F,0,174,0,1
35,F,3,4,0,0
40,F,1,2,0,0
83,F,4,282,0,1
46,M,1,2,0,0
55,M,0,49,1,1
49,F,1,2,2,0
25,M,2,5,0,0
39,F,0,4,0,0
28,M,2,0,0,0
48,M,1,1,0,0
18,F,1,2,2,0
73,M,1,201,1,1
56,M,2,44,1,1
23,M,2,5,1,0
89,F,3,375,2,1
37,M,2,3,0,0
43,M,3,1,0,0
52,M,2,22,2,1
56,F,0,66,1,1
66,F,1,160,1,1
56,M,2,58,0,1
64,M,2,150,0,1
40,M,3,3,0,0
70,M,1,186,2,1
79,M,3,274,0,1
25,M,4,5,1,0
26,F,0,3,1,0
31,F,4,3,0,0
41,F,4,6,1,0
40,F,3,5,1,0
74,F,0,227,1,1
38,M,2,2,0,0
81,F,1,296,2,1
72,M,1,203,0,1
85,M,0,306,0,1
89,F,3,331,2,1
23,M,3,0,0,0
67,M,3,159,0,1
80,M,2,278,0,1
20,F,2,6,1,0
29,M,2,1,1,0
39,M,0,3,1,0
32,M,3,1,3,0
75,M,5,215,0,1
27,F,2,4,1,0
84,F,2,315,0,1
43,F,1,1,1,0
60,M,1,100,0,1
47,M,2,0,0,0
43,M,3,7,0,0
80,F,2,292,0,1
43,F,1,4,1,0
88,M,0,339,0,1
63,F,2,129,0,1
43,F,3,1,2,0
80,M,4,251,0,1
37,F,0,1,0,0
42,M,0,1,1,0
81,F,2,287,2,1
31,F,0,4,0,0
81,F,0,263,1,1
18,M,2,2,0,0
18,F,2,4,0,0
27,M,0,4,0,0
62,M,2,116,1,1
79,M,1,247,0,1
78,M,0,255,0,1
62,M,1,114,1,1
64,F,1,141,3,1
89,M,2,369,1,1
86,F,2,312,1,1
23,F,0,4,1,0
58,M,0,68,0,1
44,M,2,4,0,0
27,M,1,7,0,0
75,M,1,236,1,1
57,F,2,73,0,1
65,M,2,135,0,1
55,M,0,36,0,1
22,M,2,1,1,0
80,F,1,255,1,1
46,M,2,3,0,0
33,M,1,4,0,0
63,M,3,113,0,1
39,M,0,1,0,0
67,F,3,138,0,1
54,M,2,36,0,1
50,F,0,2,0,0
25,M,2,7,0,0
31,M,0,3,1,0
80,M,1,292,2,1
87,M,1,345,0,1
57,F,1,62,0,1
51,M,1,9,3,1
30,F,1,3,1,0
69,M,2,182,2,1
64,M,3,133,0,1
56,M,0,64,1,1
37,F,1,3,0,0
23,M,1,4,3,0
87,M,1,345,2,1
35,M,2,5,0,0
65,F,0,131,0,1
22,M,2,5,0,0
67,M,0,171,0,1
31,M,1,5,1,0
68,F,1,177,2,1
32,F,1,3,1,0
53,F,2,29,0,1
47,M,1,7,0,0
54,F,0,30,2,1
41,F,1,3,1,0
42,M,4,3,1,0
44,F,3,2,2,0
63,M,2,102,0,1
76,F,1,211,0,1
44,M,4,2,0,0
19,M,2,2,1,0
32,M,0,3,0,0
25,F,1,3,0,0
63,M,1,133,1,1
76,M,0,221,0,1
33,F,3,3,1,0
56,F,1,53,2,1
52,M,2,19,0,1
49,M,1,1,0,0
81,M,2,297,0,1
37,F,1,3,0,0
62,F,2,99,0,1
57,M,3,56,0,1
81,M,2,289,0,1
33,M,1,5,0,0
85,M,0,311,1,1
79,F,4,237,0,1
50,F,1,2,0,0
77,M,2,267,0,1
64,F,1,119,0,1
41,F,5,5,1,0
79,F,4,261,2,1
19,M,1,0,0,0
28,F,0,3,0,0
81,M,5,268,0,1
75,F,1,223,0,1
39,F,1,4,0,0
88,M,1,336,0,1
65,F,1,154,0,1
35,F,1,5,0,0
79,F,2,264,0,1
89,F,3,351,2,1
75,M,0,240,1,1
62,F,1,111,0,1
80,F,0,276,0,1
76,F,2,237,0,1
53,M,1,27,0,1
72,M,0,222,1,1
78,M,1,241,0,1
20,M,1,10,0,0
51,F,2,8,0,1
85,F,1,299,1,1
36,M,2,3,0,0
62,F,2,103,2,1
52,M,3,21,0,1
60,F,2,85,0,1
42,M,3,2,0,0
63,M,3,134,2,1
73,M,5,221,0,1
71,M,0,212,0,1
77,F,0,280,1,1
36,F,0,2,2,0
28,M,4,4,0,0
57,F,0,62,0,1
29,F,0,3,1,0
63,F,0,116,2,1
45,M,2,2,1,0
69,M,2,178,1,1
51,F,0,12,0,1
58,F,3,86,0,1
86,M,2,304,0,1
63,F,3,126,2,1
85,M,1,318,1,1
35,F,5,3,0,0
87,M,2,314,2,1
33,M,1,1,2,0
70,M,1,199,1,1
21,M,3,4,0,0
66,F,2,134,0,1
81,M,2,259,0,1
37,F,0,1,0,0
29,F,3,5,0,0
44,F,1,1,1,0
22,M,2,2,1,0
18,M,1,3,0,0
48,F,1,4,2,0
77,F,3,254,0,1
47,F,2,3,0,0
37,M,0,4,0,0
34,M,0,0,0,0
23,M,2,5,1,0
46,M,0,2,0,0
40,F,0,4,0,0
50,M,0,4,2,1
41,M,2,5,0,0
60,M,0,109,0,1
70,F,3,196,0,1
18,M,3,0,3,0
18,F,1,7,1,0
37,M,1,7,1,0
34,M,3,3,2,0
24,M,3,2,0,0
82,F,2,325,1,1
24,F,1,2,1,0
79,F,2,270,1,1
22,M,2,5,1,0
63,M,1,118,0,1
45,M,4,1,1,0
58,M,2,65,0,1
55,M,1,54,0,1
34,M,2,1,0,0
25,M,0,3,0,0
81,M,0,301,0,1
70,F,1,190,1,1
72,M,1,190,1,1
62,M,0,104,2,1
54,M,2,33,0,1
79,F,1,265,0,1
29,F,5,5,1,0
61,M,3,115,2,1
33,F,2,5,2,0
64,M,1,127,0,1
45,M,1,6,1,0
48,F,1,0,0,0
41,M,2,2,0,0
60,M,3,84,0,1
22,M,0,0,1,0
73,M,2,208,0,1
47,M,2,2,1,0
88,F,1,332,1,1
50,M,2,3,3,1
26,F,3,4,0,0
38,M,2,0,2,0
51,F,2,12,0,1
45,F,3,2,1,0
37,F,0,3,1,0
41,F,1,3,1,0
70,F,1,182,0,1
45,F,2,1,1,0
29,M,1,3,0,0
62,M,2,110,0,1
71,M,2,186,0,1
53,F,1,42,0,1
70,M,2,165,0,1
32,F,2,7,1,0
28,M,1,2,1,0
75,F,1,231,0,1
74,F,1,219,0,1
54,F,1,29,0,1
52,M,0,24,1,1
51,M,2,15,1,1
33,F,2,3,1,0
69,M,1,150,0,1
45,M,3,3,0,0
72,M,3,222,0,1
49,F,3,3,2,0
79,M,0,287,0,1
78,M,2,256,0,1
76,F,0,239,1,1
37,M,0,1,2,0
66,F,1,142,1,1
72,M,0,192,1,1
69,M,2,176,1,1
81,M,3,280,0,1
29,F,0,5,0,0
65,M,1,147,1,1
68,M,0,168,0,1
43,F,0,2,2,0
36,M,3,2,2,0
58,F,2,69,0,1
36,M,2,3,0,0
60,F,2,89,2,1
26,F,1,4,0,0
46,M,1,2,0,0
46,F,2,0,1,0
70,M,0,192,0,1
19,M,2,4,1,0
44,M,2,1,1,0
65,M,0,136,0,1
53,F,3,29,0,1
71,F,2,174,1,1
80,M,4,268,0,1
73,M,2,198,0,1
42,M,3,1,0,0
27,M,1,3,0,0
24,F,1,3,0,0
64,M,2,116,1,1
27,M,2,1,1,0
78,M,1,241,0,1
59,M,3,77,0,1
20,F,2,2,2,0
74,F,0,203,2,1
31,F,3,1,1,0
89,M,1,371,0,1
37,M,2,1,0,0
57,M,0,72,0,1
51,M,1,12,0,1
43,M,1,2,0,0
30,M,1,2,0,0
22,F,0,2,1,0
56,M,1,50,0,1
88,M,1,365,1,1
42,F,1,1,0,0
39,M,1,3,0,0
65,M,2,124,1,1
89,F,7,355,0,1
56,F,3,68,0,1
87,M,0,330,0,1
67,F,1,157,0,1
75,F,0,252,0,1
35,M,2,3,0,0
57,F,3,70,0,1
68,F,2,155,0,1
44,M,2,3,1,0
70,M,1,186,0,1
45,M,3,1,0,0
69,M,2,176,0,1
50,M,2,2,1,1
22,M,2,2,0,0
24,F,1,1,1,0
86,M,2,323,0,1
63,M,1,109,1,1
59,M,1,86,0,1
73,M,4,208,1,1
37,F,1,2,1,0
44,M,0,2,0,0
49,F,4,2,0,0
65,F,2,115,1,1
55,F,1,45,0,1
37,F,0,4,0,0
55,F,0,55,0,1
44,M,1,1,0,0
35,F,0,1,1,0
31,F,1,4,0,0
37,M,2,2,0,0
56,F,3,55,0,1
44,M,3,3,2,0
48,F,0,2,0,0
74,F,3,245,1,1
68,F,2,175,0,1
49,F,1,4,1,0
59,M,1,89,2,1
20,M,0,3,0,0
47,M,3,3,0,0
50,F,1,1,1,1
39,M,1,1,0,0
32,M,3,3,1,0
71,F,0,181,0,1
18,M,1,1,2,0
88,M,4,364,1,1
88,M,2,349,1,1
63,M,0,111,0,1
39,F,0,5,2,0
39,F,3,3,0,0
56,M,3,58,0,1
66,F,3,130,2,1
43,F,2,3,0,0
49,M,1,2,0,0
21,F,2,1,0,0
81,M,1,275,0,1
82,F,2,301,0,1
36,F,2,4,0,0
85,M,1,315,1,1
79,M,1,269,0,1
31,F,3,0,2,0
29,F,2,3,1,0
48,F,1,1,0,0
67,M,1,188,1,1
44,M,1,1,0,0
70,M,1,173,0,1
30,F,0,3,0,0
84,F,1,292,0,1
65,M,0,138,1,1
36,M,0,3,1,0
74,F,0,234,1,1
47,M,3,2,3,0
72,F,0,236,1,1
68,F,5,180,2,1
66,M,4,138,0,1
26,M,2,5,0,0
19,F,2,2,1,0
68,F,1,154,0,1
34,M,2,2,0,0
22,F,4,3,0,0
55,M,1,48,0,1
85,M,3,323,1,1
68,M,2,170,0,1
39,M,1,1,0,0
45,F,3,2,1,0
68,F,2,164,1,1
50,M,3,5,0,1
58,M,3,80,0,1
78,M,0,272,0,1
22,F,0,4,0,0
19,M,0,4,0,0
82,M,2,306,0,1
37,M,3,5,0,0
77,M,1,244,1,1
38,M,0,6,2,0
78,M,2,241,0,1
89,M,1,342,1,1
84,M,2,327,0,1
34,M,1,6,1,0
55,M,1,60,1,1
21,M,1,6,1,0
37,M,0,2,0,0
47,M,3,4,2,0
20,F,2,1,0,0
64,F,0,142,0,1
31,M,0,1,1,0
29,F,0,2,0,0
64,M,2,152,1,1
78,F,1,231,0,1
89,M,2,360,1,1
32,F,4,2,1,0
73,M,2,190,0,1
68,M,2,151,1,1
76,F,2,233,0,1
29,M,0,2,0,0
52,M,1,32,0,1
81,M,2,276,1,1
59,M,1,75,0,1
32,M,2,4,0,0
18,F,3,3,2,0
70,M,0,187,1,1
22,F,0,5,0,0
78,M,4,257,1,1
65,M,0,167,1,1
36,F,0,1,1,0
33,F,1,3,0,0
24,F,0,4,1,0
42,M,0,3,1,0
60,M,1,81,2,1
40,M,1,5,0,0
53,M,2,32,0,1
63,M,1,121,0,1
52,M,2,19,0,1
35,M,0,6,0,0
74,F,1,236,0,1
69,F,2,170,2,1
51,M,0,10,0,1
30,F,3,3,0,0
53,M,3,23,2,1
43,M,0,1,1,0
53,M,0,38,1,1
27,F,1,3,1,0
50,M,3,4,0,0
21,M,2,0,0,0
47,F,0,5,0,0
68,M,5,191,0,1
29,F,1,3,0,0
27,F,3,2,0,0
39,F,1,1,4,0
83,F,1,296,0,1
37,F,1,9,0,0
85,F,0,294,1,1
35,F,3,4,0,0
22,F,0,7,1,0
74,F,2,205,1,1
26,F,0,3,0,0
26,M,2,0,0,0
56,F,1,59,0,1
32,M,5,2,0,0
61,M,1,107,0,1
55,M,2,59,0,1
69,M,3,148,1,1
40,F,3,3,0,0
38,M,0,2,1,0
35,M,1,1,0,0
71,F,4,199,2,1
44,M,0,5,0,0
79,M,3,261,1,1
54,M,3,41,1,1
75,M,0,202,0,1
66,F,1,125,1,1
67,M,3,173,0,1
87,M,3,341,0,1
50,F,1,2,0,0
79,F,2,238,0,1
77,M,0,231,1,1
48,M,2,3,0,0
68,M,1,177,0,1
50,F,3,3,0,0
65,M,0,146,1,1
47,F,4,5,1,0
53,F,1,29,0,1
35,M,1,9,0,0
63,F,1,104,0,1
86,M,3,301,0,1
43,F,1,2,0,0
22,M,3,2,0,0
68,F,1,149,0,1
32,F,1,2,2,0
68,F,1,153,0,1
65,M,1,141,0,1
86,M,1,334,1,1
60,M,2,77,1,1
26,M,1,2,0,0
38,F,1,7,0,0
37,M,2,6,1,0
85,F,4,327,1,1
79,M,2,274,0,1
47,F,0,4,0,0
81,F,2,281,0,1
60,M,2,118,2,1
40,M,2,1,0,0
24,F,1,0,1,0
83,M,0,335,1,1
82,F,0,284,0,1
71,F,0,202,1,1
25,F,1,4,0,0
58,F,6,75,1,1
46,M,1,8,0,0
67,F,4,147,1,1
81,M,0,302,1,1
56,M,3,71,1,1
86,F,3,337,1,1
31,F,2,2,1,0
83,F,0,315,1,1
80,F,0,238,1,1
77,M,4,255,1,1
86,F,1,322,0,1
34,M,2,3,0,0
31,F,3,5,0,0
20,F,3,4,4,0
72,F,1,188,1,1
50,M,0,2,0,1
39,M,0,2,0,0
22,F,1,3,0,0
37,M,0,2,0,0
87,F,1,326,1,1
23,M,1,3,0,0
18,M,0,0,1,0
36,M,1,4,1,0
41,M,0,3,2,0
32,F,0,4,1,0
32,M,3,1,1,0
57,M,1,74,1,1
18,F,2,0,2,0
88,M,1,349,0,1
53,M,2,37,0,1
44,F,3,4,1,0
23,F,4,2,0,0
32,F,2,4,0,0
82,F,2,270,0,1
42,F,4,3,1,0
67,F,1,164,0,1
29,M,2,3,1,0
44,M,3,2,2,0
41,F,2,4,2,0
78,F,0,266,1,1
46,M,1,6,0,0
75,F,2,238,1,1
84,F,0,277,0,1
41,F,1,4,1,0
33,M,2,1,1,0
79,F,3,256,0,1
84,F,2,279,2,1
84,F,1,319,0,1
27,F,4,1,0,0
62,M,1,114,0,1
26,M,2,2,2,0
43,M,1,2,0,0
47,F,2,0,0,0
82,F,3,315,1,1
70,F,2,190,1,1
85,M,1,324,0,1
78,M,2,253,0,1
43,M,1,4,0,0
80,M,2,270,0,1
24,M,1,8,1,0
32,M,2,3,1,0
80,F,1,307,1,1
21,F,2,7,1,0
65,M,0,143,0,1
82,M,2,261,0,1
34,F,3,0,0,0
68,F,1,146,0,1
58,F,1,84,1,1
68,M,2,134,2,1
40,F,1,4,0,0
26,M,2,5,0,0
84,F,1,304,0,1
25,F,0,4,0,0
42,M,0,2,0,0
18,F,2,3,0,0
32,F,3,1,1,0
64,F,0,119,0,1
21,F,1,4,0,0
33,M,2,2,0,0
42,F,1,2,0,0
41,M,2,2,2,0
89,F,3,375,0,1
31,F,1,4,3,0
33,F,0,4,0,0
72,M,1,195,1,1
50,M,0,3,0,0
53,M,2,35,0,1
87,M,0,334,0,1
32,M,0,6,0,0
18,M,4,3,1,0
81,M,1,267,1,1
39,M,5,6,2,0
41,F,0,3,0,0
77,M,0,241,2,1
62,M,0,104,1,1
24,M,1,2,3,0
82,M,0,292,1,1
84,M,4,321,0,1
18,F,1,2,0,0
78,M,1,263,0,1
30,M,1,2,1,0
28,M,1,1,0,0
73,F,1,191,1,1
60,F,2,91,0,1
49,F,1,2,0,0
57,F,2,76,0,1
32,M,1,5,0,0
67,F,4,163,1,1
43,F,3,1,2,0
40,F,2,1,1,0
58,M,2,81,0,1
45,F,1,8,0,0
22,M,2,2,0,0
35,F,0,3,0,0
88,M,2,331,0,1
39,M,4,4,2,0
46,M,1,3,0,0
30,M,0,3,1,0
21,M,0,1,0,0
83,M,2,296,0,1
60,M,2,90,1,1
81,M,2,319,0,1
77,F,2,254,1,1
43,M,0,1,0,0
52,F,3,21,0,1
67,F,4,150,1,1
73,M,1,206,1,1
53,F,1,36,1,1
20,M,1,2,0,0
38,M,0,5,0,0
40,M,2,4,1,0
43,F,2,8,1,0
60,F,1,96,1,1
87,M,1,336,1,1
28,F,3,3,0,0
42,M,2,1,0,0
37,M,1,4,0,0
59,M,2,79,0,1
76,M,3,244,0,1
86,M,2,342,0,1
54,M,1,54,1,1
39,F,0,2,0,0
33,M,1,3,0,0
76,F,5,213,1,1
21,F,2,5,0,0
26,M,3,4,1,0
22,M,2,3,0,0
70,F,4,177,0,1
79,F,3,280,1,1
76,M,1,240,2,1
37,M,2,5,2,0
78,F,1,271,1,1
18,M,0,2,0,0
88,F,1,352,0,1
61,M,1,104,0,1
69,F,2,189,0,1
25,M,2,2,1,0
88,M,2,339,1,1
46,M,0,2,0,0
38,M,2,2,1,0
79,M,1,267,0,1
55,F,3,52,1,1
27,F,0,1,0,0
33,F,3,2,0,0
44,F,0,3,1,0
24,M,0,2,1,0
54,F,2,36,2,1
49,M,3,4,0,0
64,M,3,148,1,1
69,M,3,143,0,1
27,M,1,1,0,0
74,M,0,215,0,1
77,M,2,255,0,1
19,M,3,2,2,0
72,F,2,213,1,1
85,F,1,357,0,1
46,M,0,4,0,0
35,F,0,3,0,0
57,M,3,90,1,1
39,M,1,2,0,0
33,F,1,2,0,0
77,F,4,244,1,1
61,F,0,105,0,1
82,M,1,277,1,1
69,F,1,165,0,1
71,M,1,179,0,1
74,F,1,227,1,1
41,F,0,5,0,0
27,M,1,1,0,0
51,M,0,14,0,1
88,F,1,309,0,1
78,F,2,271,3,1
70,M,2,189,0,1
43,F,1,3,0,0
33,F,1,2,0,0
75,M,3,230,1,1
49,M,2,2,1,0
74,M,3,191,1,1
33,F,1,4,1,0
51,F,3,19,0,1
75,F,2,225,0,1
82,M,3,318,0,1
21,F,3,3,0,0
45,M,0,2,2,0
37,F,1,2,0,0
71,F,5,175,3,1
74,F,0,231,0,1
64,F,0,134,0,1
71,F,1,182,3,1
41,M,1,4,0,0
22,F,0,3,1,0
56,M,3,54,1,1
19,F,1,5,1,0
61,F,2,113,0,1
61,F,4,109,0,1
56,F,2,56,1,1
78,F,2,234,0,1
25,F,1,6,0,0
47,M,2,1,0,0
89,F,0,368,3,1
36,M,0,4,0,0
87,F,2,316,0,1
18,M,1,4,2,0
20,F,1,1,1,0
33,F,2,2,0,0
85,F,2,323,2,1
64,F,2,111,0,1
56,F,2,47,0,1
26,F,0,2,0,0
27,F,3,1,0,0
79,F,2,283,0,1
77,F,1,249,2,1
22,F,1,3,0,0
49,F,3,3,1,0
57,F,2,56,0,1
69,F,0,206,1,1
18,F,4,4,2,0
77,M,3,262,2,1
55,F,2,39,0,1
56,M,4,54,1,1
43,F,1,3,0,0
21,F,1,4,0,0
85,M,1,351,0,1
77,F,2,245,1,1
77,F,2,244,1,1
67,M,2,159,3,1
53,F,3,29,1,1
83,F,0,292,1,1
25,F,0,1,0,0
37,M,1,3,1,0
50,F,0,6,0,0
74,F,2,222,0,1
42,M,1,2,1,0
80,M,3,266,1,1
40,M,2,4,2,0
43,F,3,3,0,0
41,F,2,1,1,0
47,M,4,2,2,0
76,M,1,204,0,1
42,F,3,3,0,0
53,F,1,22,0,1
18,F,2,3,1,0
57,M,0,64,1,1
34,F,1,3,0,0
53,F,2,27,2,1
41,M,3,0,0,0
45,F,1,5,0,0
25,M,1,1,0,0
51,F,1,12,0,1
73,M,3,221,0,1
61,M,2,72,1,1
48,M,1,4,0,0
78,M,2,249,0,1
58,M,3,73,1,1
62,F,1,119,0,1
38,F,0,2,1,0
67,F,1,159,0,1
43,M,2,2,0,0
32,M,2,4,0,0
72,F,0,212,1,1
59,F,0,79,1,1
51,M,1,16,0,1
69,F,1,164,0,1
60,F,1,106,0,1
72,F,2,216,0,1
48,M,1,3,1,0
89,M,3,351,0,1
58,M,1,67,0,1
51,M,1,12,2,1
82,M,2,295,0,1
89,F,0,353,0,1
37,F,0,3,0,0
34,F,1,3,0,0
55,F,3,59,0,1
23,F,2,5,0,0
67,M,1,160,0,1
66,M,0,146,0,1
24,F,1,3,0,0
37,F,1,4,0,0
87,F,2,333,0,1
30,M,3,0,1,0
53,M,2,42,1,1
66,F,1,152,0,1
35,M,1,3,0,0
42,F,1,1,2,0
72,F,2,194,1,1
48,F,0,6,0,0
76,F,2,264,0,1
22,F,1,1,1,0
63,F,1,123,1,1
42,F,0,1,0,0
83,M,2,289,0,1
49,F,0,4,0,0
24,F,3,1,1,0
78,F,1,244,0,1
55,M,3,43,0,1
22,F,3,1,1,0
71,F,0,198,0,1
60,M,0,102,0,1
84,F,1,320,0,1
68,F,1,184,0,1
64,M,3,143,0,1
33,M,1,3,0,0
61,M,2,112,0,1
30,M,0,2,0,0
45,M,0,1,0,0
49,M,0,1,2,0
59,F,2,85,1,1
33,F,1,3,3,0
57,F,2,72,1,1
41,M,3,0,0,0
83,F,0,275,0,1
89,F,2,374,0,1
77,F,3,247,0,1
34,F,2,1,1,0
71,F,3,182,1,1
88,F,1,368,0,1
84,F,1,328,0,1
80,M,3,285,0,1
22,M,2,4,0,0
28,M,4,4,3,0
73,F,3,226,1,1
40,F,0,3,0,0
51,F,2,8,0,1
52,F,1,18,1,1
72,F,0,209,0,1
71,M,2,197,2,1
39,F,1,3,1,0
74,M,0,204,1,1
51,M,2,10,0,1
60,M,1,91,0,1
77,F,0,225,0,1
38,F,1,4,1,0
20,M,1,2,0,0
65,F,1,139,0,1
38,F,3,2,1,0
36,M,3,6,0,0
53,F,6,38,0,1
81,F,0,299,2,1
79,M,0,266,1,1
70,M,0,204,0,1
37,M,1,1,2,0
86,M,1,320,0,1
77,F,2,259,1,1
20,F,0,5,0,0
35,M,1,3,1,0
26,M,1,2,1,0
39,M,2,1,0,0
66,F,3,143,0,1
57,M,0,57,1,1
28,F,1,1,0,0
65,M,1,130,0,1
60,F,1,98,0,1
81,M,3,279,0,1
40,F,1,5,1,0
81,M,0,292,0,1
65,M,1,132,0,1
36,M,1,2,0,0
41,M,2,3,0,0
71,M,2,193,1,1
67,M,0,157,2,1
63,F,2,121,1,1
47,M,3,3,2,0
45,M,2,2,1,0
58,M,0,89,0,1
73,M,0,219,0,1
36,F,0,7,0,0
82,M,1,289,1,1
32,F,1,3,2,0
52,M,2,19,1,1
40,M,1,2,1,0
83,F,2,310,0,1
30,F,1,4,0,0
27,F,0,1,2,0
67,F,0,149,0,1
29,M,0,3,1,0
89,F,1,327,0,1
73,F,3,229,0,1
81,F,2,259,0,1
39,F,2,2,0,0
71,M,2,223,1,1
60,F,2,101,0,1
48,F,2,2,0,0
53,M,2,31,3,1
19,M,0,2,0,0
28,F,1,4,0,0
26,M,1,7,0,0
72,M,1,190,0,1
37,M,1,3,1,0
71,F,2,211,0,1
69,M,4,159,0,1
28,F,0,6,1,0
41,F,1,4,1,0
36,M,0,1,0,0
26,M,1,3,1,0
75,F,1,228,1,1
44,F,2,2,1,0
83,M,1,285,2,1
78,F,2,274,0,1
80,F,1,252,1,1
71,M,2,178,0,1
54,F,3,37,0,1
48,F,2,3,1,0
44,M,1,1,1,0
63,F,1,140,0,1
50,F,3,1,1,1
79,M,3,256,0,1
30,M,2,1,0,0
44,M,1,3,0,0
53,M,2,26,1,1
38,M,0,3,0,0
34,F,2,1,2,0
58,M,5,65,0,1
29,F,1,5,1,0
74,M,2,224,1,1
45,M,1,0,0,0
72,M,0,204,0,1
22,F,4,3,1,0
74,F,2,210,1,1
51,F,0,8,0,1
79,F,4,261,1,1
68,F,2,172,1,1
75,F,1,248,0,1
64,M,1,125,1,1
25,F,3,2,0,0
88,F,1,331,1,1
46,F,0,5,0,0
81,M,1,298,0,1
54,F,1,42,0,1
63,M,2,127,0,1
31,F,3,3,2,0
82,F,2,307,1,1
74,M,1,215,0,1
50,M,1,3,0,1
48,M,1,1,1,0
75,M,1,225,1,1
29,M,1,6,1,0
38,M,1,2,1,0
28,M,3,2,0,0
55,F,1,52,0,1
44,F,3,1,2,0
88,F,2,317,1,1
82,F,0,281,1,1
61,F,1,102,1,1
73,M,4,209,0,1
54,M,0,35,0,1
48,M,2,4,0,0
74,F,3,233,0,1
43,M,4,3,0,0
40,F,4,3,1,0
28,F,3,4,1,0
77,M,4,249,1,1
75,M,0,256,0,1
19,M,1,5,0,0
78,M,1,236,0,1
35,M,3,1,0,0
81,M,0,289,0,1
30,M,0,8,1,0
29,F,0,3,0,0
36,F,1,2,0,0
85,M,1,347,1,1
86,M,0,321,1,1
65,M,0,126,0,1
19,F,1,3,3,0
62,F,0,110,0,1
39,M,0,5,1,0
70,M,1,190,2,1
59,M,0,72,2,1
81,F,1,272,0,1
68,F,3,164,0,1
40,F,2,4,0,0
73,M,1,203,1,1
35,F,1,3,1,0
45,M,1,2,1,0
34,F,4,5,1,0
33,M,3,3,0,0
46,F,1,1,1,0
79,M,0,268,0,1
50,F,2,5,0,0
26,M,2,3,0,0
72,F,1,215,2,1
22,F,0,5,2,0
58,F,0,66,0,1
34,M,0,3,0,0
83,F,2,337,0,1
53,M,0,29,0,1
47,M,2,2,0,0
85,M,0,300,0,1
50,M,0,1,1,0
70,F,1,175,0,1
49,M,2,5,0,0
58,M,2,74,0,1
53,F,1,32,0,1
55,M,2,46,0,1
49,F,1,3,1,0
67,F,0,155,1,1
52,F,1,17,0,1
63,M,1,123,0,1
70,M,0,187,1,1
42,F,1,2,0,0
30,M,4,0,0,0
24,F,0,1,0,0
61,F,1,90,0,1
32,M,1,5,1,0
43,M,0,2,0,0
74,M,2,200,0,1
51,F,0,12,0,1
63,M,1,142,0,1
28,M,2,1,0,0
75,F,1,239,0,1
60,M,1,106,0,1
21,F,0,7,1,0
51,M,2,12,0,1
82,M,2,317,0,1
52,M,4,22,0,1
45,M,2,3,3,0
20,M,5,1,1,0
84,M,0,315,1,1
34,F,2,3,0,0
60,F,3,103,1,1
48,F,3,3,0,0
57,M,5,65,0,1
26,F,4,4,0,0
76,M,1,238,0,1
29,F,1,0,1,0
63,F,3,120,0,1
36,F,0,3,0,0
66,M,3,157,0,1
24,F,1,3,0,0
29,F,2,1,0,0
82,M,2,292,1,1
61,M,1,101,0,1
76,F,0,227,2,1
43,M,0,2,0,0
72,F,3,191,2,1
23,M,1,4,0,0
69,M,2,172,1,1
27,M,1,5,1,0
64,F,1,135,1,1
52,M,0,17,1,1
63,M,2,118,0,1
36,M,1,3,0,0
25,M,2,0,1,0
73,M,2,217,1,1
51,F,3,10,0,1
26,F,3,3,1,0
48,M,3,2,0,0
18,F,4,5,0,0
81,M,2,299,1,1
89,M,4,372,2,1
46,F,2,4,1,0
40,M,1,4,0,0
63,M,3,117,1,1
54,F,0,35,0,1
72,M,3,197,0,1
33,M,2,4,0,0
45,F,2,3,2,0
33,M,1,6,0,0
86,M,3,342,2,1
46,M,2,2,0,0
64,M,1,135,0,1
74,M,1,252,1,1
62,F,0,107,1,1
20,M,0,3,0,0
89,F,1,357,0,1
78,F,3,263,0,1
40,F,1,1,0,0
89,F,2,410,1,1
82,F,4,306,0,1
58,M,3,87,0,1
49,F,2,2,1,0
43,F,3,2,0,0
36,F,1,1,0,0
34,M,3,2,0,0
26,F,2,2,0,0
31,M,2,4,0,0
88,F,2,317,1,1
41,M,3,4,0,0
33,M,2,3,0,0
79,M,1,280,0,1
60,M,1,115,2,1
18,F,3,1,3,0
36,F,2,0,0,0
74,F,0,204,0,1
37,M,1,1,0,0
66,M,0,150,0,1
59,F,1,99,1,1
19,F,3,3,1,0
27,M,0,4,2,0
23,M,2,2,0,0
77,F,0,246,0,1
70,F,2,190,1,1
27,M,1,3,1,0
66,M,0,135,2,1
29,F,1,1,1,0
40,M,1,4,2,0
67,F,3,155,1,1
80,M,1,296,0,1
39,M,5,0,0,0
33,M,1,4,0,0
19,M,3,3,0,0
48,F,1,3,0,0
58,F,1,58,0,1
26,M,2,5,3,0
65,F,0,138,2,1
64,M,2,135,0,1
29,F,2,4,2,0
24,F,5,1,1,0
32,M,0,2,0,0
30,F,1,2,0,0
30,M,0,3,1,0
73,M,2,199,0,1
34,M,2,4,0,0
54,F,1,45,1,1
73,F,2,185,1,1
65,M,2,122,1,1
48,M,1,4,0,0
70,F,1,189,0,1
19,F,1,1,0,0
61,M,2,116,0,1
43,F,1,1,0,0
32,F,3,5,0,0
30,F,4,4,1,0
68,M,0,174,0,1
87,M,2,355,1,1
26,F,3,3,0,0
39,F,1,4,0,0
37,F,1,2,2,0
53,F,0,19,0,1
50,F,0,2,0,1
66,M,2,177,0,1
26,F,0,3,0,0
54,M,3,34,0,1
25,M,2,0,0,0
75,M,1,224,1,1
64,F,3,119,1,1
81,M,2,274,0,1
71,M,3,215,1,1
67,F,3,183,0,1
44,F,1,4,0,0
78,M,0,267,0,1
46,M,1,2,0,0
35,M,0,4,0,0
32,M,2,4,0,0
55,F,1,54,0,1
55,F,2,35,0,1
36,F,2,5,1,0
59,M,1,90,1,1
32,F,4,2,1,0
85,M,0,329,0,1
20,M,1,2,1,0
20,M,2,2,0,0
41,F,1,2,0,0
83,M,0,319,1,1
33,M,2,4,0,0
89,F,1,350,0,1
42,M,1,8,0,0
42,F,1,0,0,0
25,M,0,2,1,0
70,M,0,162,4,1
80,M,0,267,0,1
77,F,3,265,0,1
28,M,1,3,0,0
64,F,1,113,0,1
50,M,3,5,0,0
38,F,2,8,1,0
73,M,3,200,0,1
62,F,2,117,0,1
80,M,2,288,1,1
81,M,2,265,0,1
79,F,4,269,0,1
25,F,0,3,1,0
62,M,4,111,0,1
52,M,5,23,1,1
30,M,1,1,0,0
19,F,2,5,2,0
32,M,2,3,2,0
78,F,1,239,0,1
67,F,0,133,0,1
74,M,4,214,1,1
82,F,1,323,2,1
21,M,2,1,0,0
47,F,1,7,1,0
71,F,1,169,0,1
70,M,2,208,1,1
67,F,2,146,0,1
28,F,2,2,2,0
27,M,1,2,0,0
48,M,2,2,0,0
55,M,0,49,0,1
40,F,1,5,1,0
67,F,0,138,0,1
33,F,3,1,1,0
42,F,2,2,0,0
25,F,3,1,2,0
54,M,3,40,0,1
71,M,3,187,0,1
88,M,0,331,0,1
35,F,0,4,1,0
63,M,2,115,1,1
21,F,4,5,0,0
54,F,0,37,1,1
81,M,2,286,0,1
22,F,3,3,0,0
45,F,0,0,0,0
26,M,2,1,1,0
56,F,3,48,1,1
79,M,0,251,1,1
51,M,2,10,0,1
71,M,2,181,1,1
39,M,1,2,0,0
78,M,3,263,0,1
35,F,2,2,1,0
59,M,2,93,0,1
43,F,1,3,3,0
59,F,1,82,0,1
37,F,1,4,0,0
56,F,3,56,0,1
37,M,4,2,1,0
70,M,3,192,1,1
34,F,1,1,2,0
41,M,3,3,0,0
19,M,1,2,2,0
53,F,2,30,0,1
18,F,1,2,1,0
51,M,1,11,0,1
79,M,1,276,0,1
65,M,0,150,2,1
55,M,1,49,0,1
33,F,3,3,0,0
80,F,2,270,1,1
19,M,1,1,0,0
31,F,0,7,0,0
24,M,2,3,0,0
43,F,1,1,0,0
30,M,3,1,0,0
28,M,4,4,1,0
79,M,1,257,0,1
57,F,0,79,1,1
69,F,0,163,1,1
55,F,2,46,0,1
71,F,1,194,0,1
72,F,1,176,0,1
49,M,2,2,1,0
78,M,2,252,1,1
25,M,0,4,0,0
85,M,0,300,0,1
51,F,0,12,0,1
29,F,0,1,1,0
80,F,0,285,2,1
66,F,1,139,0,1
54,M,7,40,1,1
37,M,0,4,1,0
63,M,2,109,1,1
75,M,4,214,1,1
44,F,1,5,0,0
28,F,0,4,1,0
28,F,0,3,1,0
75,F,1,232,0,1
63,M,3,129,4,1
36,M,3,0,0,0
52,F,2,23,0,1
30,F,1,5,2,0
42,F,3,3,0,0
76,F,1,243,3,1
36,F,2,3,1,0
87,F,1,320,1,1
68,F,0,167,0,1
22,M,1,2,0,0
40,M,1,4,1,0
40,M,2,3,0,0
59,F,3,77,0,1
89,M,1,355,0,1
36,M,1,3,0,0
30,M,1,2,1,0
72,F,3,228,1,1
62,M,1,98,0,1
44,M,2,0,0,0
68,M,1,145,0,1
52,F,1,24,0,1
81,F,2,289,0,1
84,M,1,294,1,1
40,F,0,1,0,0
69,M,1,190,1,1
54,F,3,46,1,1
71,F,3,191,1,1
44,M,2,1,1,0
42,M,3,1,2,0
19,F,4,5,1,0
78,F,1,248,1,1
55,M,1,55,0,1
45,F,2,4,0,0
56,F,3,57,0,1
89,F,1,370,1,1
77,M,0,243,0,1
82,F,0,281,1,1
45,F,1,1,0,0
65,F,3,132,2,1
55,F,0,55,2,1
77,F,0,238,2,1
70,M,0,170,0,1
57,F,4,70,0,1
52,F,1,28,0,1
70,F,2,171,0,1
54,F,0,42,0,1
26,F,2,2,1,0
21,M,3,4,1,0
89,M,5,348,0,1
36,M,1,5,1,0
75,M,2,216,0,1
26,M,0,5,1,0
28,M,4,2,0,0
20,M,0,2,0,0
35,F,1,10,0,0
88,M,0,314,0,1
59,F,1,96,0,1
18,F,0,4,0,0
72,F,1,181,0,1
85,M,2,325,2,1
28,M,1,2,1,0
57,F,0,58,2,1
87,F,3,355,0,1
41,M,2,3,1,0
42,M,0,2,1,0
62,M,1,118,0,1
89,F,3,346,0,1
84,M,1,306,1,1
72,F,2,217,0,1
38,M,0,2,2,0
52,M,1,15,0,1
30,F,3,2,3,0
44,M,1,6,0,0
86,F,1,369,0,1
24,M,1,2,1,0
27,M,1,5,0,0
24,M,1,2,0,0
32,F,4,4,0,0
63,F,2,116,1,1
44,F,2,4,1,0
73,F,2,199,1,1
61,M,5,105,2,1
83,F,2,305,1,1
41,M,1,4,0,0
44,M,3,3,3,0
20,M,1,1,0,0
85,F,3,325,1,1
78,M,1,277,1,1
39,M,2,3,0,0
34,F,1,2,0,0
85,M,0,303,0,1
55,M,3,42,0,1
84,F,2,314,0,1
40,M,2,4,1,0
29,M,0,2,1,0
60,F,0,100,1,1
79,F,0,243,1,1
25,F,0,5,1,0
68,F,0,147,0,1
20,M,2,2,0,0
68,F,4,154,1,1
81,F,2,281,3,1
78,M,0,246,0,1
61,F,2,110,1,1
56,M,1,55,0,1
27,M,0,2,1,0
54,M,1,37,1,1
84,F,1,338,0,1
44,F,2,1,0,0
38,M,0,4,1,0
80,F,3,276,1,1
56,F,3,45,2,1
82,F,0,307,0,1
21,M,1,4,0,0
29,M,2,2,0,0
66,M,0,147,4,1
73,F,2,187,0,1
88,M,0,344,0,1
37,F,2,3,0,0
36,M,1,4,0,0
31,F,0,6,0,0
71,F,3,200,0,1
32,M,3,7,1,0
82,F,2,325,3,1
59,M,1,79,2,1
66,M,1,155,2,1
38,M,2,4,0,0
70,M,1,191,1,1
35,F,3,2,0,0
30,M,0,2,0,0
25,F,1,0,0,0
28,F,2,2,0,0
41,M,1,5,0,0
25,F,1,1,1,0
73,F,0,202,0,1
43,M,0,3,1,0
19,M,2,4,1,0
82,F,2,307,1,1
52,F,2,31,0,1
64,M,1,139,0,1
61,M,2,98,0,1
75,M,2,226,1,1
21,M,1,2,1,0
43,M,2,3,0,0
39,F,2,2,0,0
59,F,2,93,2,1
83,F,3,313,0,1
18,F,5,1,0,0
89,M,1,370,1,1
52,F,0,20,0,1
79,M,2,263,1,1
86,F,2,340,1,1
30,F,0,1,0,0
34,F,1,5,1,0
73,F,0,212,0,1
48,M,0,2,2,0
50,F,0,2,1,0
40,M,2,2,1,0
30,M,0,3,0,0
78,F,1,257,1,1
52,F,1,21,1,1
18,M,2,1,1,0
84,F,2,334,0,1
26,F,4,1,0,0
81,F,1,318,1,1
68,F,0,182,1,1
46,F,0,3,0,0
46,F,1,1,1,0
22,M,1,5,1,0
46,F,1,0,0,0
82,F,1,280,0,1
81,M,2,297,1,1
89,M,4,337,1,1
66,F,3,149,0,1
54,F,3,50,0,1
75,F,1,216,0,1
34,F,3,3,0,0
82,M,0,297,0,1
57,F,0,65,0,1
50,M,2,1,0,0
68,M,0,172,1,1
60,M,1,89,0,1
52,M,1,23,0,1
82,M,4,278,0,1
43,F,3,5,0,0
78,F,1,280,1,1
35,F,1,1,1,0
47,M,2,4,1,0
39,F,1,3,0,0
31,M,1,2,0,0
21,F,1,3,0,0
58,M,0,71,1,1
36,F,0,3,0,0
89,F,2,363,0,1
86,M,3,334,0,1
41,F,0,1,1,0
18,M,1,4,0,0
71,F,2,184,0,1
70,F,1,176,0,1
43,M,2,9,0,0
74,F,3,202,1,1
26,M,2,4,0,0
47,M,2,4,1,0
32,M,6,5,1,0
60,F,2,94,1,1
22,F,1,3,0,0
33,F,0,2,0,0
29,M,0,4,0,0
66,M,2,131,0,1
47,M,2,0,1,0
68,M,1,173,1,1
27,F,1,2,1,0
70,M,1,201,0,1
59,F,3,84,0,1
53,F,2,32,0,1
45,M,0,3,2,0
87,M,1,326,0,1
63,F,1,103,1,1
80,M,1,263,2,1
36,M,0,3,1,0
59,M,0,76,1,1
68,M,1,135,0,1
67,M,1,148,0,1
49,F,0,1,0,0
37,M,2,3,0,0
41,M,1,7,0,0
85,M,2,315,0,1
36,F,3,5,1,0
64,M,1,125,1,1
67,M,1,157,0,1
82,F,1,284,0,1
47,F,0,5,0,0
38,M,0,5,1,0
23,F,1,1,0,0
88,M,1,338,2,1
49,F,0,3,2,0
25,M,3,3,0,0
22,F,0,3,0,0
56,M,1,72,2,1
51,M,1,15,0,1
25,F,1,3,0,0
81,F,5,267,1,1
31,M,2,2,0,0
45,M,0,3,0,0
73,F,1,222,0,1
49,M,2,3,1,0
22,F,1,2,0,0
66,F,3,146,1,1
45,F,0,1,1,0
70,F,1,182,0,1
31,M,1,2,0,0
61,F,3,112,0,1
79,F,3,285,0,1
34,F,1,4,0,0
23,F,1,4,0,0
52,M,0,23,0,1
42,F,2,3,0,0
62,M,1,106,1,1
79,F,1,270,1,1
84,F,2,336,0,1
67,F,2,151,1,1
85,M,3,310,0,1
68,F,5,146,2,1
85,M,2,333,1,1
89,F,1,371,1,1
31,F,0,1,0,0
19,F,3,6,0,0
18,F,0,2,0,0
65,M,3,151,0,1
44,F,1,2,1,0
71,M,1,180,0,1
80,F,2,296,0,1
71,F,1,208,1,1
47,F,2,6,0,0
69,M,2,172,0,1
67,F,1,151,0,1
23,F,4,3,0,0
21,M,0,3,0,0
24,M,2,3,0,0
56,F,0,62,0,1
73,F,1,224,0,1
77,M,0,233,1,1
62,M,4,120,0,1
86,M,0,357,0,1
36,F,1,2,0,0
35,F,2,4,4,0
18,M,0,4,0,0
27,F,1,2,0,0
56,M,1,60,2,1
73,M,2,206,0,1
24,M,3,2,1,0
77,F,1,233,0,1
71,F,1,196,0,1
27,F,0,1,0,0
42,F,1,4,0,0
63,F,0,126,2,1
76,M,1,242,1,1
76,F,0,242,2,1
24,M,0,6,0,0
22,F,5,2,1,0
53,F,2,32,0,1
34,M,0,4,0,0
25,F,1,4,0,0
50,F,2,4,0,0
74,M,0,215,1,1
56,F,1,42,1,1
58,M,0,78,0,1
62,M,2,118,0,1
34,F,1,2,0,0
65,M,4,149,1,1
87,M,1,351,0,1
24,M,3,2,0,0
67,M,1,159,0,1
47,F,2,2,0,0
42,F,3,3,1,0
28,M,1,1,0,0
79,M,1,276,1,1
49,F,1,1,1,0
45,M,2,2,1,0
87,M,0,333,0,1
85,F,3,307,2,1
24,F,0,1,0,0
39,F,4,4,1,0
39,M,3,2,0,0
88,F,0,338,2,1
19,F,2,4,0,0
22,M,3,4,1,0
78,M,1,228,0,1
70,M,2,182,0,1
48,F,2,0,0,0
38,M,1,4,1,0
18,M,0,1,1,0
48,F,2,4,1,0
57,F,1,73,0,1
63,M,1,110,1,1
42,F,1,2,1,0
21,F,3,1,3,0
36,F,1,1,0,0
34,M,1,3,0,0
87,M,3,305,0,1
25,M,2,2,0,0
76,F,1,234,1,1
71,M,2,223,1,1
51,F,2,12,0,1
33,F,4,0,0,0
25,F,1,4,0,0
53,F,2,27,1,1
74,M,3,203,0,1
41,F,1,4,1,0
74,F,0,211,1,1
35,M,1,5,0,0
39,F,4,2,0,0
85,F,2,313,1,1
60,M,0,88,0,1
54,M,2,48,0,1
58,F,1,83,0,1
64,F,0,144,1,1
58,M,0,76,0,1
68,M,0,170,1,1
34,M,0,2,0,0
77,M,3,234,0,1
18,F,1,3,1,0
36,M,0,3,1,0
40,F,4,4,0,0
23,M,0,1,0,0
76,F,0,226,0,1
51,M,4,11,1,1
69,F,3,193,2,1
30,M,2,2,0,0
89,M,2,368,1,1
19,F,1,1,1,0
64,F,1,133,0,1
84,M,0,318,1,1
80,M,3,275,0,1
63,M,0,118,2,1
88,F,2,349,1,1
47,F,1,1,0,0
43,M,1,4,1,0
27,F,0,5,0,0
68,M,2,164,1,1
72,F,3,220,0,1
22,F,1,2,1,0
56,M,1,43,2,1
62,M,2,96,1,1
30,F,2,1,2,0
54,M,1,31,2,1
88,M,2,358,0,1
75,F,1,207,0,1
86,F,3,340,0,1
56,F,1,63,0,1
84,M,1,320,0,1
87,M,0,363,0,1
77,M,1,263,0,1
49,M,1,2,1,0
56,M,2,65,0,1
51,M,1,13,0,1
39,F,3,3,1,0
58,F,0,73,0,1
64,M,2,119,0,1
78,M,3,250,1,1
28,F,1,4,1,0
54,F,3,34,2,1
62,F,0,118,0,1
62,M,3,123,1,1
22,F,0,5,0,0
70,M,1,184,0,1
18,F,0,4,0,0
64,F,1,138,0,1
69,M,3,188,0,1
39,F,4,2,0,0
42,M,0,5,0,0
38,M,1,3,0,0
68,F,0,141,1,1
33,F,2,2,0,0
74,F,0,193,2,1
39,F,1,6,0,0
78,F,1,252,0,1
87,F,1,308,2,1
62,M,6,118,0,1
19,M,3,1,2,0
78,F,1,259,0,1
72,M,6,204,1,1
65,F,2,148,0,1
82,M,3,300,1,1
84,M,0,312,3,1
50,M,3,1,0,0
82,M,1,276,0,1
55,M,0,49,1,1
21,F,1,2,1,0
55,M,0,52,1,1
37,M,3,1,1,0
70,M,0,190,2,1
45,F,2,3,1,0
70,M,1,144,1,1
36,M,1,2,0,0
78,F,1,246,1,1
30,M,1,3,0,0
32,F,3,2,0,0
80,F,1,287,0,1
70,F,0,194,0,1
19,F,2,3,3,0
50,M,1,7,0,0
31,F,0,4,0,0
81,M,2,295,0,1
72,M,0,195,0,1
73,F,2,228,0,1
34,M,3,2,2,0
70,F,1,179,3,1
36,M,1,3,0,0
61,F,0,104,0,1
87,F,2,375,0,1
75,F,3,233,0,1
72,F,1,187,0,1
29,M,2,2,0,0
50,M,0,2,0,0
59,F,0,88,1,1
27,M,0,6,0,0
63,M,1,132,0,1
37,F,1,6,1,0
89,F,0,326,1,1
88,F,0,348,1,1
55,M,2,43,1,1
74,M,2,212,1,1
86,M,1,356,0,1
23,F,2,4,1,0
32,F,2,1,2,0
68,M,1,154,0,1
31,M,1,4,0,0
45,M,3,2,1,0
82,M,0,311,1,1
69,M,1,165,1,1
50,F,2,1,0,0
39,M,2,4,0,0
48,F,1,0,1,0
27,F,0,2,0,0
78,F,0,279,0,1
19,M,1,4,0,0
27,M,4,0,0,0
39,F,0,3,0,0
46,M,0,3,1,0
79,M,1,264,1,1
71,F,3,195,2,1
82,F,3,313,1,1
67,M,1,158,0,1
67,F,2,172,1,1
33,F,4,3,1,0
71,F,1,200,0,1
48,M,2,4,2,0
32,F,2,4,0,0
78,F,0,286,1,1
43,F,2,3,1,0
87,M,1,337,0,1
82,F,1,321,1,1
77,F,0,260,1,1
89,F,1,412,0,1
38,M,2,1,0,0
49,F,2,3,0,0
32,M,2,6,0,0
73,F,1,227,0,1
46,F,2,4,1,0
85,F,2,317,0,1
29,M,4,3,1,0
89,M,0,334,0,1
31,F,2,2,1,0
39,M,0,2,0,0
87,F,1,348,0,1
65,F,1,155,0,1
51,M,1,8,1,1
46,F,1,3,0,0
38,M,0,4,0,0
51,M,6,11,0,1
33,M,0,2,0,0
51,F,2,12,1,1
58,M,1,86,0,1
38,F,3,4,0,0
43,F,2,4,0,0
19,F,3,5,0,0
81,M,0,260,0,1
73,M,1,200,0,1
89,M,1,373,0,1
68,M,1,150,1,1
89,M,2,356,1,1
78,M,4,233,1,1
31,F,2,2,0,0
29,M,0,1,0,0
65,F,1,151,1,1
35,M,0,3,0,0
71,F,2,205,1,1
60,F,1,95,1,1
88,M,6,357,0,1
85,F,0,328,2,1
77,M,2,238,1,1
51,M,2,9,0,1
67,M,0,141,0,1
32,M,1,4,0,0
84,M,3,352,1,1
60,M,0,99,4,1
62,M,3,114,2,1
86,M,0,319,0,1
50,F,0,1,0,0
80,M,1,296,0,1
71,M,2,209,0,1
82,M,0,271,1,1
28,M,2,1,1,0
47,M,0,3,0,0
61,M,1,97,0,1
36,F,1,4,0,0
44,F,2,1,2,0
80,M,1,265,1,1
81,F,5,262,1,1
74,M,2,220,0,1
34,F,2,3,0,0
79,M,2,291,0,1
24,M,2,2,0,0
46,F,2,6,0,0
24,M,0,4,1,0
38,M,0,1,0,0
74,M,4,235,0,1
35,M,1,3,0,0
53,F,3,31,1,1
80,M,3,283,1,1
37,M,1,3,1,0
84,M,1,284,1,1
59,F,3,80,0,1
44,M,1,5,1,0
63,F,2,113,1,1
80,M,1,240,0,1
41,M,2,3,0,0
45,M,0,3,3,0
23,F,0,6,1,0
50,F,3,5,0,0
41,F,0,5,2,0
58,M,2,79,0,1
62,M,1,125,0,1
33,F,5,7,1,0
42,F,1,2,1,0
37,M,3,1,0,0
24,M,2,2,0,0
37,F,1,3,1,0
67,M,1,153,1,1
36,F,2,6,0,0
47,F,1,3,0,0
55,F,1,45,0,1
18,M,1,2,0,0
25,F,4,2,1,0
21,F,0,1,1,0
74,M,3,204,0,1
39,F,3,1,0,0
30,M,1,5,2,0
30,F,1,4,0,0
49,M,3,4,1,0
25,F,3,6,1,0
64,M,0,117,0,1
68,M,0,170,0,1
27,F,1,5,1,0
88,F,0,328,0,1
47,M,1,2,1,0
78,F,0,261,1,1
58,M,3,70,0,1
80,M,2,277,1,1
57,M,3,75,0,1
40,M,0,4,1,0
82,F,1,285,3,1
82,M,0,293,0,1
74,F,0,209,0,1
66,F,2,127,1,1
26,M,1,5,0,0
73,F,2,192,1,1
77,F,1,251,2,1
64,M,0,130,1,1
57,M,1,62,0,1
65,M,1,130,0,1
66,F,3,141,1,1
25,M,0,3,0,0
29,F,4,3,0,0
38,M,0,2,0,0
51,F,2,10,1,1
46,F,0,0,0,0
68,F,0,177,0,1
61,F,1,101,0,1
75,F,0,224,0,1
33,M,1,5,1,0
76,M,0,233,2,1
34,M,1,4,1,0
33,M,2,1,0,0
83,F,2,311,1,1
77,F,1,269,1,1
25,F,2,2,1,0
58,M,0,77,0,1
86,F,1,365,0,1
66,M,1,154,0,1
58,F,1,69,0,1
79,M,1,235,0,1
60,M,3,89,1,1
47,M,2,4,0,0
83,M,3,305,3,1
84,M,3,302,0,1
84,M,0,304,0,1
81,M,2,294,0,1
36,M,4,2,0,0
76,F,3,220,2,1
41,F,2,3,1,0
45,M,0,2,0,0
59,F,2,76,2,1
56,F,1,56,2,1
81,M,3,266,2,1
30,M,1,2,0,0
61,F,0,103,1,1
72,M,2,192,1,1
49,M,0,2,0,0
82,F,1,320,0,1
72,M,2,185,0,1
29,F,4,2,1,0
28,M,1,4,0,0
71,M,0,192,0,1
45,M,0,4,1,0
67,F,0,158,0,1
72,M,1,204,0,1
20,F,2,5,0,0
68,F,1,183,0,1
84,M,3,289,0,1
77,F,2,231,0,1
52,F,1,14,0,1
52,M,2,21,0,1
37,M,0,2,0,0
53,M,0,26,0,1
20,M,1,3,0,0
31,M,1,3,0,0
74,F,2,233,1,1
40,F,0,2,0,0
42,M,2,2,1,0
68,F,2,155,0,1
54,M,3,48,0,1
50,F,3,3,1,1
32,M,2,1,1,0
42,F,1,4,3,0
61,F,3,81,1,1
62,M,0,128,0,1
46,F,1,4,1,0
66,M,1,178,0,1
76,F,1,259,3,1
24,M,0,1,2,0
65,M,0,153,0,1
69,M,1,182,1,1
69,M,1,160,2,1
38,M,0,2,0,0
36,M,2,2,0,0
49,F,0,5,1,0
22,M,2,2,1,0
39,F,0,1,0,0
81,F,2,289,0,1
78,F,2,253,0,1
85,F,1,324,0,1
20,M,3,2,0,0
64,F,1,116,0,1
22,M,1,2,0,0
84,F,1,289,0,1
55,M,6,45,3,1
68,M,1,162,2,1
34,M,1,1,0,0
61,M,1,106,0,1
78,M,2,259,1,1
48,M,3,4,1,0
75,F,1,223,1,1
43,F,3,2,1,0
34,M,2,4,0,0
53,M,4,30,2,1
67,M,2,158,0,1
34,F,3,3,0,0
55,M,2,62,2,1
48,F,2,1,2,0
79,M,0,246,0,1
54,F,1,44,0,1
19,M,2,3,0,0
20,F,1,3,0,0
54,M,0,37,2,1
46,F,1,4,1,0
22,M,4,1,1,0
38,M,0,7,1,0
42,F,2,3,0,0
63,M,2,108,1,1
32,M,2,2,1,0
76,F,1,255,0,1
67,F,1,146,0,1
62,F,3,97,2,1
69,F,1,156,0,1
65,F,1,153,0,1
25,M,1,4,0,0
62,F,2,115,0,1
32,M,1,5,0,0
36,F,2,5,0,0
74,M,2,210,0,1
45,F,1,4,1,0
74,F,1,210,0,1
78,F,0,267,1,1
35,F,2,3,3,0
86,F,1,318,1,1
50,M,1,6,1,0
31,F,0,4,1,0
38,F,0,5,0,0
18,M,1,4,0,0
30,M,2,3,0,0
87,F,1,334,0,1
28,F,1,5,1,0
79,M,0,248,2,1
65,F,4,142,0,1
61,F,1,103,1,1
81,F,2,289,0,1
76,M,0,248,0,1
55,F,1,39,0,1
60,M,2,88,1,1
89,F,2,374,1,1
83,F,1,334,0,1
42,F,1,1,0,0
35,F,1,6,1,0
20,M,1,1,0,0
49,F,0,1,0,0
62,M,2,115,0,1
66,M,1,143,3,1
89,F,0,345,3,1
33,F,2,2,0,0
53,F,1,31,0,1
69,F,1,208,0,1
24,F,1,1,1,0
36,M,2,4,0,0
71,F,0,207,0,1
69,F,1,181,0,1
32,M,1,4,0,0
75,M,1,234,0,1
80,F,1,252,0,1
48,M,3,1,2,0
41,F,2,6,0,0
89,M,1,328,0,1
36,M,2,5,0,0
63,M,2,127,0,1
44,F,2,6,0,0
72,M,0,214,1,1
62,F,4,111,0,1
19,F,0,8,0,0
21,F,0,1,0,0
26,F,0,2,1,0
89,M,2,349,1,1
69,F,0,175,1,1
41,M,0,1,0,0
85,F,2,309,0,1
39,F,2,3,1,0
63,F,1,103,0,1
52,M,1,23,0,1
83,F,0,299,0,1
52,F,3,26,0,1
22,F,1,3,0,0
46,F,0,4,1,0
82,F,1,292,2,1
46,F,1,0,1,0
81,F,0,297,1,1
20,F,3,3,2,0
63,M,2,114,0,1
28,F,2,1,0,0
48,F,3,4,0,0
56,F,3,58,2,1
68,F,4,179,1,1
70,M,1,185,1,1
35,M,0,4,0,0
68,F,0,165,2,1
66,M,1,142,2,1
19,M,0,5,1,0
67,M,2,145,3,1
85,M,0,327,1,1
56,F,2,51,1,1
31,M,2,4,1,0
36,M,0,2,0,0
73,M,2,200,0,1
18,F,1,2,0,0
30,F,0,2,0,0
32,M,1,1,1,0
35,F,3,4,2,0
78,F,2,261,1,1
26,M,0,3,1,0
33,M,1,1,0,0
81,M,0,270,0,1
23,F,2,4,2,0
39,M,2,1,0,0
35,F,1,2,2,0
75,M,3,232,0,1
55,M,1,37,1,1
28,F,2,2,0,0
60,F,3,97,0,1
83,M,4,368,0,1
81,M,0,323,2,1
84,F,1,285,0,1
79,M,1,248,2,1
80,F,0,291,0,1
87,F,0,355,1,1
61,F,2,98,1,1
81,F,0,302,1,1
41,M,2,1,1,0
50,F,2,0,3,1
41,M,1,6,1,0
28,F,3,4,2,0
22,F,3,3,0,0
86,M,0,332,1,1
66,M,2,160,0,1
34,F,0,4,0,0
42,M,3,2,1,0
62,M,0,123,1,1
27,M,3,6,3,0
37,F,1,2,0,0
24,M,0,2,0,0
76,M,0,241,0,1
45,F,2,1,0,0
32,M,2,2,3,0
31,F,3,4,1,0
48,F,2,3,0,0
67,F,2,128,1,1
33,M,3,5,0,0
32,M,1,3,2,0
79,F,3,257,0,1
18,M,1,3,1,0
62,M,2,120,0,1
19,M,3,1,0,0
63,M,0,117,0,1
37,M,1,1,0,0
40,M,2,2,2,0
54,F,1,30,0,1
30,M,3,3,1,0
70,F,2,202,0,1
79,F,2,250,0,1
48,M,0,3,1,0
73,F,3,211,1,1
73,M,0,214,0,1
70,F,2,170,0,1
72,M,1,206,0,1
89,F,1,361,1,1
34,F,0,3,0,0
58,M,3,82,0,1
86,M,2,312,1,1
30,F,3,1,2,0
42,F,2,2,0,0
61,M,2,91,0,1
24,M,2,1,0,0
38,F,2,1,0,0
40,F,2,3,0,0
54,M,2,42,0,1
57,M,2,72,0,1
51,F,0,14,1,1
76,F,2,236,1,1
58,F,1,73,0,1
71,F,3,212,0,1
84,M,0,319,1,1
58,F,0,72,0,1
76,M,0,219,0,1
51,M,2,21,0,1
47,F,2,2,1,0
21,F,2,4,0,0
76,F,3,229,0,1
24,M,1,4,0,0
79,F,1,255,1,1
29,F,2,0,1,0
73,M,2,240,2,1
88,F,2,334,0,1
57,F,3,60,3,1
73,F,1,227,0,1
82,F,3,294,0,1
78,M,1,237,0,1
53,M,1,22,0,1
83,M,2,314,1,1
25,M,1,5,0,0
25,F,0,3,0,0
37,M,1,3,0,0
89,F,2,341,2,1
65,F,1,158,1,1
31,F,2,3,0,0
45,F,1,6,1,0
18,M,1,3,2,0
48,M,0,4,1,0
61,M,1,99,1,1
46,M,2,7,1,0
54,M,0,42,0,1
31,M,1,4,0,0
23,F,1,1,0,0
24,M,1,2,1,0
66,M,0,148,0,1
21,M,0,3,0,0
31,F,0,3,0,0
66,F,1,162,0,1
75,M,1,209,0,1
41,M,3,4,3,0
53,F,1,42,1,1
50,F,0,2,1,1
72,F,0,190,1,1
85,M,2,323,0,1
78,M,3,258,0,1
63,F,2,123,0,1
71,M,0,176,1,1
76,F,4,220,0,1
79,F,3,256,0,1
72,F,1,225,1,1
69,M,3,186,0,1
86,F,3,323,0,1
44,M,2,1,0,0
22,F,2,3,0,0
53,F,0,30,0,1
45,F,1,4,0,0
20,M,0,4,0,0
86,F,1,301,0,1
88,F,2,350,1,1
51,M,4,13,0,1
70,F,0,160,1,1
86,F,2,296,0,1
52,F,0,22,0,1
31,F,1,3,0,0
26,M,1,4,0,0
22,M,1,7,0,0
22,F,0,0,0,0
82,M,0,286,0,1
68,F,3,171,0,1
47,F,0,3,0,0
87,F,1,343,0,1
54,M,2,48,1,1
45,F,0,2,0,0
85,F,4,308,0,1
70,M,1,187,0,1
33,M,2,4,1,0
68,F,0,181,0,1
87,M,1,332,0,1
46,M,2,4,1,0
46,F,1,5,1,0
56,F,2,43,0,1
35,F,3,1,0,0
85,F,0,269,1,1
34,M,2,2,1,0
76,M,1,232,0,1
55,M,0,37,0,1
65,M,0,129,2,1
51,M,0,13,2,1
67,M,2,158,0,1
81,M,1,287,0,1
58,F,0,60,0,1
21,M,1,4,0,0
70,F,1,167,2,1
21,F,1,4,0,0
58,M,2,78,0,1
29,M,2,4,0,0
77,M,0,258,0,1
61,F,0,107,1,1
64,M,0,132,1,1
74,M,0,218,0,1
35,M,1,5,1,0
52,F,4,17,0,1
32,M,2,3,1,0
62,F,1,130,0,1
47,M,1,1,1,0
64,F,1,113,0,1
61,F,0,93,0,1
19,F,2,2,0,0
32,M,2,1,0,0
35,M,3,3,0,0
45,F,2,2,0,0
89,M,6,367,0,1
51,M,3,14,0,1
41,F,1,5,1,0
79,F,0,289,1,1
86,F,0,297,0,1
39,F,1,5,0,0
53,M,1,38,0,1
27,M,2,4,0,0
34,M,0,2,1,0
56,M,0,57,0,1
18,M,3,4,0,0
69,M,2,184,0,1
33,M,0,3,0,0
54,F,1,39,0,1
41,F,0,1,0,0
35,M,0,2,0,0
49,M,3,11,0,0
67,M,2,141,0,1
50,F,0,4,0,0
68,M,3,153,2,1
57,M,0,75,0,1
72,M,1,215,1,1
52,M,1,17,0,1
61,M,0,94,0,1
20,F,1,2,2,0
30,F,0,2,0,0
37,M,0,2,0,0
59,M,4,78,1,1
87,M,1,334,0,1
27,M,2,1,0,0
19,M,0,2,0,0
64,F,3,138,2,1
70,M,3,174,0,1
81,M,3,284,1,1
52,F,0,30,0,1
73,F,0,206,1,1
68,M,0,174,0,1
20,M,1,1,1,0
41,M,1,2,0,0
69,F,0,170,1,1
44,F,0,2,1,0
60,F,4,109,1,1
55,M,2,53,0,1
64,M,1,100,2,1
83,F,1,334,0,1
80,M,1,259,0,1
41,M,1,3,0,0
50,F,1,5,0,1
24,M,1,5,0,0
75,M,0,265,1,1
20,F,2,5,1,0
50,F,2,3,0,0
81,M,2,269,1,1
84,F,1,320,0,1
40,M,2,1,0,0
86,F,2,346,2,1
26,F,1,3,1,0
69,F,1,149,1,1
60,F,0,99,1,1
76,M,1,219,1,1
78,M,1,270,0,1
49,M,1,1,2,0
61,M,1,97,1,1
71,M,3,184,1,1
28,F,2,1,0,0
62,F,2,104,1,1
47,M,3,2,0,0
44,F,1,3,0,0
37,M,1,3,1,0
51,F,3,14,0,1
19,F,0,2,0,0
61,M,2,99,1,1
87,M,2,332,0,1
52,F,1,21,0,1
51,M,1,17,1,1
51,F,0,4,1,1
27,F,2,2,0,0
56,F,1,66,0,1
81,M,3,272,0,1
81,M,1,304,0,1
88,F,1,356,1,1
30,M,2,1,1,0
76,M,1,264,1,1
54,M,2,33,0,1
36,M,2,4,0,0
72,F,2,163,0,1
31,F,3,5,2,0
51,F,1,11,0,1
55,F,0,61,0,1
57,M,1,65,3,1
60,F,0,98,0,1
24,M,0,7,0,0
81,M,1,275,2,1
31,M,2,4,1,0
87,M,3,355,0,1
87,F,2,318,0,1
83,F,1,282,0,1
39,F,2,4,0,0
42,M,3,3,1,0
74,M,5,209,0,1
60,M,1,86,1,1
88,F,0,301,0,1
26,M,1,3,0,0
60,F,0,113,2,1
55,F,1,50,1,1
85,M,3,308,0,1
23,F,1,1,1,0
49,M,3,0,2,0
26,F,2,2,0,0
72,F,0,192,1,1
26,M,1,2,1,0
88,F,2,337,0,1
39,F,3,2,0,0
49,F,0,5,0,0
40,M,2,7,0,0
42,M,3,2,0,0
68,F,2,172,0,1
44,M,0,5,1,0
23,M,2,1,1,0
28,M,0,4,2,0
26,F,3,5,0,0
88,M,1,351,0,1
65,M,0,125,0,1
85,M,2,312,0,1
66,F,3,138,0,1
67,M,1,152,0,1
69,M,0,181,0,1
81,M,1,289,1,1
69,M,0,172,0,1
50,M,2,1,0,0
65,F,3,122,1,1
46,M,6,1,0,0
57,F,0,48,0,1
28,F,1,1,0,0
71,F,1,170,0,1
20,F,3,2,0,0
23,F,0,3,1,0
35,M,0,2,1,0
33,F,0,3,0,0
72,M,1,199,1,1
71,F,3,169,2,1
34,M,2,5,1,0
31,F,3,2,0,0
42,F,2,4,0,0
56,M,1,45,0,1
69,M,1,200,1,1
36,M,2,1,0,0
68,F,2,162,0,1
49,F,0,1,3,0
23,M,0,3,1,0
78,M,5,280,1,1
41,F,2,1,1,0
65,F,0,134,2,1
38,M,2,4,0,0
50,M,4,3,0,0
64,F,2,131,1,1
37,M,0,4,0,0
23,F,2,7,2,0
75,F,1,213,0,1
24,M,3,1,0,0
65,M,4,123,0,1
61,M,4,97,0,1
49,F,1,2,3,0
30,M,0,1,1,0
80,F,1,271,0,1
45,F,0,3,1,0
67,F,2,163,0,1
78,F,2,244,1,1
88,M,1,375,0,1
75,F,0,226,0,1
65,F,0,151,0,1
88,M,0,364,1,1
82,F,1,276,2,1
20,M,2,0,1,0
57,M,1,60,1,1
40,M,0,9,0,0
69,M,0,171,0,1
27,M,0,5,0,0
78,F,4,245,0,1
87,F,1,374,1,1
24,F,1,3,0,0
72,M,1,209,0,1
52,M,1,17,0,1
89,F,0,353,0,1
61,F,1,95,0,1
86,M,3,319,0,1
22,M,2,0,0,0
61,M,2,92,0,1
74,M,1,241,1,1
22,F,0,1,0,0
69,F,1,172,0,1
78,F,1,261,0,1
85,F,2,325,0,1
57,M,2,85,0,1
44,M,0,4,0,0
78,F,1,225,1,1
51,F,1,5,0,1
41,F,2,6,0,0
83,M,2,290,1,1
74,F,1,221,2,1
47,M,0,6,1,0
21,M,1,4,0,0
78,F,0,261,1,1
33,M,1,2,0,0
48,F,2,4,1,0
21,M,0,3,0,0
42,M,1,2,1,0
83,F,5,326,1,1
37,F,0,2,1,0
23,F,2,1,0,0
33,F,0,5,1,0
30,M,0,5,1,0
49,F,2,4,1,0
29,F,4,2,0,0
29,M,1,4,0,0
36,M,4,5,1,0
77,M,1,265,1,1
38,M,2,4,1,0
88,M,0,316,0,1
71,F,2,153,0,1
25,M,2,7,0,0
45,F,1,2,0,0
21,F,3,0,2,0
31,M,2,5,0,0
18,M,2,4,1,0
44,M,2,3,0,0
85,M,2,311,0,1
88,M,2,347,1,1
23,M,1,6,0,0
41,M,1,5,0,0
66,M,3,151,1,1
71,F,5,199,0,1
39,F,1,2,0,0
53,F,2,25,0,1
32,F,3,5,0,0
56,F,2,53,1,1
35,F,2,5,1,0
30,M,1,4,2,0
67,M,1,160,0,1
28,F,2,3,0,0
19,M,3,1,0,0
51,F,1,12,0,1
80,M,0,275,0,1
44,M,1,5,1,0
58,M,1,63,0,1
31,M,1,1,2,0
34,F,3,3,1,0
29,F,1,1,3,0
33,M,0,4,0,0
61,F,2,105,0,1
65,F,0,132,0,1
41,F,0,1,0,0
63,M,3,111,2,1
45,M,0,3,2,0
40,F,2,2,0,0
29,F,1,8,2,0
42,M,4,3,3,0
40,F,1,3,1,0
51,F,0,17,0,1
78,M,1,280,1,1
83,M,3,304,1,1
35,F,3,5,0,0
56,F,0,63,0,1
26,F,3,1,1,0
78,M,1,243,0,1
42,M,4,1,0,0
64,M,3,120,2,1
82,F,1,305,0,1
58,M,1,65,0,1
83,M,2,270,1,1
53,F,2,38,0,1
86,F,1,318,0,1
67,F,2,150,0,1
63,M,0,128,0,1
53,M,1,22,0,1
88,F,2,347,1,1
70,F,1,197,0,1
59,F,2,89,0,1
31,F,0,7,2,0
78,M,1,256,0,1
41,M,3,1,0,0
24,M,2,6,1,0
80,M,1,270,1,1
67,M,1,160,1,1
46,M,0,3,0,0
56,F,7,46,0,1
78,F,3,249,2,1
38,M,0,3,0,0
85,M,5,345,1,1
26,M,1,3,2,0
59,M,1,80,0,1
69,M,0,160,0,1
25,F,3,2,0,0
38,M,1,4,0,0
72,M,1,183,1,1
61,F,1,99,1,1
65,F,2,131,0,1
66,M,3,150,0,1
38,F,0,3,1,0
20,F,1,5,0,0
80,M,2,273,0,1
26,F,1,1,0,0
52,F,3,19,0,1
80,M,3,284,0,1
22,M,0,4,1,0
69,F,2,158,0,1
22,F,2,5,0,0
26,F,2,3,1,0
34,F,1,3,1,0
43,F,0,3,0,0
61,M,0,92,0,1
43,F,0,2,0,0
76,F,3,238,0,1
23,M,3,1,0,0
25,F,3,4,4,0
34,M,2,2,1,0
19,M,3,3,0,0
36,M,1,2,1,0
62,M,1,104,0,1
66,M,1,177,0,1
47,M,2,3,1,0
40,F,1,1,0,0
49,M,2,1,0,0
58,M,2,72,0,1
77,F,1,277,2,1
28,M,2,2,0,0
84,M,1,319,1,1
45,F,1,4,1,0
87,F,1,310,2,1
40,F,2,2,0,0
74,M,1,234,1,1
51,M,6,12,1,1
18,F,2,3,1,0
20,M,0,4,0,0
28,M,1,4,0,0
60,M,0,96,1,1
60,F,1,84,1,1
29,M,1,4,0,0
86,F,3,318,0,1
41,M,1,3,0,0
23,F,1,2,1,0
58,M,2,70,2,1
55,M,4,52,1,1
26,F,2,3,1,0
46,M,2,4,0,0
63,F,2,134,2,1
47,F,1,5,1,0
44,F,3,2,0,0
37,F,2,3,0,0
46,F,2,2,1,0
37,M,0,3,0,0
31,F,1,5,0,0
35,F,2,2,2,0
26,F,1,5,0,0
25,F,2,3,1,0
38,F,1,2,1,0
57,M,1,58,0,1
23,F,1,2,0,0
50,M,0,3,0,0
65,M,2,131,0,1
69,M,0,185,0,1
51,F,1,13,1,1
64,F,2,126,2,1
58,M,2,75,2,1
86,F,3,314,0,1
79,F,0,280,0,1
42,M,2,4,2,0
21,M,2,6,0,0
81,M,3,253,1,1
18,F,1,4,2,0
45,F,2,2,0,0
35,F,0,2,0,0
65,M,2,123,0,1
19,F,3,3,2,0
75,M,1,234,1,1
62,M,2,112,0,1
46,M,1,5,0,0
18,M,0,1,0,0
50,F,1,3,0,0
57,F,0,58,0,1
63,F,3,131,1,1
45,M,2,2,0,0
25,M,1,3,0,0
31,M,1,2,0,0
56,F,1,56,1,1
34,M,1,3,2,0
24,M,1,1,1,0
45,F,2,3,1,0
34,F,0,1,0,0
46,M,1,0,0,0
62,M,1,108,0,1
29,M,1,3,1,0
87,M,3,338,0,1
27,M,1,4,0,0
89,F,1,333,0,1
44,M,1,6,1,0
36,M,1,3,1,0
68,F,3,173,1,1
28,M,1,6,0,0
62,F,1,122,1,1
55,F,4,53,0,1
77,F,0,252,1,1
49,F,0,3,0,0
34,M,0,1,0,0
45,F,1,2,0,0
26,F,1,3,1,0
73,F,1,230,1,1
28,M,2,3,0,0
69,M,0,185,2,1
45,M,2,2,0,0
58,F,1,76,1,1
47,F,0,5,0,0
62,M,0,86,1,1
72,F,2,232,1,1
59,F,1,76,1,1
56,M,1,57,0,1
66,M,0,172,0,1
50,M,0,7,1,1
84,F,1,331,0,1
25,M,1,3,0,0
86,F,0,328,0,1
35,M,0,6,1,0
88,M,1,357,0,1
60,F,2,84,3,1
79,F,2,242,0,1
20,M,1,3,0,0
25,M,1,4,0,0
27,M,8,1,0,0
50,F,1,2,0,1
19,F,4,4,1,0
74,M,4,225,0,1
82,F,2,298,0,1
39,F,1,2,0,0
37,M,1,3,0,0
61,F,1,103,0,1
80,F,1,241,0,1
21,F,2,1,1,0
54,M,1,30,0,1
32,M,1,2,0,0
53,F,2,28,0,1
46,F,3,3,0,0
46,F,2,4,0,0
23,M,3,0,0,0
82,M,0,299,0,1
48,M,3,4,0,0
82,M,1,305,1,1
34,M,1,6,0,0
78,M,2,259,2,1
80,F,0,247,1,1
73,M,1,230,0,1
40,M,2,1,1,0
66,M,1,133,0,1
45,M,3,4,1,0
87,F,1,298,0,1
75,M,1,260,0,1
47,M,1,4,1,0
58,M,2,67,1,1
84,F,1,303,2,1
21,M,2,3,0,0
33,F,1,5,2,0
33,M,3,3,0,0
19,F,5,4,2,0
61,M,1,96,1,1
67,M,1,161,0,1
32,M,1,3,0,0
71,M,1,199,1,1
35,M,1,4,1,0
81,F,3,298,1,1
62,F,1,100,1,1
52,F,2,20,1,1
53,M,3,27,1,1
31,F,4,3,0,0
37,F,0,3,3,0
41,F,0,5,0,0
58,M,2,88,0,1
52,M,0,26,0,1
63,M,2,135,0,1
74,M,1,231,0,1
20,M,1,3,0,0
77,M,0,256,1,1
37,F,0,4,0,0
26,M,3,4,1,0
40,F,1,3,0,0
73,M,4,191,0,1
81,M,4,258,0,1
72,F,0,217,0,1
21,M,1,1,0,0
25,F,5,4,0,0
42,F,0,6,0,0
18,F,1,4,0,0
32,M,1,5,2,0
36,F,0,2,0,0
68,F,1,173,1,1
61,M,1,111,0,1
76,M,3,215,0,1
19,F,3,3,0,0
22,F,1,5,1,0
70,F,2,194,0,1
80,F,3,293,2,1
64,M,5,118,0,1
68,M,0,157,1,1
87,M,1,325,1,1
33,M,2,2,0,0
71,M,1,226,0,1
83,M,0,305,3,1
83,M,0,316,0,1
39,F,1,2,0,0
20,M,4,2,0,0
74,F,2,233,2,1
27,F,1,3,0,0
23,F,1,4,1,0
60,M,1,101,0,1
50,M,1,4,1,1
70,F,1,170,1,1
54,M,0,45,0,1
31,M,1,1,0,0
82,M,1,283,0,1
49,M,2,2,1,0
78,F,1,279,1,1
64,F,0,136,0,1
57,F,1,71,1,1
37,F,1,4,0,0
21,F,0,0,2,0
22,F,0,2,0,0
48,M,1,6,2,0
52,M,2,27,1,1
45,M,0,4,3,0
79,F,0,281,0,1
89,M,1,348,1,1
24,F,1,3,5,0
67,M,2,159,0,1
70,F,2,183,0,1
47,M,1,4,2,0
46,M,0,3,1,0
44,M,0,3,0,0
47,F,2,5,0,0
73,M,3,204,0,1
82,M,2,314,0,1
24,M,2,3,0,0
27,F,1,4,0,0
76,M,4,237,1,1
27,M,0,1,0,0
66,F,0,135,0,1
22,F,3,5,0,0
49,M,0,2,0,0
20,F,2,3,0,0
69,F,1,170,0,1
58,M,1,73,0,1
46,F,3,5,0,0
67,F,3,148,0,1
28,M,2,2,1,0
63,F,2,123,0,1
48,M,5,3,0,0
48,M,1,2,2,0
21,F,2,3,2,0
78,M,1,238,0,1
24,M,2,2,1,0
40,F,0,3,0,0
49,F,1,6,1,0
69,F,1,156,1,1
77,M,1,259,0,1
25,F,1,5,1,0
32,M,3,3,2,0
44,F,0,1,0,0
54,M,1,37,0,1
27,F,1,4,0,0
88,M,2,358,1,1
38,F,1,5,0,0
77,F,0,260,0,1
73,M,0,206,0,1
82,F,2,320,0,1
82,F,4,270,0,1
66,M,2,167,1,1
40,F,5,1,1,0
60,M,3,87,0,1
31,M,3,2,0,0
59,M,3,103,1,1
33,M,1,3,0,0
61,F,1,115,0,1
71,F,1,174,1,1
51,F,1,8,1,1
73,M,2,206,0,1
43,M,2,2,1,0
56,M,0,62,0,1
35,M,0,0,0,0
44,F,2,2,0,0
22,M,1,2,1,0
85,F,3,300,0,1
44,F,0,2,0,0
66,M,1,142,1,1
73,M,2,200,0,1
59,M,3,71,0,1
57,M,0,76,0,1
75,M,2,216,2,1
29,F,1,2,0,0
24,F,1,0,0,0
76,F,0,230,0,1
81,M,1,290,1,1
20,F,4,5,0,0
56,F,0,49,2,1
85,M,2,332,1,1
50,M,0,5,0,0
64,M,0,118,1,1
44,M,1,4,1,0
58,M,2,69,0,1
42,F,1,2,1,0
47,F,1,5,0,0
75,F,1,247,0,1
77,M,1,246,1,1
33,F,4,0,2,0
18,M,1,8,1,0
86,M,2,343,0,1
19,M,1,4,2,0
55,F,1,47,1,1
55,M,3,41,1,1
63,F,3,130,0,1
39,F,1,3,0,0
27,M,2,0,1,0
46,F,4,2,0,0
87,M,0,346,0,1
56,F,0,45,0,1
50,M,3,1,0,0
21,F,1,4,0,0
84,M,2,294,1,1
88,F,4,357,0,1
21,F,0,2,0,0
66,M,0,136,0,1
73,F,1,210,0,1
25,M,3,5,0,0
44,F,2,2,0,0
71,F,3,191,1,1
80,M,1,283,1,1
56,M,0,57,1,1
39,M,3,4,0,0
67,F,3,169,0,1
42,M,4,5,0,0
71,F,1,187,1,1
19,M,0,3,1,0
89,M,1,361,0,1
37,F,1,5,1,0
26,M,0,5,2,0
26,M,0,1,0,0
89,M,2,337,1,1
85,M,1,316,2,1
52,M,0,30,0,1
73,M,1,214,0,1
32,M,3,4,0,0
85,M,1,333,2,1
44,F,1,4,0,0
60,F,0,80,1,1
44,F,1,2,1,0
25,M,1,3,0,0
82,M,1,294,2,1
73,F,1,201,0,1
55,F,0,55,1,1
89,F,3,394,0,1
22,M,1,5,1,0
48,F,2,4,0,0
69,F,2,181,0,1
42,F,1,2,0,0
53,F,0,26,1,1
30,M,3,5,2,0
76,M,3,244,0,1
36,F,4,6,2,0
21,F,1,0,0,0
30,M,1,0,0,0
80,F,0,257,0,1
54,F,0,39,0,1
82,M,2,287,0,1
55,F,1,51,1,1
18,F,1,5,0,0
75,F,1,204,1,1
52,M,0,25,1,1
26,F,1,5,0,0
26,F,0,2,0,0
23,F,1,3,0,0
56,F,2,46,3,1
66,F,7,162,0,1
24,M,1,2,1,0
59,M,1,93,1,1
81,F,1,274,0,1
83,F,0,307,0,1
31,F,1,2,0,0
37,F,2,3,1,0
66,F,0,157,0,1
72,F,1,183,1,1
65,F,1,136,0,1
60,M,3,92,1,1
41,M,3,6,1,0
84,F,1,309,0,1
33,F,0,4,0,0
64,F,0,137,1,1
83,M,0,323,0,1
64,F,4,123,0,1
20,F,4,4,0,0
32,F,2,8,1,0
36,M,2,4,0,0
85,F,2,321,0,1
41,F,2,7,0,0
34,F,1,2,0,0
60,F,0,95,2,1
50,F,4,2,0,0
44,F,1,7,0,0
27,M,4,0,1,0
26,F,0,6,0,0
39,M,3,3,1,0
59,M,2,76,0,1
19,M,0,0,0,0
70,F,2,198,0,1
36,M,1,1,1,0
68,F,0,166,1,1
65,F,4,134,1,1
53,M,1,34,0,1
63,F,2,121,2,1
40,F,3,2,0,0
31,F,1,1,0,0
18,F,0,1,1,0
57,F,7,61,2,1
56,M,1,75,0,1
26,F,1,2,0,0
63,F,0,133,1,1
34,M,1,4,1,0
49,F,2,2,3,0
51,M,2,9,0,1
87,M,2,328,1,1
62,M,2,127,1,1
32,M,1,1,0,0
40,F,1,5,0,0
76,M,2,214,2,1
27,M,4,3,1,0
69,M,0,163,3,1
47,F,1,3,0,0
82,M,2,318,1,1
47,M,1,4,0,0
84,M,3,300,0,1
29,M,1,3,0,0
35,F,1,1,0,0
49,M,4,3,0,0
84,F,1,291,0,1
81,M,0,276,0,1
47,M,0,3,1,0
79,F,1,262,0,1
66,M,1,126,0,1
88,F,0,351,0,1
86,M,1,350,2,1
77,M,3,262,0,1
60,F,1,93,2,1
44,M,2,0,0,0
59,F,1,87,1,1
77,F,2,229,0,1
23,M,0,0,0,0
44,F,2,5,0,0
60,F,0,98,0,1
72,M,4,175,0,1
35,M,0,2,0,0
38,F,1,0,0,0
45,M,0,3,1,0
72,F,4,191,1,1
45,F,0,3,0,0
24,F,2,2,0,0
88,M,0,347,1,1
44,F,1,3,1,0
63,M,0,117,0,1
46,M,0,1,1,0
70,F,2,169,0,1
72,M,3,198,0,1
30,F,1,3,1,0
27,M,1,2,0,0
39,M,0,3,0,0
24,F,1,4,1,0
81,F,2,274,0,1
86,M,1,310,2,1
26,M,1,4,0,0
38,M,3,3,0,0
86,F,0,347,0,1
61,M,3,110,0,1
48,M,1,4,1,0
29,M,1,1,0,0
46,M,2,4,0,0
42,F,1,4,0,0
55,M,2,50,1,1
64,M,2,147,0,1
49,M,3,3,0,0
33,F,1,6,1,0
51,F,1,17,1,1
61,M,1,94,0,1
48,M,2,9,0,0
80,F,1,273,1,1
68,F,2,138,1,1
82,F,1,268,1,1
37,F,2,2,1,0
52,M,0,24,0,1
29,M,3,2,1,0
85,F,1,330,0,1
49,M,4,1,2,0
77,M,0,256,1,1
24,F,0,1,0,0
69,M,1,173,0,1
50,F,0,4,0,0
81,F,1,289,0,1
53,F,2,20,0,1
27,F,1,3,0,0
74,M,1,224,0,1
68,M,0,177,1,1
25,F,1,2,1,0
28,F,3,4,1,0
46,F,0,4,1,0
68,M,0,153,0,1
74,M,1,213,1,1
20,M,2,3,0,0
42,M,0,2,0,0
85,M,0,339,0,1
78,F,0,263,1,1
21,F,1,3,1,0
69,M,1,164,0,1
78,F,4,266,0,1
21,M,2,3,0,0
45,F,2,3,0,0
45,F,0,3,1,0
74,F,2,222,1,1
73,M,2,223,0,1
58,M,2,78,0,1
55,M,0,50,1,1
26,M,2,4,1,0
66,M,2,161,0,1
52,M,2,20,1,1
89,M,2,346,0,1
23,F,4,2,0,0
66,F,4,115,0,1
55,F,0,41,1,1
57,M,0,56,2,1
89,F,2,363,1,1
78,F,1,244,0,1
46,F,1,2,1,0
48,F,2,2,0,0
42,F,0,3,1,0
18,F,1,4,0,0
39,F,2,3,2,0
37,F,0,2,0,0
56,M,0,50,2,1
60,F,1,83,0,1
88,F,0,352,2,1
86,M,2,335,1,1
68,F,1,152,0,1
61,M,2,94,2,1
39,F,1,2,0,0
38,F,2,2,0,0
53,M,1,27,0,1
89,M,1,354,0,1
72,F,2,232,0,1
46,F,1,3,0,0
59,M,1,89,0,1
34,F,5,5,2,0
24,M,1,4,2,0
57,M,2,75,1,1
39,F,2,0,1,0
42,M,2,5,0,0
78,F,0,261,0,1
26,M,2,1,1,0
62,F,3,121,0,1
69,M,3,188,0,1
50,F,1,2,0,0
67,M,0,179,0,1
24,F,3,3,1,0
87,M,1,311,0,1
84,M,0,299,0,1
27,M,0,4,0,0
59,M,2,76,0,1
83,F,2,281,1,1
26,F,1,7,0,0
75,M,0,236,0,1
51,F,2,13,0,1
36,F,0,4,0,0
88,M,2,358,1,1
52,M,1,22,1,1
33,F,1,3,0,0
63,M,0,112,1,1
60,M,1,92,1,1
40,F,2,3,0,0
70,F,0,177,2,1
25,F,1,3,0,0
61,F,1,89,0,1
78,M,2,223,2,1
72,F,3,219,1,1
29,M,0,0,0,0
75,M,8,238,1,1
53,F,0,29,2,1
25,F,3,3,1,0
49,F,0,3,2,0
38,M,4,6,1,0
83,M,0,337,0,1
44,F,1,1,0,0
58,M,1,58,2,1
63,M,3,102,0,1
48,M,2,3,1,0
27,M,1,4,0,0
88,F,1,325,0,1
36,M,3,2,1,0
43,F,3,1,0,0
42,M,0,0,1,0
70,M,2,204,0,1
23,F,3,1,0,0
34,F,1,3,1,0
83,F,1,328,0,1
72,M,0,196,1,1
59,F,1,95,0,1
72,M,1,171,0,1
42,M,0,1,1,0
77,M,0,247,0,1
75,F,0,236,1,1
52,F,2,26,0,1
69,M,3,170,2,1
33,F,5,3,1,0
37,M,1,8,0,0
63,F,2,106,0,1
20,M,0,5,1,0
83,F,1,281,0,1
72,M,1,207,0,1
40,M,3,2,0,0
37,M,2,1,0,0
19,F,3,6,1,0
43,F,1,0,1,0
31,M,3,3,2,0
81,F,1,284,0,1
85,M,0,305,1,1
33,F,1,8,0,0
18,M,2,1,0,0
34,M,2,3,0,0
21,M,1,3,0,0
69,F,1,154,0,1
25,M,1,4,0,0
33,M,0,2,0,0
82,F,4,277,1,1
71,M,0,181,0,1
45,F,1,3,1,0
27,F,2,1,0,0
67,F,2,163,0,1
39,F,2,1,0,0
68,F,3,149,2,1
77,M,0,247,1,1
49,F,2,1,0,0
27,M,2,4,0,0
70,F,3,186,2,1
80,F,1,273,1,1
51,F,3,6,1,1
47,M,1,5,0,0
57,F,0,78,3,1
81,M,1,291,0,1
40,M,0,5,0,0
40,F,1,1,1,0
18,F,2,2,3,0
20,F,2,3,0,0
60,F,2,94,1,1
87,M,3,314,1,1
37,F,3,1,0,0
37,M,1,4,0,0
37,F,3,3,0,0
40,M,2,4,2,0
81,F,0,272,0,1
84,F,1,347,0,1
44,M,1,4,0,0
51,M,0,13,0,1
25,F,1,4,1,0
32,F,1,0,2,0
63,M,2,120,1,1
20,M,1,1,2,0
56,M,5,42,0,1
56,F,0,59,1,1
22,M,1,0,3,0
52,F,3,26,0,1
43,F,2,5,0,0
27,F,1,3,1,0
62,F,1,109,0,1
80,F,3,267,0,1
38,F,4,3,0,0
58,M,0,79,2,1
89,M,0,347,0,1
79,F,2,281,0,1
75,F,3,228,1,1
44,M,0,5,1,0
54,M,2,47,0,1
21,F,1,3,1,0
83,F,1,310,0,1
19,F,1,4,0,0
20,M,1,3,1,0
21,M,1,5,0,0
34,F,0,4,1,0
82,M,1,266,1,1
83,F,5,327,1,1
57,M,1,60,0,1
54,M,2,36,1,1
41,F,0,6,0,0
30,M,1,3,0,0
64,F,0,132,0,1
59,M,1,82,0,1
53,F,1,40,0,1
70,M,0,139,1,1
37,M,0,5,0,0
61,M,1,82,0,1
77,F,2,251,0,1
21,F,4,7,0,0
47,M,1,2,0,0
20,M,4,2,0,0
28,F,0,1,0,0
47,F,1,1,0,0
50,F,8,2,1,1
19,M,1,5,1,0
23,M,0,2,1,0
24,F,2,5,0,0
84,F,3,315,0,1
64,F,0,126,0,1
41,F,1,3,1,0
49,F,0,5,0,0
51,F,1,11,0,1
24,F,1,1,0,0
36,M,0,2,0,0
81,M,3,310,1,1
31,M,1,3,1,0
44,F,0,2,0,0
51,F,0,9,0,1
81,M,0,286,0,1
86,F,2,343,0,1
61,F,5,97,1,1
68,F,1,168,0,1
62,F,1,118,0,1
55,F,0,51,0,1
48,F,0,6,1,0
43,M,1,4,0,0
66,F,2,160,0,1
34,F,1,3,1,0
35,F,1,4,0,0
63,M,1,124,0,1
36,M,1,1,0,0
51,F,1,12,2,1
80,F,5,280,1,1
28,F,2,1,1,0
32,M,2,2,0,0
87,M,2,362,2,1
45,M,2,7,0,0
52,F,0,21,1,1
71,F,1,177,0,1
89,F,1,343,1,1
41,F,0,4,0,0
53,F,1,30,2,1
44,M,0,3,0,0
80,M,1,260,0,1
83,M,4,286,3,1
22,F,2,4,2,0
32,F,0,3,1,0
63,F,2,135,1,1
35,F,1,5,0,0
28,F,1,4,2,0
81,M,1,272,0,1
84,M,0,325,0,1
37,M,0,3,0,0
62,F,3,114,1,1
41,F,1,4,0,0
29,F,3,2,2,0
81,F,3,296,1,1
18,F,1,6,0,0
41,M,3,3,0,0
21,M,1,1,0,0
89,F,0,370,0,1
56,M,1,64,1,1
77,M,1,246,0,1
47,F,3,3,0,0
78,M,3,230,0,1
59,M,0,73,0,1
34,M,2,2,1,0
18,F,1,2,3,0
33,F,2,2,0,0
89,M,3,329,0,1
72,M,0,178,0,1
81,M,0,297,3,1
77,M,0,244,0,1
62,M,1,91,0,1
34,M,0,2,1,0
46,M,1,4,0,0
32,F,0,1,0,0
82,F,1,301,1,1
35,M,0,3,0,0
75,F,1,241,0,1
27,F,1,4,0,0
46,F,3,4,0,0
48,F,0,4,1,0
70,F,2,172,0,1
54,M,1,33,3,1
77,F,0,227,0,1
63,M,1,125,0,1
18,M,3,4,0,0
21,F,0,1,1,0
48,M,3,3,0,0
31,M,4,3,1,0
34,M,1,3,0,0
26,F,3,6,0,0
87,F,1,348,1,1
37,M,2,2,0,0
67,F,0,136,0,1
31,F,1,2,0,0
27,M,2,2,0,0
85,F,1,307,0,1
52,M,4,18,0,1
44,M,0,4,2,0
32,M,4,1,0,0
28,M,3,3,0,0
21,F,3,2,0,0
65,M,1,129,0,1
25,F,1,4,0,0
88,F,2,337,1,1
38,F,0,2,0,0
75,M,1,200,1,1
40,M,1,4,1,0
64,F,0,135,0,1
63,F,2,118,0,1
45,M,1,3,0,0
32,M,2,2,1,0
47,F,1,4,1,0
41,F,3,3,0,0
39,M,0,3,0,0
34,F,1,3,1,0
76,M,1,248,0,1
43,F,2,6,1,0
75,F,2,260,0,1
63,M,3,117,1,1
53,M,2,33,1,1
69,M,2,162,0,1
80,F,3,275,0,1
28,F,1,5,0,0
64,F,2,136,0,1
37,M,0,3,2,0
67,F,0,156,0,1
53,F,3,25,0,1
37,M,2,2,2,0
44,F,1,2,0,0
35,M,3,1,1,0
67,F,2,164,0,1
34,F,3,4,0,0
81,F,0,283,1,1
83,F,2,313,0,1
32,M,1,4,0,0
75,F,1,217,0,1
53,F,3,29,0,1
82,M,2,283,1,1
57,M,1,55,1,1
77,M,3,246,1,1
83,M,3,307,0,1
75,F,0,236,1,1
46,F,5,2,0,0
49,F,1,7,0,0
39,M,0,5,0,0
73,F,0,208,0,1
23,M,3,2,0,0
29,F,0,3,1,0
29,M,1,7,0,0
65,F,1,132,1,1
50,M,2,5,0,0
21,F,1,0,0,0
47,M,1,3,0,0
87,F,0,344,0,1
42,M,0,4,1,0
81,F,2,253,0,1
44,F,2,3,1,0
29,F,1,2,1,0
21,M,3,2,3,0
73,F,1,203,0,1
52,F,2,18,0,1
77,M,0,231,0,1
66,F,4,159,1,1
21,M,1,1,0,0
60,F,2,106,0,1
58,F,0,70,0,1
28,F,0,4,0,0
48,M,1,3,0,0
45,F,2,5,1,0
62,F,3,83,1,1
65,M,0,160,0,1
81,M,1,269,0,1
22,F,0,7,0,0
70,F,0,192,0,1
34,M,3,2,0,0
33,F,4,4,0,0
43,M,0,3,0,0
57,M,1,61,1,1
19,F,1,3,0,0
58,F,0,76,1,1
76,M,2,239,1,1
18,F,3,1,0,0
80,M,0,291,1,1
27,F,2,6,0,0
77,M,3,237,0,1
43,M,2,2,0,0
44,M,2,2,0,0
30,F,1,4,0,0
58,M,0,64,0,1
35,F,3,1,1,0
32,M,4,0,1,0
66,M,1,140,1,1
70,F,0,178,2,1
87,F,0,325,0,1
57,M,4,60,0,1
50,M,0,3,0,0
68,F,1,174,0,1
64,M,1,129,0,1
84,F,1,303,1,1
72,M,2,207,0,1
82,M,1,297,0,1
66,F,1,141,0,1
84,F,0,276,0,1
65,M,1,143,0,1
57,M,2,52,0,1
18,F,1,4,1,0
38,F,2,1,1,0
80,F,0,249,1,1
65,F,1,131,0,1
29,M,3,5,1,0
21,M,0,3,1,0
30,M,0,0,0,0
32,F,2,3,0,0
54,F,2,30,0,1
37,M,1,3,0,0
60,M,3,112,1,1
70,F,1,152,0,1
72,F,2,214,0,1
73,F,2,194,1,1
39,F,1,3,1,0
85,F,1,339,2,1
86,M,1,320,0,1
23,F,1,2,0,0
63,F,1,122,2,1
48,M,1,2,0,0
78,F,0,270,0,1
66,F,3,155,1,1
52,F,0,19,1,1
43,M,1,4,0,0
23,F,0,4,1,0
43,M,2,1,0,0
18,F,5,7,1,0
87,M,2,363,1,1
64,M,0,105,0,1
57,F,0,75,0,1
48,F,0,5,0,0
64,M,1,120,0,1
49,F,2,4,0,0
83,F,2,302,1,1
41,F,1,5,1,0
49,F,2,3,1,0
30,F,2,1,0,0
69,M,3,178,0,1
52,F,4,22,0,1
38,F,0,1,0,0
36,F,0,2,0,0
79,M,0,261,1,1
82,M,0,287,0,1
32,M,2,1,0,0
30,M,2,3,0,0
59,M,3,79,0,1
87,F,3,339,0,1
60,F,0,90,0,1
79,M,2,270,0,1
73,F,2,203,1,1
45,M,0,2,0,0
38,F,1,4,0,0
73,F,1,195,1,1
59,F,1,88,0,1
59,M,0,74,0,1
21,M,1,2,1,0
51,F,3,10,0,1
73,M,3,211,0,1
76,F,1,249,0,1
56,F,3,50,2,1
77,M,2,245,2,1
75,M,3,233,1,1
32,F,1,2,1,0
69,M,0,167,0,1
83,M,2,296,0,1
52,F,0,18,1,1
20,M,0,3,1,0
88,M,1,336,1,1
18,F,1,2,1,0
24,M,1,4,1,0
52,M,0,19,0,1
41,M,3,4,0,0
39,M,3,3,0,0
85,F,1,313,0,1
48,F,0,3,0,0
23,F,1,5,0,0
52,M,0,25,1,1
37,F,2,2,0,0
51,M,1,15,0,1
78,M,0,255,1,1
83,F,3,311,1,1
69,F,0,181,1,1
84,M,1,299,1,1
34,F,2,3,0,0
42,M,0,8,0,0
74,M,3,224,2,1
38,M,1,2,0,0
59,M,3,86,1,1
65,M,2,135,0,1
40,F,1,1,0,0
32,M,6,4,2,0
18,M,1,3,1,0
46,F,0,2,1,0
47,F,4,1,0,0
69,F,0,189,1,1
70,M,1,188,0,1
18,F,2,4,0,0
52,M,2,19,0,1
73,M,1,205,0,1
87,M,2,337,0,1
70,F,1,187,1,1
38,F,4,2,0,0
45,M,0,3,0,0
44,F,1,1,1,0
35,F,2,1,0,0
18,F,1,2,0,0
56,F,3,56,1,1
37,F,2,1,0,0
39,M,4,4,0,0
44,F,1,5,0,0
77,M,1,229,1,1
70,F,1,175,0,1
60,F,3,99,1,1
70,F,1,154,1,1
40,F,4,3,2,0
45,M,5,5,2,0
76,F,1,228,1,1
62,F,0,124,1,1
61,M,1,100,1,1
32,M,1,2,0,0
27,M,2,3,1,0
34,M,3,2,0,0
47,M,2,3,0,0
37,F,3,3,0,0
53,F,1,26,2,1
37,F,0,6,3,0
86,F,1,356,0,1
87,M,2,330,1,1
41,M,3,5,0,0
71,M,2,205,0,1
50,F,0,5,0,0
75,M,2,221,0,1
88,M,3,323,0,1
77,M,2,238,1,1
48,F,3,5,0,0
53,M,1,32,0,1
77,M,0,274,0,1
44,M,0,5,0,0
24,F,1,3,1,0
45,M,2,2,0,0
46,M,1,2,0,0
23,M,0,6,1,0
31,F,1,4,0,0
46,M,1,6,0,0
81,M,3,256,1,1
47,M,1,1,0,0
57,M,1,79,1,1
39,M,2,5,3,0
33,M,1,5,0,0
30,M,0,6,1,0
24,F,0,3,0,0
23,F,0,2,1,0
48,M,0,4,2,0
58,F,1,79,1,1
24,F,1,2,0,0
82,M,3,280,1,1
52,M,2,15,1,1
81,F,2,289,0,1
70,F,3,184,0,1
48,M,1,7,1,0
40,F,2,3,0,0
37,F,1,6,1,0
30,F,1,3,0,0
54,M,2,33,0,1
44,M,1,4,0,0
53,M,2,33,0,1
29,M,1,4,0,0
67,F,1,147,1,1
78,F,1,239,0,1
58,F,0,89,1,1
24,F,2,5,1,0
29,F,2,5,0,0
71,F,0,191,0,1
40,M,1,4,0,0
42,M,1,2,0,0
87,F,2,353,0,1
70,F,2,167,2,1
49,F,1,3,0,0
73,F,0,211,1,1
38,F,0,3,1,0
27,M,2,5,0,0
51,M,3,6,2,1
72,F,1,211,1,1
38,M,1,3,0,0
86,M,1,329,0,1
39,F,1,5,2,0
58,F,2,90,1,1
31,M,2,4,1,0
64,M,2,124,0,1
31,M,1,3,1,0
41,F,2,2,0,0
22,F,1,4,0,0
30,M,0,1,1,0
26,F,1,1,2,0
71,F,2,197,0,1
70,M,4,201,2,1
77,F,1,225,1,1
40,F,1,5,0,0
32,M,1,1,1,0
32,M,2,6,2,0
26,M,3,3,2,0
24,F,2,5,0,0
43,F,0,1,1,0
27,M,2,4,0,0
63,M,1,111,2,1
60,F,1,103,0,1
44,M,3,4,0,0
26,F,2,4,1,0
87,M,1,315,0,1
33,F,2,6,1,0
74,F,2,194,0,1
83,M,2,311,0,1
83,M,2,307,0,1
61,F,1,97,1,1
61,M,1,96,0,1
77,F,1,244,0,1
72,M,1,182,0,1
66,M,1,134,2,1
86,M,1,316,1,1
34,M,1,2,0,0
20,M,0,1,1,0
58,F,0,69,0,1
59,F,2,70,1,1
79,M,1,250,1,1
31,F,4,1,1,0
24,M,0,2,0,0
75,F,1,233,0,1
85,M,1,308,1,1
34,M,1,2,0,0
35,F,1,2,0,0
71,M,1,174,1,1
63,F,3,118,1,1
41,M,1,1,0,0
62,M,2,126,0,1
64,M,1,131,0,1
24,M,2,2,0,0
66,F,1,149,0,1
62,F,1,104,0,1
83,F,0,280,0,1
32,F,0,4,0,0
80,F,0,257,0,1
69,M,2,176,1,1
49,F,1,0,0,0
18,F,1,5,2,0
67,F,3,136,0,1
89,F,1,345,0,1
31,F,1,5,0,0
28,F,2,6,1,0
25,F,2,3,0,0
33,F,1,5,0,0
69,F,1,188,3,1
33,F,3,8,0,0
83,F,0,299,0,1
81,M,3,265,0,1
71,F,3,160,0,1
19,F,0,2,1,0
55,M,2,50,1,1
32,M,2,0,0,0
63,M,1,113,0,1
65,M,2,146,0,1
70,M,1,186,0,1
66,M,2,159,0,1
58,M,1,64,1,1
76,M,0,260,1,1
44,M,0,3,0,0
81,F,1,278,2,1
79,M,2,254,2,1
23,F,1,3,1,0
44,M,3,3,1,0
61,M,3,90,0,1
83,F,1,312,1,1
88,M,0,331,0,1
75,F,3,206,0,1
24,M,2,3,0,0
75,F,2,212,0,1
22,F,2,5,1,0
78,M,1,243,0,1
70,M,1,180,1,1
89,F,1,336,0,1
78,M,1,266,0,1
89,M,1,392,0,1
65,M,1,129,1,1
54,M,3,44,2,1
35,F,0,2,0,0
45,M,2,3,0,0
20,M,1,5,0,0
70,M,2,182,1,1
53,M,2,25,0,1
87,M,4,346,0,1
87,F,1,294,1,1
63,M,2,132,0,1
84,F,2,326,0,1
19,F,0,5,1,0
50,M,1,5,1,1
20,M,4,2,1,0
28,F,1,3,2,0
51,M,2,12,0,1
75,F,1,220,2,1
74,M,0,206,1,1
69,M,2,170,1,1
81,F,3,258,1,1
88,M,2,332,0,1
45,F,1,4,0,0
27,M,2,5,1,0
55,M,1,49,0,1
85,F,3,339,0,1
54,M,0,33,1,1
88,M,3,339,1,1
24,M,2,3,0,0
52,F,0,27,1,1
18,F,1,3,0,0
68,M,2,168,1,1
55,M,2,54,0,1
36,F,2,2,0,0
54,F,1,43,0,1
64,F,0,146,0,1
80,M,1,277,2,1
89,M,2,366,3,1
31,M,2,3,0,0
21,M,0,1,1,0
79,M,0,268,0,1
58,M,2,72,0,1
37,F,1,3,0,0
64,F,3,131,2,1
56,F,2,52,1,1
67,F,1,152,1,1
68,M,1,169,1,1
81,F,0,297,0,1
28,M,1,1,0,0
79,M,0,235,0,1
86,F,0,324,0,1
50,M,1,1,0,0
86,F,2,324,1,1
63,F,3,104,2,1
87,M,0,323,0,1
56,F,0,56,1,1
18,M,1,6,0,0
30,M,0,3,0,0
64,F,3,114,0,1
85,M,3,300,0,1
66,M,2,146,0,1
66,M,3,154,1,1
81,M,1,298,1,1
39,M,1,3,1,0
32,M,0,4,1,0
81,F,0,283,0,1
26,F,1,0,0,0
40,F,1,8,1,0
76,M,1,240,0,1
36,M,2,3,2,0
36,F,1,3,0,0
81,M,3,266,0,1
22,F,0,4,0,0
67,M,1,156,0,1
24,F,2,0,1,0
26,F,1,4,0,0
64,F,4,108,0,1
57,F,4,59,0,1
56,F,0,49,1,1
36,F,0,1,1,0
71,F,0,178,1,1
28,F,2,3,0,0
76,F,2,224,1,1
58,F,1,70,0,1
18,F,2,0,2,0
53,F,2,33,0,1
85,F,3,333,0,1
53,M,1,28,0,1
81,F,4,261,1,1
20,M,3,4,0,0
85,M,6,297,1,1
35,M,1,3,1,0
73,M,2,200,2,1
22,M,3,1,0,0
45,M,3,1,0,0
69,M,1,173,0,1
35,F,1,1,2,0
86,F,3,302,1,1
83,M,3,302,2,1
43,F,0,1,0,0
48,F,1,5,1,0
89,M,2,352,0,1
53,F,0,29,1,1
84,M,2,318,0,1
68,F,1,178,0,1
52,M,0,17,2,1
67,F,4,125,1,1
56,M,0,59,2,1
67,F,7,161,1,1
45,M,1,5,1,0
62,F,1,101,0,1
62,F,3,113,1,1
54,M,0,36,2,1
56,F,1,51,0,1
73,M,2,190,0,1
32,F,0,4,1,0
46,F,5,2,1,0
62,F,2,118,0,1
36,M,1,2,1,0
75,F,1,249,0,1
83,F,1,297,0,1
54,M,1,35,0,1
78,M,1,277,0,1
21,M,1,3,0,0
69,M,1,190,1,1
50,M,0,2,3,1
30,M,2,3,0,0
80,F,2,277,1,1
21,M,1,3,0,0
89,F,2,346,1,1
84,F,2,314,0,1
72,F,3,216,3,1
85,F,2,343,0,1
68,M,2,154,1,1
37,M,0,4,0,0
80,F,1,259,2,1
63,M,2,106,0,1
64,M,2,138,0,1
19,F,1,2,0,0
46,M,0,1,2,0
46,F,0,2,0,0
40,F,2,3,1,0
68,F,1,159,1,1
89,F,1,341,0,1
43,M,0,6,0,0
37,F,2,1,1,0
76,F,1,225,0,1
45,M,2,1,1,0
83,F,2,310,1,1
73,F,1,213,0,1
27,M,0,1,0,0
43,F,1,6,1,0
67,F,2,157,0,1
19,M,2,1,1,0
45,F,1,1,0,0
27,F,1,5,0,0
30,M,0,5,0,0
79,F,1,270,0,1
43,F,1,0,1,0
75,F,2,246,1,1
52,F,1,24,1,1
80,M,0,277,2,1
82,F,1,315,1,1
71,F,2,193,0,1
73,M,4,215,0,1
27,M,1,3,2,0
18,F,2,3,0,0
81,F,2,289,0,1
22,F,0,2,1,0
20,M,1,3,1,0
89,F,0,352,1,1
29,M,1,4,1,0
58,F,3,68,0,1
20,M,1,5,0,0
61,M,2,99,1,1
36,F,0,3,1,0
43,F,1,0,0,0
20,F,0,5,0,0
77,F,0,230,2,1
88,F,2,332,0,1
58,F,0,75,1,1
32,F,0,5,0,0
60,M,0,98,1,1
30,M,1,2,0,0
35,F,3,0,0,0
73,F,2,206,1,1
73,M,1,213,1,1
28,F,4,2,1,0
33,M,1,2,1,0
84,F,1,285,0,1
27,F,0,2,2,0
49,F,1,0,0,0
61,F,0,115,2,1
20,F,2,0,0,0
77,M,1,257,0,1
69,M,1,168,0,1
39,F,0,7,0,0
89,M,0,366,0,1
39,F,0,3,3,0
73,F,2,188,0,1
28,M,3,4,0,0
73,F,3,197,1,1
61,M,1,90,0,1
76,M,4,227,1,1
73,M,3,216,1,1
64,F,0,123,0,1
27,M,2,2,0,0
50,M,1,2,0,0
56,F,3,51,2,1
85,F,2,318,1,1
56,F,3,61,1,1
83,F,3,293,1,1
25,F,2,3,0,0
42,F,0,1,0,0
56,M,2,52,1,1
78,M,0,273,2,1
37,F,4,5,0,0
49,F,0,3,0,0
32,F,1,1,1,0
80,M,3,273,3,1
88,M,1,337,1,1
78,F,0,254,1,1
24,F,0,0,0,0
68,M,0,165,0,1
42,M,1,6,0,0
56,F,1,70,1,1
62,M,1,111,0,1
60,F,0,86,1,1
47,F,2,2,0,0
57,F,2,64,0,1
19,F,3,2,2,0
60,M,0,85,0,1
80,F,2,239,0,1
82,F,1,283,2,1
35,F,2,1,1,0
25,F,1,5,1,0
47,M,2,3,0,0
40,F,3,6,2,0
83,M,0,286,0,1
69,F,3,174,0,1
87,F,2,327,1,1
54,F,2,46,0,1
83,F,2,304,1,1
68,F,1,150,1,1
47,M,3,4,0,0
20,F,4,2,0,0
71,F,1,180,1,1
23,M,1,2,0,0
79,F,3,273,1,1
38,F,1,5,0,0
32,M,3,3,2,0
63,M,3,110,0,1
87,M,2,357,0,1
68,M,2,174,1,1
25,M,0,2,2,0
39,F,3,3,1,0
65,F,3,148,0,1
31,M,2,4,1,0
35,M,2,1,0,0
53,F,2,36,0,1
33,F,1,3,0,0
56,M,3,53,0,1
27,M,3,4,0,0
39,M,2,4,1,0
85,F,2,307,0,1
72,F,0,230,1,1
27,F,1,2,0,0
40,F,0,4,0,0
83,M,1,308,3,1
88,M,2,355,0,1
29,M,2,6,0,0
84,M,1,288,0,1
41,M,1,3,1,0
28,M,0,1,0,0
33,M,3,3,0,0
55,M,0,46,0,1
89,M,1,350,0,1
87,F,0,337,0,1
24,M,0,3,0,0
44,F,5,3,0,0
80,F,3,275,1,1
86,F,1,316,1,1
39,M,2,3,0,0
35,F,1,4,1,0
86,M,3,336,0,1
45,F,0,1,1,0
72,F,0,189,0,1
42,F,2,3,0,0
36,F,3,5,1,0
82,F,3,234,1,1
54,F,0,48,0,1
55,M,0,47,0,1
29,F,1,2,0,0
36,F,2,1,0,0
47,M,0,4,0,0
54,M,1,30,0,1
19,M,1,2,1,0
40,F,1,3,0,0
67,M,1,164,1,1
59,M,0,77,0,1
60,M,1,112,0,1
81,M,6,283,1,1
37,M,3,2,2,0
21,F,1,0,0,0
18,F,0,3,0,0
82,F,3,283,0,1
85,M,3,352,2,1
56,M,1,61,0,1
26,F,1,2,0,0
22,M,3,2,0,0
41,M,0,3,0,0
25,F,0,3,0,0
19,M,1,7,0,0
37,F,2,2,1,0
45,F,3,0,0,0
77,M,1,270,0,1
46,F,2,1,0,0
69,F,3,178,0,1
56,F,0,66,1,1
78,F,2,254,1,1
41,F,1,2,0,0
88,F,0,321,1,1
35,F,1,6,0,0
26,M,3,3,0,0
74,F,1,216,2,1
57,M,1,68,1,1
38,F,0,3,0,0
29,F,1,3,0,0
41,F,1,0,1,0
63,M,5,111,6,1
53,M,3,34,2,1
26,M,0,2,0,0
37,F,0,3,1,0
55,M,1,44,0,1
70,F,3,199,1,1
59,M,2,78,1,1
24,M,1,1,1,0
27,F,2,2,0,0
41,F,1,5,1,0
68,F,1,168,0,1
48,M,1,2,0,0
26,M,2,3,0,0
36,F,1,7,0,0
60,M,2,100,0,1
78,M,1,271,0,1
34,M,2,4,0,0
43,F,2,3,0,0
34,M,1,3,0,0
48,M,7,2,0,0
51,M,3,11,1,1
51,F,1,8,1,1
29,M,2,1,0,0
77,M,1,231,1,1
58,F,2,62,0,1
33,F,1,3,0,0
47,F,1,5,0,0
77,F,2,245,0,1
70,F,1,184,0,1
86,M,1,315,0,1
58,F,1,72,1,1
37,F,0,4,0,0
28,M,1,2,0,0
30,M,4,2,1,0
56,F,1,58,0,1
74,F,1,210,0,1
66,F,0,149,0,1
40,F,1,3,0,0
38,F,4,3,1,0
34,F,3,4,0,0
38,M,1,1,2,0
23,F,4,2,1,0
30,M,2,0,2,0
62,M,3,121,0,1
34,F,2,3,1,0
85,F,2,306,2,1
27,F,0,4,1,0
81,F,1,278,1,1
78,M,1,257,0,1
60,M,0,79,0,1
37,M,0,3,1,0
49,F,1,0,0,0
63,F,3,104,1,1
88,M,1,364,0,1
38,F,2,1,1,0
65,M,1,138,1,1
78,F,1,249,2,1
86,F,3,346,1,1
43,F,0,4,1,0
67,F,0,169,0,1
55,M,3,46,1,1
68,M,1,164,0,1
42,M,1,4,0,0
68,M,2,176,1,1
81,F,2,266,0,1
27,M,1,2,1,0
81,F,1,309,0,1
36,M,2,1,0,0
20,M,2,6,2,0
22,F,0,2,0,0
54,M,2,39,0,1
85,F,1,301,0,1
30,M,2,1,0,0
89,F,1,362,1,1
23,F,1,6,0,0
61,M,1,105,0,1
61,M,2,95,0,1
29,M,3,4,1,0
80,M,1,287,1,1
26,F,1,2,1,0
28,M,2,3,0,0
50,M,3,1,2,1
44,M,0,6,2,0
46,M,0,2,0,0
44,F,1,2,0,0
32,F,1,5,0,0
61,F,0,114,0,1
24,M,0,3,0,0
59,F,2,86,0,1
64,F,0,148,0,1
48,M,0,5,1,0
75,F,3,249,0,1
63,F,1,131,0,1
22,M,0,6,1,0
46,F,3,2,1,0
40,F,0,6,0,0
40,F,0,2,0,0
39,M,1,1,0,0
74,M,0,217,1,1
57,M,1,78,1,1
33,F,0,0,1,0
61,F,2,95,1,1
47,F,1,3,0,0
47,M,1,2,0,0
26,F,3,7,0,0
80,M,1,277,0,1
81,M,0,295,2,1
46,F,1,3,2,0
40,M,0,1,0,0
39,M,2,5,1,0
53,M,0,30,0,1
73,F,0,205,2,1
81,M,1,296,0,1
78,M,0,279,0,1
64,F,3,123,1,1
81,M,0,279,4,1
22,F,1,1,0,0
30,M,1,1,0,0
40,M,1,4,0,0
32,F,0,1,1,0
69,M,0,161,2,1
51,F,2,12,1,1
33,F,3,5,0,0
87,F,3,342,0,1
36,F,1,2,1,0
62,M,1,96,0,1
60,M,2,78,0,1
62,M,0,114,0,1
79,M,1,273,3,1
41,F,1,2,0,0
50,M,4,3,0,0
89,M,5,318,2,1
54,F,2,36,0,1
31,F,4,0,0,0
21,F,0,3,0,0
58,M,0,70,1,1
29,M,0,3,0,0
66,F,1,141,2,1
53,M,0,39,0,1
76,F,4,254,1,1
22,M,1,5,0,0
76,M,1,260,0,1
79,F,2,268,3,1
45,F,1,1,2,0
60,M,2,85,0,1
37,M,2,3,0,0
58,M,1,79,1,1
88,M,1,344,0,1
20,M,3,2,0,0
57,F,1,56,0,1
63,M,0,114,0,1
38,M,2,3,0,0
30,M,1,0,0,0
27,M,0,2,1,0
25,M,2,4,0,0
75,F,0,212,0,1
57,M,0,65,0,1
79,F,2,255,0,1
49,M,3,2,0,0
59,M,3,99,0,1
85,F,3,307,1,1
45,F,0,4,0,0
54,M,1,45,0,1
65,F,3,153,2,1
64,M,1,126,1,1
88,F,0,309,2,1
77,M,0,277,0,1
59,M,1,64,0,1
58,F,0,78,0,1
74,F,1,202,0,1
72,M,2,201,1,1
81,M,0,276,1,1
89,F,4,341,1,1
72,M,0,192,1,1
29,M,1,1,0,0
53,F,2,27,0,1
21,F,1,3,0,0
30,M,0,3,0,0
31,M,2,5,1,0
68,M,1,191,0,1
44,M,1,2,1,0
77,F,1,236,0,1
63,F,4,122,0,1
87,M,0,357,1,1
19,M,1,2,1,0
28,F,1,4,0,0
76,M,1,245,0,1
26,F,1,2,0,0
38,F,0,4,1,0
63,F,0,117,1,1
48,M,1,1,0,0
77,F,0,222,0,1
26,M,0,3,0,0
23,F,1,2,0,0
81,F,3,272,0,1
62,F,2,107,1,1
28,M,1,5,0,0
37,F,1,2,1,0
31,F,0,1,0,0
89,M,0,365,1,1
40,M,0,5,1,0
44,F,3,5,2,0
89,M,2,360,0,1
23,F,1,1,0,0
79,M,2,267,1,1
74,M,0,210,0,1
25,M,2,3,0,0
39,F,1,7,0,0
82,F,2,297,2,1
48,M,1,2,0,0
71,F,3,188,0,1
27,F,1,2,1,0
73,F,2,220,1,1
41,M,3,5,1,0
35,F,2,6,0,0
27,M,4,4,0,0
74,F,1,188,1,1
36,F,2,7,1,0
60,M,4,85,1,1
59,M,0,87,1,1
45,M,2,4,1,0
39,M,1,2,1,0
19,M,1,2,1,0
66,F,3,162,0,1
53,M,2,31,1,1
82,F,3,321,0,1
32,F,1,0,0,0
59,F,0,85,1,1
21,F,2,2,1,0
20,M,2,1,0,0
51,M,0,9,0,1
87,F,3,347,1,1
66,F,1,149,0,1
32,F,0,1,0,0
81,M,0,298,1,1
42,M,3,2,1,0
44,M,3,1,0,0
55,M,0,42,0,1
82,M,1,291,0,1
62,M,2,131,1,1
44,M,1,3,0,0
42,F,0,2,0,0
29,F,1,3,0,0
49,M,3,6,2,0
88,F,1,353,0,1
63,F,0,117,1,1
46,M,3,2,1,0
50,F,3,2,0,0
31,F,2,4,0,0
38,F,1,3,0,0
59,F,0,82,2,1
47,M,1,5,0,0
19,F,1,2,0,0
45,M,1,6,0,0
56,M,1,40,1,1
39,M,3,4,1,0
54,F,6,27,2,1
61,F,0,103,0,1
38,F,1,1,1,0
54,F,2,29,0,1
41,M,1,3,1,0
47,F,1,4,0,0
54,M,1,46,1,1
69,F,1,184,0,1
23,M,3,2,1,0
76,M,1,232,0,1
72,M,0,207,1,1
64,F,3,131,0,1
31,M,0,3,0,0
42,F,2,0,0,0
71,M,2,201,0,1
85,F,3,318,3,1
88,F,1,336,0,1
25,M,0,4,0,0
67,F,5,173,0,1
75,F,0,243,0,1
71,M,1,174,0,1
48,M,2,6,1,0
69,M,0,195,1,1
46,F,1,2,0,0
27,M,1,5,0,0
78,F,2,289,1,1
28,F,0,0,0,0
65,M,2,132,1,1
45,M,2,1,0,0
88,M,2,354,0,1
43,F,4,5,0,0
81,F,4,303,1,1
39,F,0,4,0,0
26,F,4,2,0,0
46,M,1,3,1,0
54,M,1,37,1,1
89,F,1,322,0,1
73,M,5,242,1,1
48,M,1,0,0,0
23,F,6,7,1,0
45,F,2,2,1,0
57,M,3,61,1,1
51,M,3,12,1,1
89,M,2,399,0,1
39,M,1,1,0,0
35,M,1,2,0,0
38,F,3,3,1,0
26,F,0,3,0,0
26,M,0,5,1,0
38,F,1,1,0,0
33,F,1,1,0,0
42,F,1,1,0,0
72,F,2,206,0,1
38,M,1,3,1,0
75,M,1,232,2,1
49,F,3,6,3,0
28,F,0,3,1,0
78,M,0,261,1,1
34,M,2,6,0,0
55,M,0,32,1,1
18,M,2,3,2,0
60,M,3,92,1,1
69,M,0,170,0,1
25,F,1,0,1,0
49,F,2,3,0,0
22,F,2,3,0,0
64,M,1,136,0,1
86,M,1,312,0,1
67,F,1,156,1,1
42,M,0,1,0,0
67,M,1,162,0,1
86,M,5,301,2,1
57,M,2,80,0,1
42,M,1,1,0,0
29,F,1,3,1,0
64,M,4,134,0,1
86,F,0,305,0,1
65,F,5,121,0,1
83,F,2,312,1,1
24,F,0,4,2,0
26,M,0,0,1,0
23,M,0,2,0,0
83,M,2,295,0,1
49,F,2,5,1,0
63,M,2,126,2,1
27,F,1,2,2,0
20,F,0,1,0,0
39,M,2,1,0,0
76,F,0,187,4,1
32,M,3,2,0,0
77,F,1,205,0,1
40,M,2,3,0,0
70,F,3,183,0,1
50,F,3,0,0,0
41,F,3,3,0,0
40,F,1,5,2,0
39,M,2,5,0,0
42,F,1,3,1,0
54,M,2,36,2,1
52,F,1,15,0,1
65,F,2,130,0,1
67,M,2,138,0,1
45,M,1,2,0,0
21,M,1,4,0,0
56,M,2,69,0,1
89,F,3,362,0,1
83,F,1,294,0,1
49,F,2,3,0,0
84,M,0,280,0,1
84,F,1,297,0,1
44,F,0,2,0,0
18,F,2,2,3,0
58,F,0,88,0,1
22,M,0,3,0,0
72,M,5,203,0,1
25,M,1,4,2,0
30,F,0,3,0,0
83,M,2,288,1,1
59,F,3,86,0,1
47,M,1,3,0,0
27,M,1,4,1,0
78,M,1,232,1,1
53,M,3,21,0,1
68,M,2,154,0,1
21,M,1,4,2,0
24,M,1,2,0,0
67,F,3,177,1,1
44,F,1,2,1,0
73,M,1,207,0,1
41,M,2,2,2,0
37,M,1,2,0,0
50,M,1,0,1,0
25,F,3,2,0,0
72,F,2,209,1,1
62,F,2,120,0,1
24,F,0,2,0,0
85,F,0,311,0,1
84,F,2,314,1,1
68,F,3,155,0,1
52,M,1,22,1,1
51,F,1,13,0,1
44,M,1,4,0,0
61,M,3,96,3,1
68,F,0,145,0,1
80,M,2,242,0,1
37,F,2,3,0,0
75,F,4,204,0,1
69,F,5,171,1,1
65,M,1,123,1,1
47,F,1,3,0,0
86,F,1,357,1,1
52,F,2,19,1,1
46,M,1,3,1,0
31,M,1,3,0,0
48,F,1,2,0,0
32,F,1,5,0,0
38,F,1,2,1,0
80,M,3,279,0,1
71,F,1,178,2,1
59,M,0,93,1,1
86,F,4,302,1,1
48,M,0,2,1,0
46,M,1,6,0,0
73,F,5,225,0,1
33,F,1,1,0,0
83,F,1,267,1,1
20,F,0,0,0,0
29,M,3,2,0,0
58,F,1,83,1,1
89,F,2,317,0,1
66,M,0,142,1,1
19,F,1,4,3,0
80,M,4,265,0,1
62,M,2,130,0,1
45,F,5,2,1,0
36,F,1,4,2,0
32,M,1,2,2,0
36,F,2,4,1,0
18,F,0,2,3,0
53,M,1,29,0,1
44,F,1,0,0,0
61,F,0,114,1,1
71,M,1,187,0,1
49,F,1,3,2,0
50,F,1,1,0,0
69,F,0,171,1,1
69,F,1,188,0,1
86,F,0,335,0,1
55,F,1,48,0,1
30,M,3,1,0,0
56,M,0,63,0,1
35,M,1,0,0,0
53,M,4,32,0,1
61,M,2,109,0,1
32,F,3,1,0,0
47,F,1,4,1,0
19,M,3,6,0,0
40,M,2,6,0,0
86,M,2,355,1,1
54,F,2,27,2,1
56,F,0,59,0,1
68,F,1,169,1,1
81,F,0,292,1,1
83,F,2,272,0,1
18,M,1,4,0,0
85,M,2,320,1,1
37,F,1,3,1,0
77,F,1,247,0,1
24,F,2,3,0,0
42,F,0,4,1,0
41,F,3,1,0,0
81,F,0,298,2,1
44,F,1,3,1,0
69,F,3,154,0,1
46,F,0,2,2,0
30,M,1,7,0,0
71,F,2,181,3,1
86,F,2,329,0,1
78,F,1,265,0,1
35,F,0,1,1,0
77,F,1,242,0,1
67,M,2,171,0,1
53,F,2,30,1,1
68,M,3,136,0,1
60,F,1,92,0,1
83,F,1,309,0,1
37,M,0,2,0,0
65,F,2,119,1,1
29,M,0,2,1,0
88,F,1,314,1,1
40,F,1,5,0,0
22,M,2,3,0,0
74,M,2,214,2,1
20,M,0,2,0,0
29,F,3,1,3,0
32,F,0,2,3,0
43,M,2,2,0,0
59,F,0,93,1,1
59,M,0,95,0,1
48,F,0,3,0,0
81,F,1,277,0,1
23,M,0,4,1,0
30,F,0,5,1,0
32,M,1,2,0,0
29,M,4,2,1,0
59,M,3,78,0,1
71,F,1,198,1,1
46,M,0,5,0,0
54,F,0,41,0,1
72,M,3,213,1,1
74,F,2,230,1,1
51,M,2,15,0,1
70,M,3,190,0,1
81,M,2,286,1,1
51,M,1,12,0,1
72,M,1,196,0,1
66,M,1,165,0,1
53,F,0,41,1,1
53,M,1,32,0,1
43,M,1,6,0,0
80,M,3,251,0,1
33,M,0,2,0,0
38,F,2,8,2,0
39,F,0,5,0,0
31,F,3,6,3,0
43,F,3,5,0,0
68,M,0,164,1,1
44,M,3,2,1,0
28,M,1,4,0,0
30,F,3,2,0,0
50,M,0,1,0,0
52,M,2,17,2,1
45,M,2,3,1,0
26,M,1,4,1,0
53,F,4,18,0,1
80,F,1,269,0,1
50,M,1,3,0,0
57,M,2,76,0,1
68,F,1,156,0,1
24,M,1,2,1,0
59,F,0,88,0,1
41,M,1,7,1,0
48,F,4,1,1,0
36,M,0,2,0,0
26,F,1,1,0,0
29,F,2,1,0,0
62,F,0,98,0,1
52,F,1,22,1,1
24,F,0,4,1,0
31,M,2,2,0,0
70,F,1,201,0,1
28,M,0,2,1,0
79,F,3,292,0,1
68,F,0,174,1,1
65,M,1,130,0,1
48,M,1,1,1,0
30,F,3,4,0,0
66,F,2,144,1,1
50,F,1,6,0,0
51,F,0,11,0,1
68,F,2,172,0,1
54,F,1,31,2,1
21,M,1,4,0,0
40,M,0,3,1,0
63,M,0,118,0,1
48,M,2,12,1,0
31,M,1,1,2,0
52,F,1,30,2,1
43,M,1,2,2,0
42,F,2,4,1,0
35,F,3,3,2,0
77,M,2,221,0,1
59,F,0,92,0,1
35,M,4,6,0,0
72,M,2,197,0,1
33,M,2,2,0,0
37,F,1,4,1,0
42,M,1,2,0,0
86,M,2,318,0,1
74,F,2,214,0,1
63,F,2,138,1,1
79,M,1,272,0,1
79,F,4,242,1,1
58,F,1,77,1,1
81,M,2,296,0,1
43,F,3,8,0,0
45,F,0,5,0,0
64,M,1,124,0,1
87,F,1,359,0,1
77,F,2,254,0,1
87,M,1,342,2,1
35,F,2,2,1,0
49,M,0,5,0,0
66,M,1,146,1,1
85,M,3,342,1,1
69,F,2,170,1,1
83,M,1,317,0,1
46,M,1,3,1,0
62,M,0,101,0,1
28,M,1,0,0,0
36,F,1,4,0,0
61,M,1,85,1,1
35,M,1,5,2,0
33,M,3,1,1,0
25,M,1,3,0,0
44,F,0,4,0,0
38,F,0,4,0,0
57,F,2,62,1,1
59,M,1,79,0,1
87,M,2,331,0,1
62,M,5,110,1,1
28,F,3,4,0,0
47,M,0,8,1,0
23,F,0,4,1,0
57,M,3,55,1,1
56,M,2,47,0,1
79,F,1,254,1,1
85,M,0,304,0,1
85,F,2,334,0,1
21,M,1,7,1,0
21,M,1,1,0,0
64,M,3,157,0,1
86,M,0,316,0,1
19,F,3,3,1,0
75,M,5,195,0,1
57,M,2,75,0,1
58,M,1,65,0,1
26,M,1,3,0,0
52,M,1,18,0,1
65,M,3,129,2,1
68,M,0,174,2,1
43,M,1,2,0,0
67,F,0,155,1,1
65,M,1,144,1,1
70,M,3,179,0,1
36,F,1,5,0,0
85,F,1,359,2,1
23,F,4,7,0,0
20,M,1,3,0,0
31,M,0,2,2,0
22,F,4,5,1,0
37,F,2,3,1,0
55,M,2,49,1,1
29,F,2,2,0,0
39,M,1,5,1,0
32,F,2,5,2,0
80,M,2,289,0,1
57,M,3,74,1,1
62,F,0,101,0,1
49,M,3,2,0,0
58,F,3,84,0,1
77,F,3,247,1,1
89,F,0,379,0,1
53,F,3,22,1,1
51,M,3,10,2,1
56,F,2,51,1,1
55,M,1,51,0,1
69,F,4,149,1,1
33,F,0,1,0,0
79,M,0,270,1,1
22,M,1,2,0,0
60,F,1,80,1,1
87,F,1,350,0,1
20,F,1,3,0,0
81,M,3,300,0,1
51,M,1,14,1,1
78,F,3,229,1,1
20,F,3,4,0,0
80,M,0,258,1,1
61,M,2,82,1,1
67,F,1,179,0,1
22,M,1,3,1,0
46,M,0,4,0,0
56,F,5,47,1,1
33,M,1,7,0,0
28,F,1,4,0,0
65,M,2,137,0,1
79,M,3,267,0,1
31,M,0,2,2,0
24,M,0,3,0,0
36,F,0,2,0,0
65,M,1,129,1,1
53,M,2,32,1,1
68,M,0,152,0,1
85,M,1,314,0,1
37,F,2,6,1,0
66,F,1,152,0,1
60,F,4,78,3,1
79,F,2,250,0,1
41,F,4,3,2,0
26,M,1,3,1,0
36,M,3,6,0,0
18,F,0,2,1,0
36,F,0,4,0,0
79,M,2,272,0,1
19,M,2,4,1,0
30,F,4,2,0,0
66,F,1,154,1,1
35,F,3,1,0,0
23,M,0,0,0,0
55,M,1,45,0,1
32,M,1,5,1,0
66,M,0,148,2,1
24,M,0,3,1,0
20,M,0,4,0,0
75,M,2,252,1,1
62,M,2,134,0,1
56,M,0,57,1,1
60,F,0,94,0,1
51,M,4,11,0,1
58,F,1,96,0,1
59,M,4,90,0,1
26,F,0,1,0,0
76,F,2,235,0,1
65,M,0,149,1,1
62,F,5,109,0,1
89,M,3,383,0,1
54,M,1,41,0,1
82,F,2,314,0,1
40,M,1,4,0,0
23,M,0,3,0,0
55,F,1,51,1,1
79,M,2,257,1,1
89,M,1,344,0,1
65,M,3,148,1,1
59,M,2,89,0,1
81,M,1,266,0,1
52,F,0,20,0,1
79,M,1,255,1,1
81,F,1,262,0,1
77,F,1,258,1,1
21,M,0,4,2,0
36,F,0,6,1,0
22,M,2,6,0,0
51,M,1,16,0,1
74,F,1,223,0,1
84,F,5,310,2,1
85,M,1,312,2,1
22,F,1,2,0,0
21,M,2,3,1,0
56,F,1,64,1,1
19,F,1,3,1,0
75,M,3,207,4,1
18,M,0,2,2,0
55,F,0,62,0,1
59,F,1,103,0,1
48,F,2,4,0,0
27,M,3,4,1,0
75,F,2,255,1,1
58,M,2,70,1,1
71,M,0,179,0,1
65,M,2,144,2,1
55,F,1,37,0,1
19,F,0,5,0,0
50,M,0,3,0,1
80,F,2,255,0,1
33,F,2,1,0,0
36,M,1,2,0,0
82,M,2,261,2,1
57,F,1,79,2,1
62,M,2,113,1,1
43,M,2,3,1,0
37,F,3,2,1,0
42,M,0,4,1,0
87,M,2,320,0,1
47,F,1,3,1,0
58,M,0,66,1,1
18,M,0,4,0,0
79,F,1,248,0,1
48,F,1,2,0,0
72,F,2,202,1,1
37,F,1,3,0,0
63,M,1,129,1,1
43,F,1,2,0,0
40,F,1,2,0,0
29,F,2,2,0,0
68,M,0,175,0,1
42,F,2,2,0,0
26,M,2,4,3,0
68,F,1,136,1,1
67,F,2,154,0,1
88,F,1,331,0,1
81,M,1,282,0,1
32,F,0,7,0,0
21,F,2,4,1,0
80,F,3,294,0,1
87,F,1,359,1,1
62,F,1,108,2,1
62,M,1,109,0,1
25,M,2,3,0,0
57,F,0,49,0,1
19,F,3,4,2,0
73,F,2,196,0,1
81,F,1,292,0,1
19,F,2,0,1,0
34,M,1,1,0,0
89,M,0,355,0,1
25,F,2,1,0,0
75,M,0,227,3,1
65,F,1,124,0,1
64,M,2,127,0,1
68,F,2,191,0,1
38,F,1,3,1,0
82,M,1,270,1,1
52,F,2,24,0,1
54,F,1,41,0,1
71,M,0,180,0,1
40,F,1,2,0,0
21,M,1,3,1,0
40,M,0,2,0,0
63,F,2,124,1,1
32,M,1,3,0,0
73,F,0,177,4,1
63,F,2,136,0,1
66,F,2,149,1,1
85,F,1,311,0,1
35,F,2,4,2,0
24,F,2,3,0,0
42,F,3,4,1,0
45,M,0,5,0,0
18,F,0,5,0,0
43,M,2,2,2,0
89,M,1,369,3,1
23,M,0,3,1,0
84,F,0,296,1,1
60,F,2,107,0,1
85,F,2,329,1,1
88,M,0,333,0,1
60,F,2,93,0,1
37,M,2,3,1,0
74,F,2,209,0,1
70,F,2,190,0,1
58,F,2,83,1,1
82,F,4,268,0,1
83,M,0,292,0,1
37,M,2,5,0,0
28,M,2,3,0,0
84,F,3,301,1,1
19,M,1,2,0,0
71,M,1,195,1,1
70,M,1,198,0,1
64,F,0,129,0,1
52,M,2,16,0,1
31,M,2,4,0,0
57,F,3,79,2,1
37,M,1,7,1,0
79,M,2,240,0,1
25,M,3,6,2,0
44,M,3,2,1,0
82,M,3,278,1,1
63,M,0,125,0,1
76,F,1,229,0,1
28,F,2,4,1,0
24,M,0,7,1,0
53,M,0,35,1,1
56,M,0,55,0,1
77,F,1,248,0,1
33,F,1,5,0,0
58,F,1,77,2,1
73,F,0,220,1,1
51,M,2,15,0,1
59,M,2,97,0,1
85,M,0,351,0,1
86,M,1,325,0,1
86,M,1,301,0,1
70,F,0,167,0,1
61,M,2,116,2,1
25,M,3,7,0,0
42,F,1,2,0,0
44,M,1,1,2,0
73,M,2,216,1,1
59,F,1,89,1,1
34,F,0,2,0,0
83,M,1,277,1,1
23,M,2,2,0,0
44,M,2,3,0,0
60,F,1,100,0,1
31,M,1,0,1,0
26,F,1,3,0,0
38,F,1,1,0,0
34,M,3,4,0,0
35,M,0,1,0,0
40,F,1,2,0,0
29,M,0,4,0,0
53,M,2,35,0,1
42,F,2,6,1,0
48,F,1,1,0,0
35,M,1,3,2,0
69,F,7,171,0,1
54,F,0,46,2,1
58,F,1,82,0,1
82,F,2,273,1,1
71,F,1,212,0,1
86,M,2,312,1,1
21,M,1,4,0,0
29,M,0,5,0,0
76,F,1,211,1,1
58,M,0,81,1,1
89,F,1,365,0,1
66,F,1,141,1,1
78,F,0,257,1,1
28,M,3,5,0,0
23,M,1,6,2,0
56,F,3,66,0,1
56,M,0,54,1,1
32,M,2,5,0,0
81,F,3,309,0,1
44,F,3,6,2,0
48,M,2,2,1,0
41,M,0,1,0,0
54,F,3,30,0,1
76,M,2,255,0,1
50,M,3,4,0,0
34,M,3,3,0,0
66,F,2,131,2,1
56,M,4,50,1,1
31,F,1,3,0,0
60,M,3,101,0,1
34,F,0,3,1,0
41,M,4,2,0,0
28,F,0,6,0,0
84,F,1,273,1,1
69,M,1,183,1,1
41,F,3,4,1,0
60,F,3,88,1,1
41,M,4,3,2,0
86,M,0,280,0,1
67,M,0,141,1,1
21,F,2,7,0,0
53,M,1,32,0,1
46,M,1,0,1,0
70,F,1,152,0,1
88,M,5,332,2,1
29,F,1,2,0,0
29,F,2,6,0,0
28,F,0,3,0,0
85,F,2,328,0,1
70,M,0,190,0,1
51,M,2,13,0,1
45,M,2,2,1,0
60,F,0,76,0,1
79,F,2,281,1,1
22,M,3,2,1,0
34,M,0,1,0,0
64,M,2,129,1,1
35,M,0,2,0,0
87,M,1,325,0,1
80,F,2,252,0,1
76,M,2,249,0,1
44,M,1,1,0,0
23,M,1,7,1,0
25,F,1,1,2,0
57,F,2,79,1,1
33,M,2,4,0,0
72,M,1,215,1,1
73,M,3,214,1,1
34,F,1,1,0,0
37,M,0,3,1,0
85,M,2,313,0,1
58,F,1,76,1,1
23,M,2,2,0,0
78,M,2,238,0,1
77,F,0,237,0,1
61,F,3,99,0,1
34,F,3,9,0,0
72,F,1,199,0,1
47,M,2,5,2,0
88,F,1,326,0,1
79,M,2,258,0,1
39,F,2,5,1,0
81,M,2,258,1,1
81,F,0,298,0,1
35,M,0,3,0,0
57,F,3,71,0,1
70,M,0,180,0,1
32,M,1,6,1,0
79,M,0,269,0,1
27,M,2,3,1,0
70,F,4,176,2,1
41,M,2,4,0,0
86,F,2,320,0,1
27,M,3,2,0,0
42,F,2,1,0,0
73,F,2,206,1,1
45,F,1,8,0,0
58,F,2,80,1,1
37,F,4,3,1,0
21,F,0,2,0,0
19,F,1,2,2,0
81,M,3,262,0,1
75,M,3,233,1,1
60,M,1,77,0,1
66,M,1,149,0,1
49,M,1,1,1,0
56,M,2,59,0,1
28,F,3,5,0,0
24,M,0,2,0,0
51,M,1,6,0,1
89,F,0,372,0,1
84,F,0,304,1,1
56,F,3,43,0,1
60,F,2,98,1,1
77,F,4,229,1,1
51,M,0,8,2,1
45,M,2,1,0,0
61,F,1,101,0,1
54,M,2,35,0,1
57,M,0,70,1,1
20,F,2,0,0,0
62,F,1,110,0,1
46,F,1,4,0,0
32,F,0,2,2,0
74,M,4,207,1,1
28,M,0,4,0,0
31,F,1,3,2,0
18,M,0,3,1,0
70,M,2,186,0,1
77,M,0,214,0,1
46,F,3,1,3,0
18,F,4,4,0,0
50,F,3,0,1,0
36,M,2,3,0,0
34,M,1,1,0,0
60,F,1,104,0,1
69,M,1,130,4,1
53,F,1,32,1,1
42,F,0,3,1,0
82,M,1,298,1,1
56,M,0,50,0,1
33,F,2,1,0,0
76,F,2,245,0,1
26,M,2,5,1,0
80,F,1,282,0,1
29,F,0,3,1,0
58,F,0,81,0,1
53,F,1,29,0,1
87,F,0,328,0,1
38,F,3,5,1,0
25,M,1,1,0,0
50,F,2,1,0,0
40,M,2,2,0,0
67,F,3,152,0,1
22,M,1,2,0,0
41,M,2,2,0,0
82,F,1,270,0,1
65,F,2,150,0,1
26,F,0,5,2,0
19,M,1,4,1,0
56,F,2,70,0,1
57,M,0,70,2,1
31,F,1,4,0,0
83,M,1,278,0,1
19,M,2,3,1,0
85,M,1,296,0,1
18,F,1,1,0,0
59,F,0,90,0,1
88,F,3,347,1,1
88,F,0,374,0,1
86,M,1,308,0,1
34,F,0,3,0,0
69,F,1,168,0,1
39,F,2,1,0,0
40,F,2,2,0,0
50,M,1,5,1,1
48,F,2,1,0,0
54,M,4,51,1,1
25,M,2,6,0,0
77,F,1,255,0,1
43,M,0,5,1,0
50,F,0,4,0,1
73,M,1,212,0,1
21,F,1,3,0,0
61,M,3,87,1,1
68,F,0,160,0,1
78,M,1,252,0,1
34,F,3,7,0,0
28,F,1,2,0,0
81,M,0,272,0,1
54,M,3,35,0,1
33,M,2,3,2,0
78,F,0,270,1,1
39,M,1,1,0,0
37,F,0,4,1,0
27,M,0,4,2,0
66,F,3,161,0,1
39,M,1,3,0,0
68,M,2,177,0,1
61,M,0,94,0,1
63,F,1,111,0,1
37,F,2,3,0,0
46,F,4,2,1,0
21,M,0,4,0,0
42,M,4,5,0,0
60,M,7,105,0,1
87,M,1,324,0,1
70,M,4,158,0,1
28,M,1,3,0,0
25,M,1,3,1,0
87,M,1,338,0,1
48,F,2,2,1,0
44,M,0,1,0,0
22,M,2,2,2,0
22,M,2,3,1,0
19,M,0,5,2,0
46,F,3,2,0,0
44,F,3,2,0,0
53,M,2,36,1,1
38,F,5,2,0,0
51,M,1,6,0,1
81,F,2,288,0,1
76,M,1,236,0,1
18,M,1,4,1,0
21,F,1,1,1,0
64,F,2,136,1,1
47,F,2,2,0,0
70,M,4,204,2,1
21,F,2,1,1,0
48,M,2,1,0,0
80,F,2,282,0,1
54,M,1,31,2,1
74,F,1,219,0,1
35,M,1,1,0,0
24,M,2,3,1,0
36,M,3,2,0,0
68,F,0,152,0,1
21,F,0,5,0,0
33,F,0,1,1,0
83,F,2,285,0,1
54,F,0,50,1,1
20,M,2,7,0,0
60,M,1,108,0,1
27,F,3,2,0,0
81,M,3,251,0,1
70,F,4,179,1,1
80,F,0,263,0,1
50,F,1,0,0,0
22,M,0,5,1,0
54,M,1,37,0,1
56,M,1,75,1,1
39,M,3,2,1,0
35,F,2,1,1,0
29,F,0,3,0,0
87,M,1,323,1,1
75,F,2,258,0,1
30,F,0,6,1,0
26,F,0,4,1,0
80,M,2,239,1,1
39,F,1,2,0,0
39,F,5,3,1,0
72,F,1,197,1,1
28,F,1,0,3,0
39,M,0,6,0,0
35,M,2,3,0,0
86,M,0,355,0,1
74,M,2,210,0,1
30,F,2,6,1,0
51,M,4,10,3,1
55,M,4,42,0,1
31,F,1,4,0,0
56,F,1,57,0,1
87,M,5,300,0,1
54,F,1,50,0,1
25,M,0,4,0,0
73,M,1,207,1,1
53,F,3,33,1,1
21,M,2,3,0,0
38,F,2,2,1,0
57,M,2,73,1,1
47,M,2,4,0,0
74,F,0,191,0,1
65,F,1,155,2,1
21,M,1,5,0,0
73,F,2,206,1,1
57,M,1,60,2,1
59,F,2,89,0,1
49,M,2,0,1,0
45,M,1,4,0,0
47,M,0,4,0,0
48,M,1,2,0,0
56,M,1,73,1,1
32,M,3,2,2,0
62,F,1,113,1,1
70,M,2,177,0,1
68,M,1,176,1,1
67,F,2,163,0,1
82,M,0,300,1,1
46,M,0,5,1,0
65,F,3,141,0,1
84,F,4,310,2,1
89,F,2,369,1,1
53,F,1,36,0,1
65,F,0,128,0,1
68,F,1,152,1,1
37,F,1,1,0,0
57,M,4,71,0,1
28,F,1,2,0,0
59,F,3,78,2,1
23,F,0,2,0,0
39,F,2,5,1,0
37,M,2,2,1,0
69,M,2,186,0,1
26,F,2,3,0,0
63,M,0,123,0,1
67,M,1,159,0,1
37,F,0,2,0,0
67,F,2,156,0,1
62,M,2,114,1,1
62,M,1,125,1,1
24,M,2,2,1,0
45,M,2,4,0,0
41,F,2,3,1,0
51,F,1,17,1,1
80,F,1,286,0,1
36,F,2,4,0,0
42,M,4,4,0,0
84,F,0,313,1,1
48,F,3,5,0,0
19,M,0,2,0,0
70,M,1,186,4,1
41,M,3,4,0,0
65,F,1,155,0,1
59,F,0,89,1,1
50,F,3,5,1,1
31,M,1,4,0,0
82,M,1,280,0,1
79,F,0,291,0,1
42,M,2,3,1,0
52,M,2,18,0,1
65,F,1,144,1,1
44,M,1,6,1,0
61,F,1,93,1,1
22,F,0,3,0,0
82,F,0,300,0,1
38,F,1,5,0,0
50,M,3,1,1,0
60,M,2,105,2,1
34,F,0,3,2,0
38,F,2,0,0,0
53,M,2,18,0,1
21,M,1,4,1,0
41,F,0,3,2,0
59,M,2,87,0,1
28,F,3,3,1,0
39,F,0,5,0,0
87,M,1,340,0,1
78,M,0,251,1,1
31,M,3,2,0,0
67,F,1,157,2,1
60,M,5,83,1,1
69,M,2,162,2,1
33,M,3,4,1,0
82,M,2,298,0,1
54,M,0,41,2,1
76,M,2,209,0,1
72,M,2,215,0,1
41,F,3,7,1,0
18,F,0,2,0,0
58,M,1,71,1,1
44,M,1,3,0,0
36,F,2,3,2,0
27,M,0,5,0,0
32,F,1,4,1,0
73,F,2,222,0,1
32,M,1,5,0,0
72,M,2,201,0,1
25,F,1,7,2,0
83,M,1,309,0,1
35,F,2,4,1,0
76,F,2,235,1,1
34,M,2,7,1,0
33,F,0,3,0,0
66,M,3,158,0,1
25,F,4,3,0,0
36,M,0,0,0,0
62,M,1,105,0,1
21,M,0,2,1,0
37,M,0,0,1,0
48,M,1,1,0,0
61,F,1,104,0,1
32,M,1,3,0,0
58,M,2,61,0,1
67,F,4,144,1,1
44,F,1,2,0,0
33,M,0,3,0,0
36,F,0,1,1,0
58,F,1,74,0,1
18,F,3,4,1,0
30,M,0,5,1,0
26,F,3,6,1,0
52,F,1,28,0,1
76,F,0,232,1,1
80,M,1,278,0,1
65,M,1,140,1,1
39,F,0,3,0,0
21,F,0,0,1,0
55,F,1,49,0,1
32,F,3,2,1,0
49,M,1,1,1,0
61,F,4,105,1,1
23,M,0,4,0,0
24,M,3,6,0,0
19,M,0,3,1,0
83,M,1,288,0,1
78,M,1,254,0,1
31,F,2,2,0,0
42,F,3,0,0,0
61,M,1,99,0,1
67,M,1,160,1,1
46,M,0,3,1,0
47,F,3,1,0,0
69,F,0,193,0,1
78,F,1,244,1,1
27,M,1,4,0,0
32,M,0,3,0,0
71,M,4,182,0,1
52,M,0,21,0,1
31,M,2,4,1,0
57,M,2,72,2,1
21,F,1,3,0,0
75,F,2,222,1,1
42,F,1,1,0,0
20,F,2,3,0,0
85,M,3,316,2,1
44,F,3,4,3,0
75,M,0,237,0,1
52,M,3,22,2,1
21,M,2,0,0,0
60,F,2,95,0,1
24,M,3,8,1,0
28,F,1,3,0,0
86,F,2,334,0,1
57,F,5,61,1,1
36,F,2,5,0,0
67,F,1,166,1,1
59,M,2,93,0,1
70,M,1,185,0,1
65,F,1,127,0,1
34,F,0,1,0,0
46,M,0,0,0,0
49,M,2,2,0,0
30,F,1,3,1,0
39,F,2,5,1,0
63,F,2,124,0,1
45,F,1,0,0,0
42,F,2,2,0,0
44,M,4,3,1,0
30,F,1,2,1,0
86,F,1,335,2,1
66,F,1,135,0,1
18,F,1,5,1,0
74,M,2,203,1,1
86,M,0,322,0,1
77,M,1,242,0,1
20,F,1,3,0,0
34,F,1,3,0,0
23,M,4,3,0,0
18,F,0,5,2,0
32,F,2,2,0,0
85,M,3,320,1,1
38,M,4,3,0,0
58,M,1,75,0,1
79,M,0,263,1,1
86,F,1,312,0,1
78,M,2,288,0,1
21,M,5,1,1,0
85,M,3,343,0,1
57,F,1,73,1,1
46,M,1,5,0,0
66,M,0,130,2,1
19,F,1,1,1,0
60,M,0,101,0,1
63,F,0,120,0,1
27,F,2,1,0,0
82,M,0,304,1,1
25,M,0,2,1,0
25,F,2,4,1,0
48,F,1,0,0,0
77,F,2,235,0,1
47,F,0,2,1,0
18,M,3,5,0,0
59,M,3,84,0,1
70,M,2,190,2,1
47,F,0,4,0,0
53,M,2,33,0,1
84,F,1,311,0,1
83,M,0,299,1,1
55,F,1,48,0,1
80,F,2,291,1,1
31,M,1,2,1,0
21,F,3,3,0,0
65,F,1,128,0,1
53,M,2,33,1,1
34,F,3,2,0,0
35,F,3,3,0,0
43,M,2,4,3,0
49,M,1,4,1,0
69,M,2,156,1,1
22,M,2,7,0,0
35,M,3,3,0,0
43,F,0,2,0,0
77,F,1,255,2,1
47,M,0,5,0,0
43,M,1,5,0,0
18,F,2,3,2,0
85,M,4,303,1,1
52,F,2,18,0,1
73,M,0,213,0,1
82,M,0,282,0,1
26,M,2,0,1,0
22,M,1,1,3,0
20,F,0,2,0,0
86,F,2,356,0,1
44,F,2,5,0,0
53,M,0,38,1,1
22,M,0,2,0,0
33,F,2,3,2,0
34,F,1,5,2,0
87,M,0,334,1,1
71,M,1,185,0,1
52,F,2,22,0,1
59,F,2,103,1,1
49,M,2,3,0,0
21,M,2,2,1,0
45,M,1,3,0,0
72,M,2,206,1,1
81,F,3,285,1,1
76,M,1,224,1,1
27,F,3,4,2,0
77,M,2,225,0,1
33,M,0,2,0,0
18,F,2,7,2,0
38,F,1,4,0,0
44,F,2,3,1,0
22,F,0,3,0,0
62,M,2,102,0,1
78,F,1,268,0,1
80,F,1,258,1,1
53,F,5,27,0,1
37,F,3,4,1,0
61,F,0,92,1,1
36,M,4,5,1,0
81,M,1,278,0,1
49,F,3,5,1,0
53,M,3,33,2,1
59,F,1,96,2,1
37,M,2,3,1,0
89,F,1,385,1,1
56,F,1,50,0,1
18,M,1,2,1,0
54,M,4,40,1,1
45,M,2,2,0,0
39,F,2,2,0,0
27,F,0,2,0,0
34,M,1,0,0,0
61,F,0,93,0,1
43,F,2,4,0,0
58,M,2,73,0,1
70,F,0,196,0,1
49,F,2,2,0,0
29,M,1,1,0,0
65,M,1,146,0,1
89,M,4,344,1,1
77,M,1,232,1,1
34,M,3,6,1,0
77,M,3,222,0,1
37,M,0,5,0,0
26,M,0,10,2,0
26,F,0,2,0,0
74,M,0,234,0,1
46,F,0,1,0,0
83,F,3,309,1,1
44,M,1,1,0,0
22,M,1,3,1,0
67,M,3,145,3,1
60,M,1,97,1,1
82,F,1,282,0,1
87,F,1,370,0,1
35,M,1,0,0,0
35,F,1,2,0,0
76,M,3,225,1,1
45,M,2,1,0,0
40,M,3,4,0,0
28,M,4,3,1,0
47,F,0,2,0,0
41,F,0,4,0,0
27,M,3,1,0,0
30,F,0,5,0,0
82,M,2,299,1,1
26,M,0,3,0,0
44,M,0,7,0,0
46,F,2,6,0,0
68,F,0,162,1,1
48,F,3,3,1,0
19,M,4,4,1,0
61,F,3,102,0,1
68,F,1,151,1,1
57,F,1,77,1,1
34,F,2,4,1,0
86,M,3,304,0,1
50,F,0,4,1,1
64,F,1,137,0,1
66,M,2,184,1,1
30,M,0,5,0,0
30,F,1,4,1,0
25,M,0,3,0,0
55,F,0,49,2,1
45,F,5,3,1,0
78,F,2,252,1,1
76,M,0,245,0,1
29,M,2,4,0,0
64,M,3,103,1,1
51,F,0,18,1,1
22,F,5,4,1,0
31,F,3,3,1,0
76,M,2,271,1,1
28,F,0,5,1,0
49,F,2,0,1,0
53,M,1,27,0,1
75,F,1,270,0,1
50,F,1,0,1,0
56,M,1,51,0,1
64,F,4,135,0,1
43,M,1,0,0,0
79,M,3,275,2,1
65,M,3,129,0,1
68,F,2,170,0,1
85,M,1,345,1,1
42,M,0,3,1,0
70,F,1,183,1,1
52,F,1,21,0,1
44,F,2,2,0,0
66,F,2,122,0,1
28,M,2,7,1,0
78,M,1,265,0,1
84,F,1,332,0,1
67,F,4,159,0,1
45,M,1,2,0,0
54,F,0,30,1,1
39,F,2,5,0,0
27,F,1,2,0,0
80,M,2,272,0,1
80,M,0,269,2,1
62,F,2,112,4,1
38,F,3,5,0,0
88,F,0,366,0,1
47,F,0,5,0,0
58,M,1,76,0,1
81,F,3,298,0,1
20,M,3,3,0,0
32,M,1,1,0,0
70,F,3,167,0,1
83,M,0,310,0,1
80,F,0,270,1,1
34,M,1,3,0,0
74,F,1,240,0,1
24,F,0,5,0,0
60,M,1,100,1,1
54,M,2,33,0,1
79,M,1,264,2,1
75,F,0,202,0,1
20,M,1,1,0,0
46,M,1,1,0,0
23,F,2,4,0,0
78,M,0,235,0,1
19,F,2,2,1,0
46,M,3,1,0,0
65,M,2,135,0,1
76,M,1,239,0,1
83,F,1,322,0,1
26,F,1,2,1,0
36,F,1,3,1,0
38,M,0,4,0,0
37,M,0,2,0,0
26,F,2,4,0,0
70,M,4,185,0,1
71,M,1,189,0,1
51,F,1,9,0,1
51,M,1,11,0,1
74,M,2,237,0,1
65,F,1,123,0,1
29,F,1,1,0,0
35,M,3,3,0,0
54,M,2,32,0,1
70,M,1,188,0,1
88,F,1,344,0,1
89,F,1,369,0,1
54,M,1,36,0,1
23,M,2,3,0,0
59,M,1,76,1,1
40,M,0,2,0,0
32,M,1,2,0,0
80,F,0,292,0,1
78,F,1,262,0,1
79,F,1,251,0,1
20,M,1,3,1,0
80,F,1,261,0,1
81,F,1,267,0,1
34,M,5,1,0,0
57,F,0,77,0,1
58,M,2,75,2,1
51,M,3,13,0,1
24,F,0,0,2,0
26,F,2,3,1,0
49,M,2,3,1,0
37,M,0,2,0,0
59,M,1,72,0,1
60,F,2,99,1,1
36,M,1,3,2,0
48,M,0,4,0,0
48,F,5,1,0,0
87,F,1,293,1,1
44,F,3,3,0,0
56,M,0,64,0,1
24,F,1,0,0,0
45,F,2,0,0,0
22,M,0,4,0,0
23,M,2,3,3,0
74,F,3,245,2,1
19,F,0,1,0,0
18,F,0,2,0,0
81,M,0,260,1,1
89,F,1,334,0,1
30,F,1,1,0,0
82,M,1,271,1,1
77,F,0,251,0,1
89,F,1,351,1,1
47,M,1,4,0,0
74,M,1,230,0,1
23,F,1,0,0,0
18,M,0,2,0,0
20,M,1,3,1,0
26,M,0,1,0,0
82,F,2,285,1,1
40,F,4,2,1,0
43,M,1,1,0,0
31,F,1,4,0,0
54,M,2,51,1,1
22,M,1,5,2,0
34,M,3,4,0,0
84,M,2,327,1,1
82,F,0,295,0,1
83,F,0,313,2,1
42,M,3,1,1,0
73,F,3,218,0,1
24,F,1,8,0,0
36,F,2,4,1,0
38,F,1,4,2,0
79,F,0,285,1,1
77,F,1,238,0,1
76,M,0,240,0,1
43,M,1,7,0,0
41,F,1,2,1,0
78,F,1,262,1,1
27,F,1,3,0,0
52,F,3,14,1,1
27,M,2,5,0,0
60,M,1,88,1,1
47,F,2,6,2,0
66,F,2,146,1,1
77,F,1,260,0,1
33,F,0,2,0,0
23,F,4,4,1,0
24,F,1,4,1,0
48,F,1,3,1,0
73,F,0,190,1,1
43,M,0,3,0,0
74,F,1,203,2,1
82,F,1,288,0,1
87,M,0,309,1,1
29,M,1,2,0,0
62,F,4,90,2,1
65,F,2,131,1,1
56,M,1,56,0,1
41,F,4,6,0,0
46,F,1,5,0,0
64,M,2,113,0,1
53,M,1,28,0,1
77,F,0,238,1,1
31,F,0,3,0,0
77,M,2,258,0,1
62,M,2,119,0,1
78,F,1,286,0,1
19,M,1,4,0,0
39,M,0,2,1,0
85,M,2,323,2,1
37,M,2,1,1,0
50,M,1,4,0,0
26,F,0,3,1,0
82,M,2,293,0,1
36,M,2,2,0,0
85,F,0,300,0,1
26,M,2,1,1,0
78,M,1,246,0,1
74,M,2,228,0,1
19,M,2,5,1,0
21,M,2,4,0,0
61,F,2,92,0,1
31,F,0,0,0,0
87,M,2,331,1,1
74,F,1,231,1,1
60,F,2,82,0,1
73,F,2,205,1,1
18,M,2,4,0,0
88,M,0,354,1,1
82,M,2,316,0,1
45,F,3,5,1,0
73,M,1,200,0,1
21,M,2,3,1,0
39,F,3,5,1,0
76,M,0,237,1,1
28,M,1,1,0,0
38,M,3,5,0,0
65,F,0,138,0,1
73,M,3,209,0,1
76,M,2,246,0,1
19,F,0,2,1,0
48,F,2,6,0,0
20,M,2,3,0,0
48,F,1,7,1,0
61,F,1,100,0,1
36,M,4,4,0,0
67,M,2,140,0,1
37,F,3,2,1,0
58,F,1,80,1,1
62,M,1,95,1,1
56,F,2,57,0,1
19,M,1,2,0,0
60,M,0,92,0,1
42,F,2,0,0,0
27,F,1,2,0,0
64,F,3,111,0,1
22,M,2,4,1,0
31,F,0,1,0,0
43,M,2,2,0,0
30,M,1,2,1,0
57,M,1,91,0,1
70,F,1,186,0,1
35,F,2,3,0,0
86,M,1,343,0,1
30,F,0,2,0,0
80,M,1,228,1,1
50,F,0,0,0,1
73,F,2,225,0,1
47,M,1,2,0,0
81,F,2,315,0,1
37,M,0,0,0,0
20,F,1,1,0,0
84,F,1,305,0,1
63,F,1,133,0,1
85,F,2,310,0,1
37,M,0,3,1,0
21,F,1,1,1,0
49,M,1,4,1,0
52,M,0,17,0,1
55,F,2,51,1,1
35,F,1,3,0,0
80,F,4,258,0,1
42,F,0,5,0,0
50,M,0,2,0,0
20,F,4,5,1,0
50,F,3,0,1,1
23,F,1,3,1,0
56,M,2,55,0,1
20,F,2,1,1,0
39,F,1,7,2,0
27,M,2,6,0,0
24,M,0,2,0,0
64,F,1,131,1,1
89,F,2,362,1,1
23,F,2,3,0,0
52,F,1,27,2,1
81,F,0,270,0,1
83,F,1,342,0,1
75,M,2,215,1,1
18,F,2,1,0,0
37,F,0,5,1,0
19,M,2,3,0,0
67,F,2,159,1,1
46,M,1,3,1,0
86,F,0,314,1,1
34,M,2,3,1,0
26,F,0,4,0,0
46,F,3,3,1,0
58,F,1,87,1,1
49,F,1,3,0,0
51,F,2,11,1,1
53,M,4,29,0,1
40,F,1,5,0,0
23,M,2,0,1,0
38,M,2,6,1,0
52,M,3,19,0,1
24,F,1,5,0,0
46,F,0,2,1,0
64,M,3,131,0,1
24,M,2,1,1,0
32,M,2,5,0,0
86,F,0,325,0,1
48,M,0,5,0,0
33,M,0,4,0,0
84,F,1,301,1,1
30,M,3,1,1,0
43,M,0,1,0,0
81,M,3,253,0,1
40,F,2,2,1,0
27,M,0,0,1,0
85,F,1,310,0,1
89,M,1,352,0,1
60,M,2,96,1,1
33,F,0,2,0,0
59,F,1,72,2,1
34,M,1,3,0,0
34,F,2,4,0,0
71,F,3,180,1,1
64,F,1,115,0,1
44,F,4,3,0,0
45,M,2,4,2,0
57,M,5,64,0,1
57,F,1,60,2,1
20,F,0,2,0,0
46,M,1,2,1,0
56,M,2,62,0,1
23,F,0,4,0,0
68,M,0,142,1,1
81,F,1,300,0,1
71,M,4,187,0,1
67,F,2,142,0,1
79,F,1,262,0,1
86,M,2,322,0,1
34,F,2,2,0,0
40,M,1,7,0,0
46,M,4,3,0,0
38,F,2,3,1,0
74,M,3,239,0,1
27,M,2,5,0,0
28,F,3,3,1,0
40,F,1,3,0,0
73,F,0,204,0,1
41,F,1,2,1,0
64,F,5,134,1,1
31,F,0,1,0,0
48,M,1,4,0,0
37,F,3,4,1,0
41,F,1,3,0,0
39,F,1,4,0,0
35,M,1,2,1,0
79,F,5,263,0,1
61,F,0,112,1,1
50,M,3,2,1,0
69,F,1,180,0,1
77,F,4,269,3,1
28,M,0,4,0,0
21,F,2,5,0,0
21,F,1,2,0,0
31,F,5,1,0,0
41,M,0,3,0,0
86,F,1,329,1,1
21,F,1,2,0,0
21,M,1,2,0,0
38,M,4,2,1,0
23,F,1,4,0,0
68,F,2,159,0,1
55,F,2,45,0,1
65,M,2,126,0,1
38,M,2,4,0,0
88,F,3,363,1,1
31,M,3,2,1,0
75,M,1,233,0,1
61,F,3,101,0,1
81,M,2,265,0,1
61,F,0,93,0,1
60,F,1,88,0,1
31,M,0,5,2,0
33,F,0,6,1,0
56,F,0,67,1,1
41,M,4,5,1,0
50,M,1,2,0,0
45,F,3,2,1,0
78,F,2,246,1,1
87,M,2,312,1,1
22,F,1,5,1,0
68,F,2,189,1,1
34,F,2,3,0,0
36,F,2,2,0,0
58,M,2,61,0,1
42,M,0,4,0,0
20,F,0,5,1,0
40,M,0,4,1,0
78,F,0,256,0,1
74,M,2,232,0,1
87,F,1,368,1,1
64,F,1,120,0,1
41,F,0,5,0,0
67,F,2,155,1,1
73,F,1,203,0,1
43,M,2,5,0,0
35,M,1,0,0,0
36,F,2,3,1,0
86,M,3,312,0,1
86,F,1,343,0,1
33,M,3,4,0,0
36,F,3,5,0,0
18,M,1,8,0,0
72,M,1,208,0,1
22,M,0,2,2,0
26,F,2,2,1,0
51,F,1,6,0,1
34,M,3,5,1,0
20,F,2,6,0,0
21,M,0,3,1,0
88,M,1,343,2,1
19,M,1,4,2,0
63,M,0,114,1,1
49,M,0,3,1,0
58,M,0,69,1,1
89,F,2,343,3,1
63,F,2,117,1,1
49,F,1,1,1,0
48,F,3,3,2,0
18,F,3,2,1,0
81,F,4,301,0,1
70,M,0,205,0,1
69,M,3,191,2,1
42,F,7,3,0,0
48,M,2,5,0,0
69,M,1,184,1,1
38,F,4,6,1,0
79,F,3,258,0,1
28,F,5,1,1,0
34,F,3,4,0,0
40,M,0,3,1,0
56,F,2,50,1,1
43,M,1,2,1,0
47,M,4,2,1,0
23,M,2,2,0,0
21,M,0,6,0,0
84,M,3,288,0,1
53,F,3,28,1,1
36,M,4,4,0,0
30,F,4,0,3,0
56,F,1,43,0,1
55,F,2,46,0,1
22,F,1,2,0,0
54,M,1,35,0,1
57,M,1,73,2,1
65,F,0,136,1,1
64,M,0,139,0,1
36,M,4,3,0,0
23,F,2,4,1,0
19,F,1,1,1,0
88,M,0,350,0,1
24,F,1,6,2,0
29,F,1,1,0,0
20,F,2,1,0,0
36,F,0,2,0,0
54,M,2,36,0,1
71,M,2,203,1,1
59,M,1,81,0,1
42,M,4,3,0,0
62,M,0,136,0,1
81,F,1,286,0,1
21,M,2,2,0,0
35,M,1,1,0,0
49,F,1,3,1,0
40,M,1,6,0,0
74,M,3,222,0,1
67,M,3,167,0,1
82,F,1,258,0,1
79,M,2,251,0,1
27,M,0,2,1,0
81,M,2,289,0,1
73,M,1,214,1,1
38,F,2,4,0,0
44,M,3,4,2,0
56,M,3,50,1,1
43,M,0,4,0,0
47,M,3,0,0,0
74,M,2,210,0,1
66,F,4,168,2,1
71,M,4,209,0,1
34,F,1,2,2,0
19,F,0,0,0,0
78,F,1,256,0,1
61,F,2,125,0,1
69,M,0,176,0,1
36,M,2,4,0,0
30,F,1,3,0,0
44,F,5,2,0,0
40,M,1,2,1,0
20,M,1,5,1,0
42,F,2,5,0,0
62,F,0,123,0,1
84,F,0,334,2,1
87,M,2,330,1,1
50,F,0,1,1,1
84,F,1,309,1,1
62,F,0,95,2,1
73,M,0,214,1,1
85,M,1,308,1,1
80,F,1,264,0,1
46,M,3,3,0,0
41,F,0,5,2,0
86,F,0,350,2,1
84,M,2,318,1,1
39,F,2,1,2,0
48,F,3,2,0,0
18,M,3,2,0,0
71,M,1,189,2,1
25,F,1,1,1,0
74,M,2,205,1,1
67,M,4,155,0,1
49,F,1,2,0,0
45,M,2,4,0,0
85,M,1,319,0,1
78,M,0,267,0,1
78,F,4,256,1,1
56,F,0,61,1,1
73,M,5,193,0,1
67,M,1,130,0,1
83,F,4,314,2,1
43,M,4,4,0,0
54,M,1,43,0,1
60,M,1,81,1,1
26,M,3,4,1,0
68,M,1,149,0,1
21,F,1,5,0,0
45,F,4,3,1,0
52,M,0,11,2,1
53,F,1,28,0,1
66,M,3,158,1,1
78,F,2,234,2,1
25,F,1,4,0,0
84,F,2,327,0,1
48,M,2,3,0,0
43,F,5,1,1,0
65,F,1,127,0,1
22,M,0,2,0,0
83,M,3,318,0,1
78,M,0,214,0,1
26,M,1,4,0,0
50,F,3,6,0,0
21,F,0,2,1,0
87,M,2,331,1,1
87,F,0,301,0,1
72,F,1,180,0,1
57,M,1,66,0,1
44,F,0,1,0,0
32,M,2,6,1,0
79,F,2,242,0,1
35,F,2,3,0,0
57,F,1,72,1,1
78,F,1,225,0,1
69,F,2,191,0,1
44,M,0,3,0,0
81,M,3,265,1,1
25,M,2,4,1,0
59,F,2,90,0,1
71,F,1,196,0,1
86,F,1,311,0,1
89,M,1,382,0,1
46,M,2,0,2,0
34,M,0,1,1,0
45,M,1,2,0,0
41,F,2,2,0,0
64,M,1,125,0,1
69,F,3,166,1,1
47,F,3,5,0,0
23,F,2,4,0,0
68,F,0,170,0,1
53,F,2,29,0,1
56,F,3,57,2,1
79,M,0,276,1,1
71,F,1,184,0,1
60,M,2,91,1,1
77,M,1,261,0,1
85,M,2,338,0,1
58,M,2,93,2,1
39,M,1,2,0,0
83,F,1,323,2,1
42,F,1,6,0,0
74,F,4,215,1,1
77,M,1,244,1,1
79,M,2,276,0,1
75,F,1,248,0,1
19,M,1,3,1,0
74,F,2,211,0,1
19,F,1,2,1,0
69,M,1,175,1,1
63,M,0,141,1,1
78,F,2,269,0,1
41,M,1,0,0,0
30,F,0,6,2,0
80,M,1,286,1,1
21,F,1,3,0,0
46,F,2,3,0,0
73,M,1,191,0,1
71,M,0,194,1,1
22,F,1,4,2,0
35,M,1,3,0,0
65,F,1,141,0,1
63,M,0,120,0,1
83,F,2,313,0,1
82,M,1,301,1,1
25,F,1,2,0,0
80,F,1,257,0,1
61,F,1,98,0,1
44,F,1,4,1,0
37,M,2,2,0,0
52,M,3,24,1,1
50,M,1,2,0,0
56,M,4,61,0,1
50,M,0,3,1,1
42,M,0,5,1,0
62,M,1,130,1,1
52,F,0,20,1,1
41,M,2,3,1,0
87,F,1,332,0,1
29,F,0,3,0,0
81,M,0,304,2,1
54,M,3,36,2,1
40,F,2,5,1,0
79,F,1,275,0,1
67,F,6,158,0,1
25,M,1,3,0,0
86,M,0,334,1,1
48,M,0,2,1,0
44,F,3,2,0,0
45,M,1,5,0,0
79,M,1,254,0,1
37,F,0,4,0,0
75,F,2,215,1,1
75,F,2,209,1,1
81,F,0,282,2,1
76,M,2,242,1,1
24,F,0,3,2,0
25,M,3,3,1,0
84,M,3,321,2,1
51,M,1,15,0,1
88,F,1,357,0,1
30,M,1,1,0,0
35,M,1,2,0,0
49,F,2,1,0,0
63,M,3,122,0,1
31,F,2,2,0,0
24,F,0,1,0,0
58,M,3,72,0,1
61,F,3,102,0,1
45,F,3,2,0,0
69,M,2,169,0,1
28,M,2,3,1,0
71,F,0,215,2,1
21,M,1,3,1,0
79,F,1,255,0,1
87,F,2,332,0,1
39,F,1,7,0,0
47,M,2,3,1,0
26,F,2,8,1,0
76,M,3,245,0,1
76,F,1,235,0,1
39,F,1,1,2,0
19,F,1,1,1,0
51,F,1,3,0,1
34,M,1,1,1,0
74,M,3,217,0,1
35,F,1,3,0,0
88,F,0,340,0,1
73,M,0,204,0,1
63,F,2,114,1,1
49,F,0,0,0,0
18,M,1,6,1,0
78,F,0,257,0,1
56,F,3,59,0,1
66,M,1,149,1,1
25,M,3,1,0,0
78,F,1,252,1,1
25,F,0,5,2,0
74,M,4,230,1,1
39,M,2,4,3,0
81,F,0,286,2,1
42,F,1,5,0,0
37,M,3,5,0,0
64,F,4,128,3,1
43,F,1,5,1,0
44,M,1,2,0,0
63,M,3,125,1,1
39,M,0,4,0,0
59,M,2,81,0,1
62,M,2,109,1,1
73,M,0,235,0,1
66,M,0,144,0,1
76,F,0,234,0,1
42,M,3,3,1,0
39,M,1,2,1,0
86,F,1,315,0,1
26,M,2,2,0,0
68,F,4,184,1,1
71,F,2,190,0,1
89,M,1,381,0,1
67,M,1,144,0,1
63,F,1,124,1,1
37,M,3,7,1,0
64,M,2,151,0,1
22,F,2,3,0,0
52,F,4,22,1,1
19,F,2,2,0,0
45,M,3,3,1,0
35,F,2,4,1,0
87,M,4,345,0,1
37,M,1,5,0,0
77,M,0,246,1,1
32,F,3,5,1,0
36,M,3,4,0,0
21,M,0,3,0,0
67,M,1,158,0,1
30,F,2,4,2,0
77,F,2,250,1,1
43,F,2,4,1,0
22,M,1,1,0,0
24,M,1,3,0,0
59,F,2,90,0,1
32,F,1,5,0,0
23,F,0,7,0,0
49,M,3,0,0,0
49,M,0,2,0,0
79,M,2,292,0,1
83,M,2,297,2,1
80,F,1,301,0,1
52,F,1,17,0,1
47,F,2,1,1,0
25,F,1,2,1,0
27,M,0,1,0,0
49,F,1,3,0,0
37,M,1,8,0,0
70,F,3,185,0,1
66,M,0,151,0,1
72,M,2,222,1,1
47,F,0,2,0,0
27,F,2,2,0,0
59,M,1,82,0,1
82,F,0,300,1,1
71,M,1,192,0,1
65,F,1,136,0,1
65,M,1,145,1,1
79,M,1,269,0,1
79,M,2,253,0,1
18,F,0,7,0,0
24,M,3,4,1,0
53,F,1,33,1,1
39,F,3,1,1,0
86,M,2,344,2,1
20,M,4,5,0,0
67,F,0,152,1,1
55,F,1,54,1,1
28,M,0,4,0,0
62,F,1,102,0,1
53,M,1,25,0,1
36,F,1,3,0,0
27,F,1,0,0,0
21,M,2,4,0,0
85,F,2,322,0,1
51,F,0,10,0,1
66,F,2,145,1,1
30,M,1,6,1,0
84,F,3,312,0,1
32,F,4,4,1,0
77,F,1,251,0,1
45,M,2,3,0,0
30,M,3,5,1,0
86,M,2,330,1,1
30,F,1,5,0,0
43,M,1,5,1,0
34,F,1,6,1,0
69,F,0,187,0,1
86,F,1,311,0,1
44,M,2,3,0,0
34,F,2,4,0,0
47,F,1,1,0,0
55,F,3,46,0,1
28,M,1,4,1,0
41,M,1,4,0,0
31,F,1,2,0,0
68,F,1,154,0,1
73,M,2,198,0,1
29,F,1,3,0,0
48,F,1,5,1,0
70,F,0,184,0,1
38,F,1,2,2,0
27,F,4,2,0,0
89,M,1,351,0,1
37,F,3,1,2,0
81,M,1,286,1,1
44,F,2,0,0,0
37,F,1,4,0,0
37,F,3,2,0,0
49,F,0,5,0,0
64,M,2,122,1,1
58,F,0,92,0,1
69,F,3,188,1,1
29,M,0,6,2,0
68,M,3,168,1,1
48,F,3,3,0,0
81,M,2,246,0,1
38,M,2,2,0,0
55,M,2,37,0,1
76,M,4,247,0,1
28,M,2,4,1,0
24,M,1,4,0,0
80,M,2,282,0,1
89,F,3,346,1,1
43,F,1,0,0,0
34,M,0,5,0,0
74,F,0,234,0,1
41,F,2,2,0,0
48,M,2,4,0,0
23,M,0,4,1,0
20,F,2,1,0,0
83,F,0,297,1,1
23,M,0,3,1,0
77,F,2,265,0,1
75,M,3,227,2,1
22,M,2,3,1,0
89,F,2,340,2,1
56,F,0,52,1,1
50,F,0,2,0,0
46,F,1,2,0,0
30,F,3,3,2,0
61,F,1,120,0,1
84,M,5,317,3,1
42,F,1,5,0,0
37,M,0,8,0,0
86,M,0,335,2,1
33,F,0,1,0,0
33,M,1,2,0,0
22,F,2,2,0,0
77,M,1,239,0,1
62,M,0,116,0,1
37,F,0,0,1,0
25,F,4,1,1,0
64,M,1,138,0,1
31,F,1,4,0,0
48,M,1,3,0,0
24,M,1,4,0,0
55,M,3,42,1,1
58,F,1,74,0,1
55,M,2,50,0,1
69,M,2,158,2,1
63,M,2,105,1,1
74,M,0,228,0,1
22,M,1,6,0,0
74,M,2,216,1,1
22,F,2,3,1,0
78,M,1,255,1,1
87,M,0,332,0,1
71,F,2,189,0,1
36,M,5,2,0,0
27,F,1,1,0,0
43,M,1,4,0,0
39,M,0,4,0,0
35,F,1,7,0,0
43,M,0,3,0,0
64,F,1,117,0,1
47,M,3,1,0,0
88,M,0,340,2,1
81,M,2,264,0,1
46,F,1,1,1,0
88,M,1,361,1,1
41,M,2,1,3,0
58,F,2,61,0,1
43,M,3,2,0,0
64,F,2,140,1,1
19,M,1,1,1,0
53,F,3,32,1,1
24,F,1,4,2,0
39,F,2,3,0,0
21,M,0,4,0,0
61,F,2,117,0,1
41,F,2,2,0,0
45,M,0,7,2,0
88,F,0,338,2,1
69,M,2,181,1,1
28,F,1,4,1,0
41,F,2,6,0,0
57,M,0,73,0,1
28,F,0,1,0,0
32,M,0,1,0,0
66,M,0,170,0,1
20,M,2,4,0,0
72,M,0,211,1,1
78,F,1,246,0,1
47,M,3,1,1,0
27,M,3,5,0,0
53,M,3,29,0,1
27,M,5,4,2,0
30,M,1,3,0,0
76,M,2,261,0,1
85,M,4,316,0,1
35,M,0,5,0,0
88,M,2,344,0,1
32,M,2,0,1,0
86,F,3,345,0,1
85,F,0,330,0,1
18,M,2,5,1,0
31,M,3,1,1,0
59,M,3,86,2,1
77,M,1,272,0,1
53,F,2,27,1,1
40,M,1,3,1,0
67,M,2,162,2,1
58,M,0,59,0,1
59,M,4,95,1,1
40,M,1,3,1,0
88,M,2,369,0,1
42,F,1,3,1,0
53,M,1,23,1,1
85,F,1,338,1,1
48,M,3,4,0,0
83,F,2,284,0,1
49,F,3,2,0,0
30,M,1,3,0,0
87,M,1,317,1,1
70,F,0,176,1,1
44,M,3,2,1,0
28,M,1,2,0,0
35,F,2,3,1,0
39,F,0,6,0,0
46,F,1,0,1,0
23,M,1,3,1,0
47,F,1,0,1,0
64,M,1,119,1,1
23,M,3,3,2,0
70,F,1,176,0,1
82,M,1,349,0,1
71,F,1,174,1,1
45,M,3,8,1,0
73,M,4,202,0,1
70,F,0,195,0,1
46,M,1,3,0,0
61,M,1,93,0,1
30,M,0,2,0,0
75,M,2,234,0,1
18,F,3,3,1,0
70,M,0,172,0,1
49,F,2,3,0,0
18,M,1,1,2,0
85,F,1,307,0,1
84,M,0,332,0,1
50,F,1,5,0,0
26,F,3,5,0,0
62,F,2,105,2,1
57,F,0,65,0,1
84,M,1,274,1,1
50,F,2,6,0,1
80,F,1,268,1,1
23,F,1,4,0,0
71,F,1,180,0,1
34,F,2,3,0,0
60,F,0,104,0,1
84,M,1,293,0,1
34,F,1,2,0,0
88,M,1,356,0,1
71,M,2,177,0,1
29,M,1,3,0,0
48,F,1,7,1,0
26,F,2,5,0,0
68,M,2,146,2,1
56,M,0,59,0,1
34,M,0,3,1,0
65,M,1,138,0,1
85,F,1,292,0,1
20,F,2,7,1,0
29,F,0,1,1,0
89,M,0,343,0,1
74,F,2,220,0,1
53,F,1,31,1,1
82,M,2,308,0,1
78,M,2,269,0,1
28,F,1,2,1,0
76,M,3,242,0,1
80,F,2,270,0,1
70,F,3,164,1,1
64,M,2,136,1,1
29,M,3,7,1,0
61,M,0,101,0,1
65,M,2,121,1,1
36,M,2,5,0,0
54,F,1,42,1,1
41,F,0,2,0,0
59,M,3,83,0,1
34,M,2,2,0,0
22,M,3,2,1,0
49,M,0,5,0,0
68,M,2,172,0,1
64,F,3,110,0,1
56,F,4,49,1,1
70,F,0,195,0,1
29,F,0,5,0,0
68,F,0,175,0,1
38,F,2,3,0,0
42,F,3,2,0,0
19,M,2,3,0,0
42,F,2,6,0,0
50,M,1,3,2,1
72,F,0,196,1,1
30,M,4,4,0,0
88,F,0,353,0,1
31,M,1,4,0,0
33,F,1,3,4,0
89,M,1,353,1,1
47,M,0,2,0,0
47,F,2,5,0,0
37,M,2,3,2,0
58,M,2,70,1,1
88,F,0,347,0,1
85,F,2,330,0,1
19,M,4,4,0,0
54,F,0,36,0,1
82,F,5,311,0,1
19,F,1,4,1,0
73,M,4,215,1,1
48,F,1,4,0,0
41,M,1,3,0,0
32,M,1,0,0,0
66,M,2,165,2,1
22,F,0,1,0,0
44,F,6,3,0,0
33,M,2,5,0,0
63,F,1,103,0,1
38,M,3,3,2,0
48,F,3,3,0,0
48,M,0,3,0,0
83,F,0,306,0,1
48,F,1,1,1,0
50,F,2,3,1,1
80,F,0,269,0,1
76,F,1,236,0,1
64,F,0,154,1,1
59,M,1,69,1,1
87,M,2,342,0,1
44,F,5,4,1,0
71,F,1,210,1,1
87,M,1,363,0,1
66,F,1,153,0,1
32,M,3,2,0,0
84,M,1,299,1,1
83,M,0,317,0,1
65,F,2,141,0,1
88,F,0,360,2,1
36,F,2,4,0,0
79,F,0,272,0,1
35,M,1,2,1,0
61,M,1,110,0,1
38,M,3,2,1,0
62,F,2,108,0,1
75,F,0,234,1,1
84,M,2,306,0,1
21,M,2,3,1,0
49,F,2,5,1,0
82,F,1,281,0,1
77,F,3,277,0,1
47,F,0,4,0,0
73,F,3,231,2,1
38,F,0,5,0,0
79,F,0,275,0,1
58,M,0,79,0,1
49,F,3,2,1,0
58,M,2,64,0,1
64,M,2,120,0,1
37,M,0,4,1,0
24,M,0,2,1,0
31,F,2,3,0,0
23,F,1,2,0,0
72,F,0,200,1,1
25,M,5,3,0,0
33,M,0,2,0,0
70,F,1,191,2,1
57,F,1,77,0,1
43,F,2,5,0,0
42,M,1,0,1,0
83,M,0,291,1,1
46,F,0,3,0,0
23,M,2,4,0,0
74,F,1,220,1,1
30,F,1,5,0,0
84,M,0,301,0,1
78,M,1,246,0,1
56,F,4,56,0,1
48,M,3,4,0,0
77,M,1,241,0,1
33,F,0,2,1,0
29,F,0,2,1,0
74,F,2,214,0,1
39,F,0,3,0,0
34,M,1,6,1,0
71,M,0,179,2,1
88,F,0,343,1,1
77,M,0,228,1,1
37,M,0,5,0,0
77,F,2,256,0,1
79,M,3,241,0,1
70,M,0,163,0,1
52,M,1,25,0,1
68,F,1,158,0,1
85,F,2,297,0,1
20,M,1,5,0,0
39,F,0,2,0,0
71,F,0,202,1,1
84,M,0,313,0,1
42,F,2,5,0,0
39,M,1,1,1,0
81,F,0,292,1,1
50,F,1,1,1,0
20,M,2,1,0,0
63,F,1,110,1,1
18,F,1,4,0,0
57,M,0,58,1,1
49,M,2,2,1,0
66,F,1,139,0,1
38,F,0,3,0,0
68,F,4,174,0,1
26,F,0,1,0,0
37,F,2,3,1,0
85,M,3,310,0,1
18,F,3,5,0,0
89,M,2,348,1,1
70,M,1,161,0,1
53,F,1,31,0,1
61,M,0,105,0,1
45,F,2,1,1,0
58,F,1,66,1,1
33,M,1,4,1,0
53,M,1,39,2,1
47,M,1,2,1,0
84,F,0,332,1,1
85,M,2,323,1,1
39,F,3,1,0,0
62,F,1,121,0,1
83,F,4,299,0,1
43,M,1,3,0,0
30,F,4,4,1,0
88,F,2,342,0,1
68,F,1,137,0,1
39,M,1,2,1,0
85,F,2,331,1,1
81,M,3,252,1,1
29,F,3,0,0,0
46,M,0,6,1,0
73,M,1,211,1,1
35,M,1,1,0,0
37,M,2,5,1,0
55,F,1,49,0,1
22,F,1,4,0,0
51,M,0,13,2,1
49,F,2,5,0,0
26,M,0,3,1,0
68,F,1,169,1,1
58,M,2,72,0,1
38,F,1,2,1,0
52,M,2,24,0,1
86,M,2,343,0,1
40,M,0,4,1,0
18,M,1,0,0,0
29,F,2,1,0,0
37,F,2,5,2,0
25,F,1,5,0,0
42,M,2,4,0,0
49,M,1,2,1,0
44,M,1,5,1,0
65,M,1,145,0,1
39,M,2,1,1,0
31,F,0,7,0,0
19,M,1,2,2,0
72,F,2,191,0,1
33,M,2,7,0,0
37,M,1,2,0,0
36,M,0,2,0,0
87,F,4,357,0,1
66,M,2,135,2,1
61,M,3,93,0,1
45,M,1,2,0,0
78,M,0,269,0,1
70,M,2,192,0,1
86,F,1,357,0,1
49,F,1,1,0,0
34,M,1,3,0,0
42,M,1,4,2,0
75,M,2,231,1,1
29,M,1,2,0,0
61,M,1,98,0,1
34,M,1,2,0,0
79,F,0,257,0,1
82,F,1,299,1,1
67,M,3,163,0,1
50,M,0,2,0,0
64,F,3,145,2,1
40,F,0,1,1,0
64,M,2,142,0,1
33,M,0,2,1,0
46,F,2,3,0,0
81,F,2,286,0,1
25,M,1,3,1,0
68,M,1,161,0,1
40,M,0,4,1,0
68,F,1,167,0,1
67,F,1,144,1,1
75,F,0,250,0,1
63,M,1,119,4,1
35,F,1,2,1,0
64,M,4,142,0,1
70,M,0,207,1,1
51,M,1,9,0,1
23,M,1,2,1,0
79,F,2,266,0,1
65,M,0,132,0,1
37,M,0,4,0,0
41,M,2,2,1,0
81,M,1,289,0,1
65,M,1,132,1,1
72,F,0,203,1,1
34,M,2,4,1,0
30,M,2,3,0,0
43,F,1,4,2,0
72,M,2,214,1,1
66,F,2,133,1,1
35,M,2,4,0,0
85,M,1,341,1,1
27,M,3,2,0,0
42,F,2,2,0,0
65,M,0,161,0,1
30,M,2,4,0,0
53,M,2,32,1,1
26,F,4,1,0,0
73,F,0,208,0,1
66,M,2,144,0,1
19,F,0,3,0,0
82,F,0,289,0,1
81,F,2,276,0,1
19,F,5,2,2,0
59,M,4,82,1,1
42,M,0,8,2,0
49,M,0,4,1,0
30,F,2,0,0,0
34,M,2,2,3,0
86,F,0,313,0,1
37,F,2,4,0,0
27,M,2,2,0,0
75,F,5,209,1,1
22,F,2,5,0,0
88,F,5,339,0,1
73,M,1,203,1,1
18,F,0,3,1,0
89,F,1,368,0,1
55,F,0,51,1,1
73,M,1,205,0,1
61,M,2,85,0,1
26,M,2,1,0,0
62,M,1,108,0,1
47,M,2,4,0,0
71,M,2,188,0,1
55,F,1,45,2,1
58,F,0,83,0,1
82,F,0,296,0,1
43,F,1,5,1,0
72,M,1,219,0,1
30,M,4,3,1,0
22,M,0,1,1,0
65,F,0,145,1,1
50,M,2,2,0,0
58,M,3,81,0,1
74,M,1,215,0,1
65,M,0,148,0,1
57,M,3,75,0,1
82,F,1,299,0,1
66,M,0,147,1,1
88,M,2,341,2,1
87,M,1,349,0,1
83,M,0,295,0,1
88,M,1,360,1,1
29,M,4,4,0,0
78,M,2,254,0,1
86,M,2,368,0,1
59,F,1,80,0,1
32,F,1,5,0,0
40,M,0,2,2,0
76,F,2,268,0,1
29,F,2,2,1,0
48,M,4,2,2,0
30,M,1,2,0,0
89,F,4,363,2,1
64,M,1,122,0,1
19,F,4,0,2,0
73,M,3,176,0,1
31,F,3,7,0,0
79,F,2,281,1,1
59,F,1,93,0,1
83,M,0,306,0,1
27,F,0,3,0,0
38,M,1,4,1,0
31,F,1,3,1,0
42,F,3,3,0,0
80,F,3,273,0,1
32,F,2,3,0,0
80,M,0,254,0,1
57,M,2,83,1,1
18,F,3,3,0,0
86,F,1,336,0,1
42,F,2,3,0,0
72,M,3,187,1,1
46,F,0,4,1,0
49,M,2,8,1,0
24,F,4,2,1,0
29,F,2,2,0,0
62,F,2,110,0,1
78,F,0,263,1,1
49,F,2,3,0,0
82,F,0,303,0,1
82,F,2,302,1,1
73,F,1,205,1,1
74,M,0,199,0,1
39,M,3,3,0,0
33,F,0,7,0,0
46,F,1,2,0,0
84,M,3,313,1,1
60,F,0,84,0,1
67,M,2,157,1,1
84,M,2,275,0,1
77,M,1,250,0,1
35,F,2,0,1,0
78,M,1,246,1,1
48,F,1,6,1,0
72,M,1,194,0,1
22,M,0,1,1,0
35,F,1,5,0,0
18,M,1,3,1,0
89,F,1,348,0,1
35,M,0,1,0,0
71,F,1,169,0,1
76,M,3,235,0,1
36,F,4,3,0,0
66,F,2,157,0,1
52,F,2,30,2,1
52,F,1,20,1,1
36,F,1,4,0,0
47,M,1,5,1,0
33,F,1,2,1,0
37,M,4,4,0,0
43,M,1,2,0,0
73,F,1,215,1,1
68,M,2,168,1,1
53,F,2,24,0,1
42,F,2,3,0,0
23,M,0,3,0,0
39,F,2,1,1,0
63,F,3,114,0,1
80,F,3,286,1,1
89,M,4,370,0,1
77,F,1,248,0,1
23,F,0,1,1,0
66,F,1,154,1,1
89,F,2,383,0,1
25,F,3,4,0,0
25,F,1,6,1,0
84,M,4,284,1,1
40,F,1,6,0,0
87,M,0,360,0,1
88,F,0,361,0,1
53,M,1,20,1,1
87,M,2,320,1,1
55,F,0,37,1,1
31,M,4,4,1,0
61,F,2,111,0,1
69,F,1,184,0,1
59,F,1,76,1,1
62,F,0,101,1,1
42,M,1,4,1,0
46,M,1,2,1,0
22,M,0,5,0,0
74,M,1,228,0,1
84,F,0,324,0,1
63,F,2,110,0,1
43,F,2,4,1,0
34,F,1,3,0,0
83,F,2,322,0,1
53,M,3,20,1,1
81,F,1,286,0,1
69,M,3,161,1,1
33,M,4,2,0,0
62,M,2,113,1,1
29,M,1,7,1,0
57,M,1,78,0,1
34,M,2,5,0,0
71,M,1,199,0,1
60,M,1,108,0,1
27,F,1,4,1,0
47,M,0,5,1,0
21,F,3,4,1,0
87,M,3,338,1,1
20,F,3,0,2,0
51,M,3,15,1,1
62,M,3,114,0,1
36,M,1,1,1,0
49,F,1,2,0,0
40,F,2,4,0,0
78,M,0,258,0,1
69,M,1,166,0,1
87,M,5,376,1,1
78,F,1,246,1,1
26,M,2,0,2,0
80,M,1,265,1,1
45,F,1,3,0,0
43,F,2,1,1,0
48,F,3,3,1,0
56,F,2,74,0,1
57,M,2,82,0,1
19,M,4,2,2,0
83,F,2,308,2,1
47,F,1,2,0,0
61,M,1,111,0,1
36,M,0,5,0,0
39,M,2,5,0,0
63,M,0,131,1,1
65,M,2,123,1,1
52,M,1,23,1,1
41,F,0,4,0,0
19,M,3,1,0,0
57,M,1,52,0,1
22,F,1,1,0,0
25,M,3,2,0,0
36,F,1,2,1,0
58,F,0,75,0,1
19,F,0,7,1,0
52,F,0,29,2,1
55,M,3,50,0,1
64,F,0,117,0,1
84,F,2,322,1,1
58,F,3,77,0,1
36,F,0,6,0,0
59,F,3,69,0,1
83,F,2,293,0,1
71,F,1,170,0,1
39,M,1,1,0,0
27,F,1,4,0,0
52,F,5,18,2,1
72,M,1,176,0,1
60,M,2,86,1,1
62,F,1,117,1,1
34,M,2,1,0,0
67,F,4,163,1,1
63,M,2,118,1,1
46,F,1,0,0,0
69,M,3,190,0,1
24,M,1,2,1,0
29,F,2,1,0,0
84,F,0,320,0,1
52,M,0,17,0,1
77,M,4,250,1,1
62,M,4,99,0,1
88,M,0,352,0,1
67,M,5,139,0,1
51,M,2,16,1,1
87,M,0,330,0,1
81,M,3,259,0,1
83,M,1,322,0,1
80,F,3,247,2,1
42,M,2,2,0,0
57,M,2,58,1,1
87,M,1,333,0,1
82,M,2,283,1,1
53,M,1,35,1,1
76,M,2,226,0,1
66,F,1,148,0,1
25,M,3,3,0,0
62,F,0,96,0,1
27,F,4,4,0,0
83,F,1,258,0,1
47,F,4,7,0,0
29,F,1,6,0,0
56,M,0,60,1,1
24,F,1,2,1,0
64,F,1,111,1,1
77,M,0,228,2,1
58,M,2,77,0,1
41,M,4,2,3,0
81,F,1,268,1,1
21,M,2,2,0,0
75,F,3,195,1,1
70,F,0,168,0,1
25,M,3,2,1,0
89,F,1,347,0,1
42,M,2,6,0,0
87,F,5,340,0,1
81,M,2,288,1,1
29,M,2,3,0,0
72,M,1,189,0,1
59,M,3,77,1,1
19,F,2,5,0,0
44,M,0,2,0,0
63,F,2,133,0,1
26,M,3,3,1,0
27,M,1,4,1,0
53,M,5,29,0,1
54,F,3,38,2,1
84,M,3,323,0,1
89,M,2,386,1,1
79,F,2,252,1,1
23,M,1,1,0,0
59,F,1,85,1,1
77,F,4,246,2,1
55,M,3,37,0,1
52,F,0,22,0,1
21,M,0,2,1,0
88,F,4,355,0,1
53,F,1,32,1,1
79,F,1,264,0,1
54,M,1,45,1,1
22,M,5,7,0,0
33,M,4,2,0,0
64,M,2,134,1,1
36,M,2,0,0,0
79,F,1,260,1,1
45,F,0,3,1,0
38,F,1,7,0,0
42,M,3,2,2,0
68,F,2,163,0,1
35,M,2,5,0,0
36,F,1,1,2,0
85,F,3,314,1,1
32,M,3,3,1,0
46,F,1,3,0,0
41,F,1,1,0,0
42,F,0,4,1,0
39,M,1,2,0,0
26,F,0,4,0,0
87,F,1,323,0,1
88,F,1,368,2,1
34,F,2,3,0,0
84,F,0,318,0,1
48,F,0,1,1,0
75,M,4,212,1,1
52,M,2,23,0,1
41,F,1,5,0,0
67,F,1,139,1,1
47,M,0,2,0,0
87,F,0,344,0,1
84,F,2,299,0,1
62,F,1,114,0,1
62,M,2,112,0,1
79,F,4,278,0,1
81,M,1,270,0,1
27,M,0,4,0,0
25,M,0,2,2,0
65,M,2,134,0,1
84,M,3,295,1,1
30,M,3,0,1,0
78,F,2,250,0,1
80,F,2,248,0,1
59,F,2,77,2,1
60,F,2,92,0,1
65,M,0,138,1,1
27,F,2,5,1,0
36,M,2,1,3,0
79,F,2,257,1,1
60,F,0,73,2,1
55,M,3,59,0,1
67,F,2,150,2,1
52,F,1,15,0,1
85,F,1,321,0,1
23,M,0,4,0,0
67,F,2,135,0,1
83,F,4,274,1,1
55,F,0,50,0,1
54,F,1,46,0,1
82,F,2,294,2,1
80,F,2,262,0,1
44,M,4,0,0,0
23,M,1,5,0,0
87,F,4,315,0,1
66,M,1,125,0,1
86,M,0,302,0,1
45,M,0,3,1,0
62,M,2,105,0,1
56,M,1,75,1,1
44,M,2,3,0,0
62,M,6,104,1,1
50,M,0,1,1,1
77,M,2,256,0,1
33,M,0,3,0,0
84,M,1,309,2,1
62,F,2,100,0,1
30,M,0,5,3,0
21,M,1,3,0,0
79,M,0,268,0,1
66,F,0,152,0,1
26,M,2,3,0,0
80,M,1,275,1,1
18,M,3,4,3,0
40,F,0,2,3,0
39,M,1,4,0,0
58,M,1,78,0,1
38,M,4,1,0,0
79,M,2,259,0,1
73,F,1,219,0,1
42,F,0,3,1,0
58,F,2,64,0,1
24,F,0,1,0,0
45,M,3,3,0,0
29,F,2,3,0,0
74,M,0,219,0,1
33,F,0,1,1,0
85,F,0,335,0,1
71,M,2,208,1,1
64,M,0,123,0,1
48,F,2,2,0,0
65,F,1,138,0,1
47,F,1,4,1,0
80,F,1,284,0,1
76,M,0,219,1,1
39,M,0,0,2,0
85,F,0,302,0,1
89,M,1,349,0,1
30,F,0,4,1,0
30,M,0,5,0,0
19,F,0,2,1,0
21,F,1,6,0,0
25,M,0,6,0,0
77,M,1,252,1,1
73,F,1,176,1,1
30,F,2,2,1,0
72,M,2,197,1,1
42,M,3,2,2,0
44,M,2,3,1,0
54,M,3,39,0,1
62,M,3,99,3,1
26,F,0,5,0,0
82,M,2,270,2,1
48,M,1,2,0,0
50,M,1,5,0,0
43,M,1,5,0,0
76,F,0,232,0,1
24,M,2,1,0,0
20,M,1,2,0,0
61,F,2,91,0,1
80,F,4,280,3,1
50,M,4,3,1,1
32,M,0,4,3,0
29,F,0,3,0,0
50,F,2,3,0,0
74,F,1,212,0,1
87,F,3,338,1,1
47,F,4,2,0,0
44,M,1,5,2,0
19,M,0,7,1,0
79,M,0,273,1,1
81,M,1,268,2,1
30,M,2,2,1,0
47,M,3,4,0,0
30,F,2,4,2,0
24,F,1,0,0,0
75,M,0,221,0,1
38,F,1,6,0,0
81,M,3,298,1,1
36,M,2,5,0,0
29,F,1,4,0,0
21,F,3,1,1,0
45,F,2,6,0,0
41,M,0,4,0,0
39,F,1,1,2,0
30,M,1,7,2,0
24,F,2,4,0,0
33,F,3,2,3,0
63,M,0,103,0,1
66,M,2,126,0,1
25,M,1,5,1,0
29,M,0,3,1,0
61,F,0,92,1,1
19,F,1,3,2,0
48,F,1,2,0,0
30,M,0,2,1,0
85,M,0,348,0,1
39,F,4,6,0,0
44,F,1,4,0,0
29,M,1,3,0,0
49,F,2,1,0,0
61,M,3,96,0,1
67,F,1,170,0,1
81,F,3,289,1,1
30,F,5,2,2,0
77,F,1,225,0,1
67,M,0,164,0,1
51,F,2,12,1,1
80,M,3,270,0,1
74,F,1,220,0,1
57,M,1,64,2,1
74,M,2,227,1,1
64,F,2,133,1,1
63,F,3,132,1,1
28,F,3,2,2,0
75,M,3,218,0,1
21,M,5,3,0,0
45,F,1,3,0,0
34,M,1,3,0,0
71,F,2,194,1,1
62,F,2,122,0,1
55,M,0,46,2,1
48,M,2,5,1,0
71,M,1,208,0,1
41,M,1,2,0,0
71,M,2,208,0,1
88,F,1,320,0,1
22,M,4,4,0,0
67,M,1,144,2,1
78,F,0,285,0,1
50,M,1,3,0,0
20,M,2,7,0,0
29,M,1,3,0,0
48,M,1,3,0,0
50,F,4,2,0,1
60,F,1,84,0,1
41,M,6,4,0,0
77,M,1,202,0,1
18,F,2,3,0,0
22,F,3,4,0,0
28,M,2,1,1,0
66,M,2,151,0,1
30,F,0,1,0,0
42,F,1,2,1,0
70,M,2,161,1,1
20,M,4,2,0,0
77,M,1,247,0,1
41,F,1,1,0,0
28,M,1,3,0,0
64,M,2,136,1,1
50,F,2,1,0,0
23,F,2,3,1,0
61,M,1,113,0,1
79,M,1,251,1,1
33,F,0,3,1,0
21,M,3,1,0,0
55,F,1,39,1,1
35,F,2,2,2,0
69,M,4,200,1,1
41,F,0,1,1,0
39,F,2,4,0,0
22,M,0,5,0,0
28,F,0,1,0,0
84,M,2,318,1,1
68,M,2,156,1,1
87,F,1,348,3,1
21,M,0,1,0,0
83,M,1,332,1,1
63,M,3,135,1,1
32,M,1,2,0,0
61,M,0,105,0,1
77,F,2,237,1,1
49,M,0,2,1,0
42,F,2,1,0,0
86,M,3,319,0,1
38,F,0,4,4,0
75,F,1,221,0,1
67,M,1,156,0,1
21,M,1,5,2,0
24,F,1,2,2,0
22,M,0,4,0,0
18,M,1,2,2,0
48,M,2,6,0,0
85,M,0,297,0,1
68,F,2,151,1,1
43,M,3,5,2,0
66,M,1,167,0,1
75,M,0,228,1,1
22,M,0,2,0,0
48,F,4,2,0,0
74,F,2,214,0,1
24,F,2,3,1,0
56,M,0,47,1,1
52,M,3,16,1,1
52,M,1,28,1,1
30,M,0,0,2,0
61,F,0,95,0,1
23,M,2,4,1,0
71,F,1,201,2,1
19,F,3,1,1,0
50,M,1,5,1,0
46,F,3,3,1,0
78,F,3,260,1,1
36,M,0,3,0,0
19,M,0,1,0,0
42,F,5,1,1,0
79,M,0,257,0,1
87,F,1,327,0,1
26,F,3,2,0,0
77,M,1,216,1,1
78,F,1,234,0,1
68,M,1,168,2,1
83,M,2,317,1,1
35,M,0,1,0,0
25,M,2,5,1,0
71,M,2,202,0,1
71,M,2,161,0,1
68,M,0,170,0,1
27,F,2,3,0,0
56,F,1,61,1,1
60,F,2,93,0,1
35,F,3,2,1,0
50,M,3,2,0,0
32,M,3,2,1,0
65,F,0,127,0,1
48,F,3,3,1,0
87,M,4,345,1,1
37,F,5,1,3,0
58,F,3,77,0,1
81,M,1,295,0,1
19,F,4,1,1,0
51,F,1,12,0,1
42,F,0,5,0,0
66,M,4,138,0,1
22,M,2,3,0,0
82,M,1,279,1,1
26,F,0,6,0,0
62,F,1,109,0,1
59,M,3,98,1,1
29,M,0,5,1,0
47,M,3,0,1,0
40,M,0,3,1,0
69,F,1,175,2,1
84,F,1,344,0,1
59,M,3,99,1,1
21,M,2,3,0,0
37,F,1,6,0,0
33,F,0,5,0,0
43,F,1,4,0,0
62,F,2,109,1,1
72,F,0,220,1,1
79,F,1,256,0,1
88,M,0,355,1,1
77,F,0,237,1,1
63,F,4,123,0,1
70,M,1,179,0,1
72,M,1,210,0,1
68,F,3,142,0,1
41,F,1,3,0,0
44,M,0,4,0,0
72,F,3,202,2,1
22,M,0,3,1,0
50,F,1,6,1,1
63,F,5,112,0,1
69,F,1,174,1,1
23,F,0,7,1,0
60,M,0,107,0,1
75,F,1,209,2,1
46,F,5,2,1,0
27,F,1,1,0,0
60,M,0,97,0,1
19,F,2,5,1,0
51,M,1,10,0,1
89,M,0,362,0,1
50,F,1,2,1,0
30,F,2,9,1,0
75,F,2,248,1,1
59,F,3,93,2,1
57,F,2,56,1,1
22,F,1,4,0,0
59,M,1,92,1,1
88,F,2,322,1,1
74,F,1,208,0,1
19,M,2,4,2,0
22,F,2,4,0,0
67,M,2,164,0,1
84,M,2,323,1,1
78,M,0,280,0,1
23,M,3,1,1,0
39,F,1,6,0,0
62,F,1,107,0,1
18,M,1,2,1,0
49,M,2,2,1,0
20,M,0,4,0,0
41,F,2,4,0,0
22,F,0,2,0,0
60,F,1,96,0,1
72,F,2,183,1,1
32,M,0,2,0,0
56,F,1,58,1,1
61,M,0,91,0,1
82,M,1,308,1,1
28,M,2,0,1,0
63,M,1,111,0,1
74,M,1,214,1,1
60,M,6,100,0,1
54,M,2,36,1,1
32,F,3,8,1,0
78,M,2,257,1,1
34,F,0,1,0,0
79,F,0,268,0,1
88,F,0,342,1,1
64,F,2,136,0,1
86,F,0,340,0,1
41,M,2,0,0,0
49,M,1,2,2,0
66,F,4,134,1,1
75,M,1,220,1,1
68,M,0,162,0,1
69,F,2,192,2,1
30,M,0,5,1,0
37,M,1,5,0,0
20,F,0,4,0,0
32,M,1,0,1,0
59,F,4,91,0,1
71,F,1,194,0,1
31,F,1,2,0,0
87,F,1,339,0,1
80,M,0,292,0,1
88,M,1,323,0,1
56,F,2,64,1,1
43,M,0,3,0,0
60,F,1,96,0,1
22,F,0,1,0,0
57,F,0,76,0,1
40,F,4,1,0,0
21,F,1,4,0,0
23,M,3,0,0,0
23,F,1,3,0,0
89,M,1,357,0,1
38,M,2,1,0,0
40,F,1,4,1,0
48,F,0,2,0,0
79,F,4,268,1,1
21,F,1,1,0,0
35,M,1,2,0,0
62,M,1,120,0,1
87,M,1,335,0,1
63,M,0,109,0,1
53,M,1,36,0,1
82,F,1,309,0,1
78,F,2,240,0,1
86,M,1,340,0,1
61,F,3,93,0,1
38,M,1,3,0,0
73,F,1,193,0,1
60,M,4,63,2,1
23,M,2,1,0,0
81,M,4,297,0,1
24,F,3,1,0,0
69,M,0,167,0,1
43,M,2,3,1,0
31,M,0,3,0,0
81,F,2,279,0,1
63,M,1,116,1,1
83,F,0,301,0,1
41,M,2,3,2,0
69,M,4,179,0,1
75,F,0,229,0,1
61,F,1,107,0,1
38,F,1,2,3,0
21,F,2,1,0,0
53,M,5,24,1,1
84,M,1,318,0,1
41,F,1,1,1,0
65,M,1,121,1,1
67,F,1,168,0,1
62,F,0,108,0,1
45,F,0,3,1,0
78,F,0,234,2,1
45,M,0,1,0,0
35,M,0,3,0,0
82,M,0,284,0,1
62,M,0,110,0,1
24,M,2,4,0,0
67,M,1,158,0,1
37,M,4,2,3,0
72,F,3,217,0,1
84,F,1,285,0,1
24,M,1,4,0,0
20,M,0,2,0,0
70,F,5,190,0,1
45,M,0,5,0,0
82,M,3,287,0,1
68,M,3,154,0,1
63,M,0,113,0,1
78,M,3,245,0,1
30,F,1,2,0,0
45,M,1,2,0,0
84,M,2,307,1,1
60,F,2,108,0,1
25,M,3,2,0,0
23,F,2,6,0,0
34,F,1,2,0,0
39,F,2,3,1,0
79,M,2,258,0,1
39,F,1,2,0,0
60,F,2,108,0,1
80,F,1,267,2,1
42,M,1,2,0,0
41,M,1,4,0,0
75,F,2,194,0,1
45,F,2,2,0,0
64,F,0,139,1,1
66,M,1,145,0,1
26,F,1,5,1,0
40,F,2,2,0,0
34,M,1,2,0,0
47,F,1,1,0,0
76,M,2,226,0,1
20,M,1,2,1,0
76,M,0,223,0,1
70,F,1,177,1,1
23,M,3,3,2,0
30,M,2,2,0,0
55,M,1,48,1,1
81,M,0,287,2,1
69,M,0,172,0,1
31,M,2,2,0,0
41,F,0,2,1,0
57,F,0,81,0,1
22,M,3,1,0,0
59,F,2,82,0,1
48,M,4,2,2,0
47,M,3,3,1,0
85,M,0,296,0,1
37,M,2,4,1,0
70,M,2,182,2,1
29,M,0,4,0,0
33,M,2,5,0,0
68,F,1,176,0,1
78,M,1,238,0,1
73,M,1,217,0,1
66,M,3,150,3,1
80,F,0,269,0,1
38,F,1,3,1,0
19,F,1,2,4,0
37,F,2,4,0,0
53,M,3,30,0,1
30,F,2,3,0,0
50,F,1,1,3,1
47,F,2,3,0,0
29,F,1,3,1,0
43,F,2,10,0,0
22,M,2,4,0,0
38,M,3,3,1,0
40,M,2,6,0,0
80,M,1,309,4,1
31,F,2,2,1,0
72,M,3,225,1,1
67,M,1,143,0,1
53,M,0,24,0,1
29,M,2,1,1,0
87,F,1,348,1,1
56,F,2,57,0,1
66,M,2,156,1,1
81,M,0,289,0,1
86,M,1,277,1,1
44,F,1,3,0,0
77,M,2,264,0,1
63,M,0,105,1,1
63,F,2,122,0,1
53,F,3,25,1,1
67,M,1,138,1,1
38,F,0,0,1,0
73,F,0,225,0,1
49,F,1,5,0,0
72,F,1,209,1,1
50,M,3,2,0,0
80,F,1,256,1,1
86,M,0,347,0,1
42,F,6,2,0,0
49,M,0,4,0,0
44,F,2,2,1,0
73,F,1,205,1,1
35,M,1,5,0,0
21,F,0,4,0,0
84,M,1,285,1,1
64,M,3,134,1,1
83,F,1,301,0,1
84,F,1,331,0,1
49,M,1,7,0,0
46,M,2,6,1,0
46,M,3,0,2,0
58,F,1,88,1,1
27,M,2,3,1,0
32,M,1,6,0,0
88,M,0,350,2,1
82,M,0,289,0,1
66,M,3,125,0,1
75,F,0,208,0,1
87,F,0,334,0,1
19,M,2,2,1,0
63,F,1,118,0,1
75,F,3,245,2,1
55,M,1,55,2,1
61,F,2,88,1,1
71,M,0,188,0,1
74,M,1,262,0,1
81,F,1,281,1,1
24,F,0,4,0,0
78,M,0,266,0,1
38,F,1,3,2,0
42,F,1,6,0,0
62,M,3,110,1,1
54,F,4,39,1,1
62,M,2,115,0,1
86,F,3,342,0,1
76,F,1,263,1,1
54,M,0,22,1,1
73,M,1,217,0,1
75,M,2,221,2,1
75,M,2,198,0,1
55,M,2,42,0,1
47,F,0,6,0,0
77,M,0,235,0,1
34,M,1,6,0,0
22,F,2,3,1,0
21,M,1,4,1,0
18,M,0,2,1,0
59,M,0,79,1,1
24,M,1,3,3,0
84,M,1,324,0,1
49,F,3,3,1,0
19,F,1,6,1,0
44,F,2,2,1,0
76,M,2,233,3,1
87,M,3,334,0,1
66,F,1,155,0,1
89,M,1,354,2,1
40,M,0,3,0,0
27,F,4,2,0,0
79,F,1,251,1,1
78,M,2,250,1,1
56,M,2,44,0,1
54,M,2,37,0,1
61,M,3,116,2,1
78,F,2,271,0,1
57,F,1,70,0,1
44,M,2,4,0,0
35,F,0,5,0,0
73,M,0,190,2,1
87,F,1,354,1,1
18,F,1,3,0,0
36,M,3,4,2,0
51,M,2,11,1,1
32,F,2,1,1,0
41,F,3,2,2,0
69,F,2,198,4,1
36,M,1,2,0,0
68,F,1,153,0,1
39,F,1,1,2,0
58,F,0,109,0,1
48,F,3,5,1,0
89,F,1,371,1,1
53,F,2,36,0,1
80,M,2,295,1,1
55,M,1,58,2,1
45,F,2,5,1,0
70,F,1,173,0,1
49,F,1,4,0,0
77,F,4,227,0,1
80,F,0,278,1,1
87,M,2,324,1,1
70,M,1,158,0,1
66,M,2,150,0,1
53,M,0,25,0,1
36,F,0,2,0,0
67,M,2,167,0,1
59,F,0,82,2,1
66,F,2,163,1,1
49,F,0,4,1,0
34,M,2,4,0,0
34,F,1,4,1,0
71,M,0,216,0,1
41,M,1,4,0,0
77,M,3,223,0,1
34,F,1,7,0,0
49,M,0,3,0,0
56,M,1,57,1,1
70,F,3,168,0,1
22,M,2,6,1,0
54,M,0,60,1,1
57,M,1,67,1,1
34,F,0,3,0,0
47,M,2,1,0,0
78,M,0,256,1,1
18,F,4,2,0,0
89,M,2,335,1,1
37,F,2,5,1,0
49,F,2,3,1,0
87,F,0,348,0,1
43,F,3,2,2,0
59,F,0,82,0,1
35,F,2,3,0,0
22,F,1,2,1,0
25,M,2,0,0,0
59,F,1,89,0,1
23,F,1,2,0,0
68,M,1,175,0,1
44,F,2,4,2,0
27,F,2,0,1,0
88,M,1,378,0,1
46,M,2,4,0,0
74,M,4,227,1,1
33,M,3,3,1,0
86,F,2,314,0,1
57,M,1,72,0,1
80,F,1,278,0,1
77,F,1,249,0,1
81,M,0,301,0,1
35,M,2,4,1,0
41,M,2,2,1,0
28,F,1,2,0,0
86,F,1,318,0,1
28,M,2,6,1,0
38,F,2,2,0,0
62,F,1,112,0,1
58,M,2,73,0,1
22,M,0,3,0,0
55,M,2,49,1,1
55,M,1,42,0,1
44,F,2,2,1,0
76,M,0,228,1,1
27,M,1,3,0,0
73,F,3,214,0,1
55,M,4,51,1,1
66,M,2,174,2,1
69,F,2,197,2,1
18,F,0,1,0,0
57,M,1,62,0,1
49,M,5,0,0,0
65,F,0,138,0,1
35,F,3,4,1,0
48,M,4,1,0,0
55,M,1,45,0,1
30,F,1,0,1,0
28,F,0,2,1,0
79,M,2,253,0,1
27,M,1,2,0,0
27,F,0,4,0,0
86,F,2,340,0,1
79,M,2,297,0,1
81,F,2,260,1,1
21,F,3,2,0,0
25,M,1,3,1,0
27,F,1,2,0,0
77,F,1,265,1,1
47,M,1,1,0,0
22,F,3,2,4,0
79,F,2,265,0,1
42,M,6,5,0,0
25,F,1,5,0,0
89,F,0,370,1,1
85,F,1,302,0,1
85,F,1,279,0,1
73,M,3,210,1,1
51,F,2,17,2,1
67,F,1,147,0,1
68,F,0,168,0,1
46,M,3,0,1,0
45,M,3,2,0,0
36,F,3,2,1,0
79,F,2,281,0,1
68,F,2,166,1,1
40,M,1,4,1,0
20,M,1,3,2,0
32,F,3,5,1,0
65,F,1,141,0,1
28,F,3,1,1,0
62,F,3,91,0,1
63,M,2,121,1,1
81,F,0,243,0,1
58,M,0,66,0,1
46,M,2,4,0,0
82,F,4,299,0,1
63,F,0,115,0,1
28,M,0,3,1,0
62,M,4,115,0,1
75,F,0,233,0,1
54,F,0,41,0,1
85,F,3,303,0,1
76,M,1,235,0,1
71,M,1,179,0,1
78,M,1,254,0,1
26,F,3,1,0,0
57,F,3,70,0,1
29,M,1,3,1,0
86,M,2,333,0,1
24,M,1,4,0,0
57,M,0,57,2,1
42,F,1,1,0,0
27,F,0,3,1,0
72,F,2,201,1,1
74,F,2,226,1,1
28,F,2,3,1,0
19,F,2,0,0,0
50,M,2,1,1,0
22,M,1,9,0,0
21,M,2,2,1,0
49,F,0,3,2,0
66,M,1,146,0,1
35,M,2,5,1,0
25,F,1,2,1,0
82,M,0,267,1,1
75,F,3,223,0,1
49,F,1,8,1,0
62,F,2,115,1,1
42,F,0,5,0,0
31,F,3,1,0,0
31,F,1,3,1,0
68,F,3,191,1,1
87,F,2,314,0,1
43,F,2,2,0,0
35,M,1,6,0,0
55,F,1,63,1,1
25,M,1,3,0,0
58,M,3,81,1,1
66,F,1,140,1,1
37,M,2,0,1,0
38,F,0,2,0,0
48,M,0,4,0,0
70,F,1,180,0,1
74,F,3,220,0,1
67,F,1,155,0,1
80,M,2,261,1,1
50,M,2,0,2,1
79,F,2,251,1,1
36,M,3,1,0,0
58,M,2,77,0,1
45,F,3,6,0,0
80,M,2,295,2,1
51,M,1,8,0,1
28,F,3,2,2,0
72,F,4,220,0,1
88,M,6,386,1,1
71,M,2,195,0,1
21,M,0,1,0,0
45,F,2,4,0,0
82,F,2,283,0,1
19,F,1,3,0,0
75,M,0,221,1,1
39,M,2,3,0,0
46,F,0,3,0,0
67,F,0,143,0,1
74,M,0,231,1,1
63,F,2,136,0,1
86,M,0,322,1,1
32,F,0,3,0,0
29,F,2,2,1,0
45,M,2,3,0,0
64,M,3,134,0,1
53,M,0,36,0,1
18,F,3,5,0,0
51,M,0,11,0,1
65,F,2,121,0,1
60,M,2,88,0,1
22,M,1,4,1,0
80,F,1,293,1,1
66,M,2,144,1,1
47,M,0,0,0,0
19,F,3,3,1,0
68,M,0,189,0,1
47,M,3,5,0,0
75,F,4,222,0,1
80,F,2,257,0,1
67,M,2,189,2,1
40,M,1,6,0,0
26,F,2,2,0,0
87,F,0,327,2,1
23,M,3,2,3,0
51,M,1,8,0,1
39,M,1,3,0,0
31,F,2,3,1,0
51,M,0,13,0,1
85,M,4,309,0,1
41,F,2,4,0,0
29,F,1,4,0,0
43,M,0,4,0,0
60,F,1,84,0,1
35,F,2,2,1,0
85,F,2,316,1,1
34,F,2,2,0,0
85,F,0,299,0,1
46,F,2,0,0,0
58,F,2,76,1,1
40,F,1,2,0,0
33,F,3,4,1,0
39,M,3,1,2,0
54,M,2,32,0,1
64,M,4,137,1,1
39,F,0,3,1,0
25,F,2,0,0,0
40,F,3,1,1,0
82,M,0,282,1,1
40,F,0,3,0,0
78,M,2,260,1,1
32,F,3,4,1,0
31,F,1,3,2,0
20,F,0,1,0,0
56,M,0,59,2,1
72,F,2,194,0,1
53,F,1,30,1,1
18,F,2,5,0,0
84,F,4,294,3,1
59,M,0,102,0,1
75,F,2,222,0,1
44,M,0,4,0,0
31,M,1,4,0,0
64,M,4,113,0,1
88,M,1,344,0,1
59,M,3,86,0,1
49,M,0,6,0,0
52,M,1,16,1,1
30,M,0,2,2,0
73,F,2,195,0,1
62,F,2,122,0,1
59,F,3,66,0,1
19,M,2,1,0,0
82,F,2,278,0,1
53,M,1,31,0,1
60,F,0,87,0,1
67,F,1,165,0,1
81,M,1,292,0,1
86,M,6,337,0,1
80,F,4,261,0,1
55,F,1,46,0,1
68,M,2,143,0,1
68,F,1,155,1,1
41,F,0,4,0,0
89,F,3,361,1,1
53,F,1,31,1,1
82,F,1,313,0,1
23,F,0,5,0,0
36,M,1,1,0,0
70,F,2,173,0,1
70,M,1,170,0,1
64,F,3,132,1,1
37,F,1,2,0,0
76,F,2,246,0,1
25,M,2,3,1,0
24,F,2,3,1,0
79,M,2,259,1,1
27,F,1,4,0,0
83,M,3,315,3,1
64,F,1,127,0,1
29,M,1,3,1,0
70,F,2,173,1,1
54,M,0,36,1,1
23,M,3,2,1,0
43,M,1,3,0,0
20,F,2,3,0,0
24,F,1,3,1,0
41,M,3,1,1,0
32,F,2,4,0,0
42,M,2,1,1,0
44,M,0,2,0,0
21,M,2,4,0,0
77,F,0,222,0,1
25,M,2,2,2,0
57,F,5,59,2,1
32,M,2,3,0,0
56,M,5,53,2,1
19,F,1,4,0,0
66,M,1,162,1,1
28,F,1,5,0,0
84,M,1,307,0,1
19,F,0,2,0,0
73,F,2,216,1,1
44,F,2,6,1,0
28,F,2,5,0,0
71,M,1,201,0,1
83,F,2,293,1,1
65,M,0,136,0,1
83,M,0,306,1,1
61,M,0,109,0,1
84,F,1,285,0,1
51,M,1,12,0,1
64,M,1,122,0,1
31,F,0,2,1,0
63,F,0,113,0,1
21,F,1,1,1,0
37,M,0,3,1,0
31,M,2,0,0,0
24,M,3,5,1,0
86,M,2,284,2,1
32,F,1,2,1,0
76,F,1,244,0,1
71,F,3,196,0,1
59,M,2,72,0,1
89,F,0,363,0,1
62,M,0,118,0,1
86,M,1,316,0,1
71,F,2,173,1,1
18,F,2,2,0,0
77,F,2,239,1,1
59,M,2,74,0,1
35,M,1,5,0,0
20,F,0,1,1,0
75,M,0,208,0,1
66,M,1,147,2,1
64,M,3,128,0,1
52,M,2,18,1,1
38,M,2,4,1,0
55,F,1,48,1,1
38,M,2,4,1,0
64,M,1,129,2,1
30,M,1,3,0,0
73,F,0,244,1,1
57,F,1,65,1,1
32,M,2,1,0,0
87,F,3,347,2,1
55,F,2,52,0,1
74,F,1,211,1,1
80,F,5,283,1,1
29,F,1,2,0,0
58,F,2,56,1,1
26,F,0,7,0,0
59,F,0,75,0,1
38,F,1,1,0,0
79,M,1,267,0,1
29,M,1,2,0,0
54,M,2,34,0,1
28,M,2,2,1,0
83,M,1,295,2,1
70,M,2,203,1,1
54,F,0,37,0,1
40,F,2,1,1,0
35,M,1,3,1,0
58,M,1,88,2,1
25,M,2,3,0,0
40,F,3,2,0,0
22,F,1,1,1,0
88,M,1,333,1,1
68,M,3,150,1,1
60,F,1,91,0,1
68,F,3,173,0,1
28,M,1,2,0,0
73,M,1,208,1,1
73,M,1,215,0,1
70,M,1,165,0,1
38,F,3,3,0,0
43,M,2,4,0,0
50,F,2,2,0,0
85,M,2,333,1,1
38,F,1,1,0,0
76,M,1,254,0,1
53,F,2,40,0,1
75,F,2,218,0,1
40,F,1,4,0,0
44,F,2,2,0,0
41,M,0,3,1,0
39,M,3,2,1,0
29,F,1,4,0,0
38,F,1,3,0,0
87,M,2,336,0,1
23,M,3,3,0,0
32,F,4,4,0,0
37,F,2,4,0,0
38,M,2,4,0,0
79,F,2,264,1,1
47,M,1,1,0,0
79,M,3,269,0,1
26,F,1,6,1,0
67,M,1,152,1,1
34,M,0,5,0,0
81,M,3,272,1,1
47,F,2,4,0,0
66,M,1,153,0,1
60,F,4,102,1,1
42,F,2,3,1,0
56,M,3,56,0,1
70,F,1,168,0,1
44,M,2,4,2,0
65,M,1,135,0,1
66,M,1,156,1,1
76,F,1,233,0,1
71,M,0,166,0,1
50,M,4,1,1,1
37,M,2,1,0,0
49,M,0,4,0,0
35,F,0,4,0,0
29,M,3,0,1,0
63,F,1,111,1,1
76,F,2,246,1,1
47,M,2,2,0,0
80,F,1,263,1,1
77,M,1,232,1,1
21,M,3,5,1,0
18,F,1,2,0,0
84,F,1,328,0,1
56,F,2,68,0,1
50,M,6,3,0,0
43,M,1,2,0,0
33,M,3,3,1,0
33,F,0,3,0,0
62,M,1,96,1,1
80,F,1,272,0,1
40,F,1,1,0,0
33,M,1,3,1,0
43,M,2,2,0,0
74,F,2,219,0,1
73,M,3,180,1,1
79,F,2,274,0,1
54,M,1,37,0,1
87,M,2,343,1,1
60,F,1,82,1,1
26,F,2,1,0,0
59,F,2,68,0,1
29,F,0,4,0,0
83,M,0,276,0,1
24,F,1,2,1,0
66,M,0,168,1,1
41,F,0,4,0,0
32,F,2,4,1,0
83,F,2,303,0,1
55,M,3,60,1,1
64,M,2,134,0,1
75,M,1,212,1,1
29,F,1,5,1,0
87,F,0,358,0,1
25,F,2,2,0,0
24,M,1,4,1,0
71,F,1,186,0,1
24,M,1,1,0,0
62,M,1,127,0,1
72,M,0,211,0,1
18,F,2,3,0,0
31,F,1,2,0,0
60,F,0,96,1,1
52,M,4,15,0,1
31,F,3,3,0,0
65,M,1,153,0,1
39,M,1,3,0,0
56,F,1,53,0,1
25,F,2,1,1,0
58,M,4,69,1,1
89,M,1,365,0,1
28,F,1,3,0,0
50,F,1,2,1,0
29,M,6,8,1,0
62,M,3,110,1,1
45,F,0,1,0,0
32,M,1,4,0,0
36,F,0,2,0,0
45,M,1,5,0,0
24,M,1,3,0,0
64,F,0,116,0,1
38,M,2,3,0,0
71,F,0,176,3,1
89,F,2,337,2,1
83,M,0,282,1,1
52,F,1,25,1,1
35,M,0,0,0,0
45,F,2,2,0,0
35,M,2,1,0,0
75,M,0,250,0,1
47,M,2,3,0,0
80,M,2,273,0,1
40,M,1,3,0,0
31,M,0,4,0,0
77,M,0,259,1,1
27,M,1,2,1,0
44,F,1,4,0,0
72,F,0,189,1,1
44,F,3,0,0,0
76,F,1,259,0,1
54,M,0,43,1,1
33,M,4,8,1,0
58,M,0,77,0,1
33,F,2,5,0,0
43,M,1,4,0,0
24,M,3,2,0,0
18,M,0,1,1,0
21,M,1,2,0,0
70,F,1,157,0,1
29,F,4,3,1,0
26,F,0,8,0,0
28,M,1,2,1,0
79,M,0,265,1,1
89,M,0,366,0,1
35,F,3,3,2,0
58,M,0,74,1,1
36,F,5,6,2,0
33,F,2,4,2,0
56,F,5,58,1,1
78,M,1,270,0,1
83,M,2,294,0,1
19,F,1,4,1,0
45,F,1,2,0,0
72,M,2,173,0,1
52,M,0,15,0,1
35,F,2,2,0,0
47,F,1,6,0,0
42,M,1,3,2,0
26,M,2,3,0,0
64,F,1,131,1,1
38,F,2,3,1,0
37,M,0,1,0,0
84,F,3,310,0,1
60,M,2,97,0,1
85,M,0,309,0,1
53,M,5,34,1,1
36,M,2,2,0,0
74,F,0,216,1,1
84,F,0,283,0,1
37,M,3,2,1,0
19,F,0,6,0,0
88,F,1,351,0,1
69,M,0,162,1,1
45,M,2,2,0,0
19,M,0,1,0,0
58,M,2,73,0,1
48,M,1,3,0,0
50,M,1,3,0,0
47,F,4,2,1,0
65,F,2,175,0,1
49,M,5,4,3,0
88,M,2,380,0,1
85,F,1,301,0,1
24,M,0,2,0,0
43,M,3,5,1,0
85,M,2,320,1,1
19,F,2,3,0,0
40,F,2,6,0,0
25,M,3,3,0,0
45,M,7,0,1,0
71,M,0,195,0,1
30,F,2,0,0,0
27,M,4,5,0,0
18,M,3,2,2,0
22,M,2,4,1,0
75,M,1,237,1,1
32,F,1,6,0,0
26,M,1,1,0,0
88,F,0,347,0,1
44,M,3,2,2,0
50,F,3,8,1,1
39,M,0,2,1,0
28,M,0,4,1,0
68,M,1,152,0,1
65,M,1,133,1,1
44,F,4,3,0,0
45,F,2,2,1,0
25,M,1,1,0,0
57,M,1,66,0,1
51,M,3,12,1,1
89,F,6,351,2,1
40,M,0,1,0,0
68,F,1,194,0,1
42,F,1,1,0,0
56,M,0,54,0,1
40,F,1,7,0,0
89,M,2,329,1,1
48,M,0,5,0,0
54,M,1,32,0,1
26,F,2,4,1,0
50,M,1,1,0,0
84,M,1,312,0,1
79,F,1,243,0,1
59,F,2,75,0,1
86,M,0,326,0,1
27,F,2,2,2,0
69,F,0,180,0,1
46,F,2,4,1,0
44,F,4,4,0,0
88,M,2,349,3,1
46,F,2,1,0,0
60,F,2,89,1,1
18,F,2,2,1,0
33,F,1,2,0,0
35,M,2,3,0,0
66,F,1,156,0,1
73,F,3,209,0,1
48,F,2,3,0,0
53,M,2,25,0,1
65,F,0,165,0,1
79,F,2,296,0,1
73,F,1,219,1,1
66,M,1,167,0,1
23,M,0,3,2,0
58,M,4,71,0,1
29,M,2,3,0,0
76,F,0,264,0,1
59,F,0,80,0,1
53,F,3,38,1,1
20,F,1,3,1,0
66,M,2,155,0,1
54,F,0,46,0,1
53,M,2,26,0,1
34,F,1,2,0,0
43,F,0,3,0,0
77,F,3,272,0,1
73,F,1,205,3,1
78,M,1,252,1,1
23,F,1,2,2,0
33,M,2,7,1,0
88,M,1,345,1,1
23,M,1,5,1,0
87,M,1,358,0,1
66,F,0,160,0,1
77,F,0,220,2,1
48,M,1,4,2,0
51,F,2,17,0,1
39,F,0,6,1,0
50,M,0,1,0,0
82,F,2,293,1,1
46,M,1,2,0,0
22,M,0,4,0,0
51,F,1,17,0,1
23,F,2,3,0,0
33,F,1,1,0,0
31,F,1,3,0,0
75,F,1,231,1,1
42,M,2,1,0,0
81,M,4,300,1,1
68,F,2,161,0,1
54,F,2,35,0,1
35,M,2,4,0,0
79,M,1,240,2,1
64,M,1,128,0,1
38,M,1,5,1,0
39,F,0,7,0,0
79,F,2,228,1,1
65,M,1,114,1,1
88,F,3,336,1,1
54,M,1,28,0,1
66,M,2,126,0,1
75,F,1,228,1,1
87,F,3,330,0,1
33,M,1,3,0,0
70,F,1,195,1,1
51,M,0,12,0,1
67,M,0,166,0,1
20,F,0,3,0,0
52,F,1,25,1,1
89,M,2,343,0,1
22,M,1,3,1,0
32,F,1,5,0,0
27,F,2,2,0,0
77,F,1,274,1,1
77,M,2,254,2,1
58,M,1,71,0,1
31,F,1,4,0,0
87,M,3,334,0,1
67,M,0,149,1,1
50,F,0,4,1,1
29,F,1,3,0,0
58,M,1,67,2,1
72,M,2,199,0,1
36,M,0,2,1,0
86,M,1,331,0,1
73,M,1,211,0,1
62,M,2,119,1,1
54,F,0,31,0,1
20,F,1,8,1,0
26,M,0,4,0,0
71,M,1,202,1,1
24,F,3,3,1,0
52,M,1,22,1,1
31,M,4,1,2,0
80,M,1,264,0,1
79,F,0,264,1,1
28,M,0,4,0,0
48,F,0,4,0,0
38,F,1,4,0,0
18,F,4,6,1,0
84,F,0,298,0,1
70,F,2,194,0,1
78,M,2,269,0,1
41,F,0,4,3,0
83,F,0,295,0,1
22,M,3,3,0,0
55,F,1,43,1,1
26,F,3,2,1,0
66,M,2,141,0,1
61,M,0,88,1,1
85,M,3,334,2,1
73,F,0,209,1,1
65,F,2,130,0,1
45,F,1,4,1,0
24,M,3,5,2,0
84,F,0,276,0,1
29,M,1,0,1,0
26,F,1,2,0,0
18,F,3,4,0,0
79,F,1,265,0,1
26,M,0,4,0,0
36,F,0,4,1,0
19,F,2,0,0,0
78,M,1,247,1,1
45,F,0,4,0,0
67,F,3,137,0,1
62,M,0,115,1,1
62,M,1,112,0,1
80,F,2,310,1,1
80,M,1,290,0,1
47,F,3,3,2,0
34,M,2,4,0,0
29,M,2,2,0,0
25,F,1,5,0,0
83,F,1,322,0,1
39,M,1,5,1,0
84,M,1,319,1,1
62,F,1,122,0,1
88,F,1,332,0,1
61,M,2,101,0,1
19,M,1,2,0,0
73,F,2,223,0,1
60,F,2,91,0,1
35,M,2,5,0,0
63,M,1,124,1,1
28,F,4,1,1,0
56,M,2,49,0,1
78,M,0,281,1,1
31,M,1,0,0,0
61,F,2,100,0,1
84,M,2,308,0,1
74,F,1,219,0,1
56,F,2,59,0,1
23,M,1,7,0,0
20,M,2,4,1,0
30,M,2,6,1,0
42,M,0,2,1,0
59,F,0,90,0,1
70,F,0,218,0,1
71,M,3,222,1,1
32,M,2,1,0,0
43,M,2,2,0,0
73,M,0,218,0,1
73,F,1,205,0,1
33,M,4,1,0,0
33,F,0,2,0,0
49,F,2,3,1,0
40,M,2,5,0,0
39,F,0,5,1,0
52,M,1,26,0,1
27,F,1,6,2,0
20,F,2,3,0,0
81,F,3,255,0,1
56,F,2,53,0,1
42,F,2,1,1,0
53,F,2,29,0,1
72,M,1,180,0,1
50,F,2,1,0,0
82,M,1,294,0,1
76,F,1,256,0,1
38,F,2,3,1,0
62,F,2,106,2,1
18,M,2,3,1,0
51,M,3,11,0,1
55,M,0,49,0,1
86,M,2,313,0,1
34,F,3,2,2,0
69,M,2,165,0,1
80,M,1,289,0,1
50,M,1,8,0,0
29,F,4,3,0,0
60,M,1,98,2,1
69,F,1,165,0,1
50,M,1,1,1,0
19,F,2,4,0,0
65,F,0,121,0,1
37,M,3,1,0,0
61,F,1,98,2,1
32,F,2,5,0,0
63,M,0,118,0,1
79,F,3,280,0,1
20,M,1,5,2,0
61,M,1,97,1,1
69,F,1,179,1,1
65,F,0,150,1,1
55,M,5,52,1,1
23,F,3,3,0,0
42,F,0,5,0,0
40,M,0,4,0,0
44,F,0,4,1,0
82,M,1,284,0,1
21,M,4,1,2,0
62,M,1,106,1,1
58,F,1,78,0,1
72,M,1,205,0,1
43,M,1,2,0,0
54,M,1,38,0,1
55,F,1,52,1,1
32,F,3,3,0,0
20,M,1,3,1,0
83,F,2,307,0,1
76,M,1,210,0,1
36,F,4,2,1,0
49,M,0,2,0,0
30,M,1,1,0,0
19,F,0,2,0,0
64,M,0,123,0,1
59,F,2,93,0,1
24,M,0,6,0,0
86,M,1,329,1,1
73,M,1,224,1,1
28,M,1,1,0,0
69,F,1,174,2,1
69,F,2,184,0,1
45,F,2,2,1,0
69,F,2,166,1,1
55,F,0,59,1,1
48,M,2,2,0,0
53,M,0,30,1,1
52,F,2,25,2,1
23,M,1,6,1,0
44,M,0,6,2,0
23,M,1,3,0,0
42,F,0,6,1,0
43,F,1,2,1,0
80,F,1,300,1,1
18,F,1,3,0,0
49,M,2,3,0,0
31,F,3,1,2,0
80,F,0,278,0,1
44,M,0,4,0,0
48,F,4,3,0,0
63,F,0,114,0,1
73,M,0,223,1,1
55,M,1,42,1,1
76,F,2,206,2,1
30,M,1,2,1,0
60,M,1,110,2,1
72,F,3,204,1,1
49,M,1,2,1,0
75,M,1,203,1,1
79,F,1,259,0,1
65,F,0,149,2,1
84,F,3,303,1,1
67,M,1,170,1,1
41,F,1,2,3,0
36,M,1,1,1,0
42,F,0,7,0,0
78,F,2,239,2,1
83,F,2,294,0,1
60,F,1,107,0,1
88,F,5,325,0,1
30,M,2,3,0,0
53,F,0,29,0,1
67,M,1,157,0,1
31,M,3,1,0,0
63,M,0,117,0,1
36,F,3,3,1,0
58,F,0,71,2,1
40,F,2,5,0,0
51,F,3,13,1,1
46,M,3,0,0,0
73,M,1,212,0,1
89,M,1,340,0,1
70,M,0,154,0,1
40,F,1,3,1,0
60,M,2,87,1,1
24,M,0,2,0,0
22,M,0,3,0,0
57,M,2,55,0,1
34,F,2,2,0,0
87,M,1,316,0,1
88,F,1,327,1,1
32,F,1,4,0,0
46,F,2,1,2,0
54,F,1,35,1,1
63,F,2,112,1,1
72,F,2,200,0,1
27,F,0,3,2,0
56,F,3,64,0,1
59,F,2,75,2,1
20,F,0,5,1,0
61,M,1,91,1,1
38,F,1,2,0,0
72,M,3,187,1,1
57,F,1,71,0,1
87,M,1,360,0,1
30,M,0,2,2,0
50,F,2,2,0,0
62,F,1,110,0,1
40,F,2,3,1,0
48,M,1,3,0,0
29,F,0,4,2,0
58,M,4,66,0,1
42,M,1,2,0,0
63,M,2,119,1,1
49,M,3,3,0,0
57,F,3,67,1,1
87,M,3,356,2,1
84,M,3,329,0,1
54,M,0,38,0,1
59,M,1,83,1,1
66,M,2,141,1,1
48,F,1,1,1,0
70,M,0,185,0,1
19,M,1,2,0,0
18,F,3,6,2,0
19,F,1,0,0,0
34,M,0,5,0,0
27,F,2,6,1,0
56,M,0,60,0,1
78,F,2,249,0,1
22,F,4,4,1,0
60,F,1,89,1,1
28,F,0,4,0,0
72,F,2,207,0,1
72,F,4,200,0,1
84,F,2,298,1,1
66,M,0,125,0,1
67,F,2,188,1,1
27,M,0,3,1,0
24,F,4,2,0,0
26,M,1,1,1,0
80,F,3,278,1,1
78,F,1,243,0,1
49,F,2,1,1,0
52,M,2,19,0,1
21,F,3,7,0,0
40,M,2,2,0,0
27,F,1,2,1,0
69,F,0,159,0,1
32,M,2,2,0,0
66,M,1,129,1,1
80,M,1,264,2,1
89,F,2,366,0,1
57,M,2,74,2,1
25,M,1,1,0,0
66,F,2,163,0,1
73,M,2,187,0,1
75,M,1,241,0,1
51,F,0,17,0,1
61,M,0,86,0,1
35,F,1,5,0,0
28,M,3,4,2,0
53,F,1,37,0,1
52,F,0,11,0,1
19,M,0,2,0,0
87,M,2,345,0,1
26,F,1,2,1,0
33,M,7,3,1,0
25,M,1,3,0,0
60,M,1,86,0,1
67,M,2,148,0,1
75,M,2,223,0,1
69,M,2,159,1,1
19,F,1,8,0,0
35,F,4,2,0,0
71,M,2,170,0,1
40,M,1,6,1,0
71,F,4,185,1,1
73,M,0,205,0,1
29,M,2,3,1,0
45,F,4,3,0,0
48,M,1,0,0,0
43,F,0,2,2,0
75,M,0,199,0,1
86,M,2,325,0,1
26,M,2,5,0,0
57,F,2,62,2,1
28,M,3,4,0,0
56,F,1,47,0,1
68,F,1,156,0,1
61,M,1,110,1,1
24,M,0,2,1,0
20,M,1,2,0,0
80,M,4,286,0,1
46,M,1,8,1,0
62,F,4,103,0,1
74,M,0,195,0,1
19,F,2,3,0,0
64,F,1,129,1,1
81,M,0,301,0,1
82,M,2,239,0,1
73,M,4,206,0,1
40,F,1,2,1,0
54,F,2,34,0,1
52,M,4,19,1,1
27,F,1,4,0,0
34,M,1,4,0,0
64,F,1,124,0,1
31,M,2,4,1,0
40,F,5,4,1,0
24,M,3,0,0,0
76,F,4,227,1,1
32,F,1,4,0,0
66,F,2,144,0,1
29,M,1,4,2,0
39,F,2,3,1,0
49,F,1,5,1,0
64,M,2,143,0,1
47,M,0,8,0,0
56,F,3,69,1,1
73,F,3,219,0,1
52,M,1,33,1,1
74,M,4,217,1,1
85,M,2,349,1,1
56,M,4,51,0,1
66,M,0,147,1,1
65,F,1,141,0,1
82,F,2,276,0,1
51,M,0,10,2,1
78,M,4,236,1,1
40,F,0,2,0,0
80,M,1,284,2,1
54,M,3,30,1,1
24,F,0,3,0,0
63,F,1,108,0,1
41,M,1,2,0,0
86,F,0,306,0,1
55,F,2,42,2,1
76,F,5,224,1,1
49,M,2,1,0,0
22,F,0,1,2,0
59,M,1,90,1,1
64,F,2,103,1,1
63,M,0,121,0,1
24,M,4,2,3,0
19,F,3,6,0,0
62,F,2,122,1,1
52,M,1,34,0,1
79,F,1,255,0,1
34,M,1,4,0,0
68,F,2,168,0,1
35,M,0,5,0,0
26,M,1,3,0,0
59,F,1,81,0,1
48,F,2,0,0,0
49,F,0,2,0,0
32,F,0,1,1,0
31,M,0,2,0,0
65,F,3,137,0,1
45,M,1,1,0,0
69,F,0,159,1,1
47,F,3,1,1,0
71,F,0,165,1,1
45,M,2,3,1,0
43,F,1,7,0,0
36,M,1,3,1,0
61,F,2,95,0,1
46,M,3,3,2,0
32,M,1,2,0,0
21,F,1,0,1,0
84,F,1,309,0,1
44,F,1,5,0,0
85,M,1,313,1,1
48,F,1,1,0,0
20,F,2,3,0,0
89,F,2,368,0,1
58,F,2,77,2,1
86,M,3,324,0,1
69,F,3,171,1,1
32,F,1,4,1,0
34,F,4,3,2,0
52,M,0,17,1,1
20,M,1,3,1,0
40,F,0,2,0,0
18,M,3,2,0,0
59,M,4,93,0,1
68,F,5,175,0,1
34,F,3,0,2,0
18,M,0,1,2,0
32,F,3,5,2,0
45,M,0,3,0,0
42,M,1,0,1,0
75,M,3,268,1,1
68,F,1,151,0,1
21,M,2,1,0,0
48,F,2,2,3,0
68,M,2,167,3,1
88,M,3,357,0,1
49,M,3,4,2,0
51,M,0,15,0,1
46,F,2,3,1,0
84,F,2,349,0,1
52,F,0,20,2,1
43,F,3,3,1,0
43,F,1,2,0,0
57,F,1,71,0,1
80,M,2,276,0,1
51,F,5,17,1,1
66,M,1,135,0,1
42,M,4,0,1,0
45,F,2,3,0,0
41,M,1,2,0,0
26,M,2,3,1,0
28,M,2,4,0,0
54,F,2,39,1,1
61,F,2,111,0,1
89,M,0,353,1,1
36,M,0,7,0,0
82,M,1,291,2,1
52,F,2,31,0,1
22,F,1,3,0,0
81,F,1,266,0,1
43,M,1,3,0,0
86,F,1,352,0,1
51,F,1,14,1,1
81,F,2,298,0,1
47,M,1,3,1,0
71,M,1,212,0,1
26,M,4,1,1,0
31,M,0,3,0,0
31,M,3,3,1,0
55,F,0,53,1,1
56,M,0,40,0,1
31,F,2,2,0,0
69,M,1,179,0,1
75,F,1,201,0,1
69,F,3,183,2,1
57,M,1,66,0,1
66,M,2,139,0,1
80,F,0,287,0,1
66,F,4,137,1,1
62,F,3,120,0,1
18,M,0,0,0,0
43,M,2,3,2,0
33,F,0,4,0,0
41,F,0,3,0,0
42,M,1,3,1,0
77,F,4,259,0,1
36,F,3,5,1,0
39,F,0,2,0,0
45,M,5,5,0,0
35,M,2,4,0,0
46,M,2,2,1,0
89,M,4,331,2,1
42,M,4,4,0,0
34,M,3,5,2,0
18,F,5,1,1,0
87,M,0,332,1,1
80,F,2,266,0,1
36,F,5,1,0,0
86,M,1,341,0,1
46,F,2,4,1,0
62,F,1,107,1,1
80,M,2,271,0,1
37,F,2,0,0,0
79,M,1,251,0,1
50,M,2,4,1,1
21,M,1,3,1,0
83,M,3,313,1,1
25,F,2,3,1,0
61,F,2,99,0,1
56,M,1,49,0,1
68,M,0,165,0,1
69,F,1,154,0,1
68,M,1,174,1,1
66,M,2,139,0,1
88,M,2,335,1,1
84,M,1,306,0,1
65,M,1,139,1,1
25,F,0,4,0,0
25,M,0,5,0,0
73,F,1,211,1,1
54,M,1,36,1,1
72,M,4,225,1,1
84,F,1,311,0,1
77,M,2,240,1,1
27,F,1,2,0,0
49,M,2,2,0,0
21,M,3,1,0,0
37,M,3,0,2,0
21,F,4,5,2,0
80,M,3,300,0,1
23,M,1,2,0,0
27,F,2,3,1,0
29,M,0,1,1,0
24,F,2,3,0,0
73,M,0,221,1,1
50,F,2,4,1,0
61,M,2,97,1,1
84,F,0,314,0,1
70,M,3,165,1,1
49,F,1,5,1,0
58,M,3,77,0,1
64,F,1,137,0,1
43,F,1,2,0,0
54,F,2,44,0,1
74,F,2,222,0,1
79,F,2,293,1,1
30,M,1,3,0,0
66,F,3,149,1,1
43,F,3,0,1,0
70,M,2,186,0,1
47,M,1,5,2,0
26,F,0,5,0,0
66,F,1,163,0,1
75,F,1,231,0,1
72,F,2,169,1,1
24,M,2,2,0,0
58,M,0,78,0,1
22,F,2,3,0,0
61,F,1,109,1,1
28,F,1,2,0,0
38,M,2,2,1,0
54,F,0,40,0,1
60,F,4,81,1,1
79,M,1,254,0,1
78,M,0,269,0,1
26,F,1,3,2,0
49,M,2,0,0,0
87,F,3,365,2,1
72,F,1,193,1,1
69,F,2,177,1,1
54,M,0,35,1,1
57,F,3,73,0,1
54,M,2,45,1,1
84,F,0,329,0,1
61,M,0,99,2,1
42,M,0,2,1,0
28,F,5,1,3,0
85,M,0,321,0,1
33,M,3,6,1,0
18,F,0,2,0,0
30,M,3,1,1,0
52,M,2,17,0,1
56,F,0,54,0,1
36,F,3,2,1,0
66,M,3,151,1,1
19,F,3,3,1,0
68,M,1,160,1,1
55,F,0,51,0,1
33,M,1,2,0,0
71,M,1,207,0,1
42,F,0,2,0,0
78,M,2,244,2,1
28,M,1,3,0,0
18,M,1,2,0,0
65,M,0,130,1,1
20,M,1,6,0,0
48,M,0,6,4,0
64,M,1,134,0,1
37,M,3,4,0,0
38,F,1,1,0,0
34,F,1,2,0,0
18,F,1,5,0,0
86,M,0,350,0,1
66,F,2,147,0,1
52,M,0,20,3,1
32,F,2,1,0,0
89,M,1,367,1,1
30,F,5,5,1,0
41,F,0,3,0,0
47,F,2,1,1,0
33,M,1,1,0,0
61,F,2,110,1,1
69,F,0,172,1,1
19,F,0,2,0,0
83,M,4,284,0,1
45,M,1,2,0,0
29,F,1,3,0,0
20,M,1,4,0,0
80,F,1,286,0,1
45,F,0,3,0,0
60,M,2,95,0,1
24,F,4,1,1,0
83,F,2,290,0,1
80,F,1,274,1,1
86,M,1,325,1,1
71,F,1,177,1,1
48,M,3,2,0,0
37,M,1,8,0,0
85,M,1,305,0,1
53,M,0,27,1,1
30,M,0,2,0,0
54,M,2,34,2,1
49,F,1,5,0,0
25,M,1,4,0,0
49,M,1,3,0,0
20,F,1,5,2,0
35,F,2,2,0,0
81,F,1,269,1,1
52,F,2,16,0,1
36,F,4,3,1,0
72,M,2,185,0,1
65,F,0,110,0,1
25,M,2,1,0,0
19,M,1,4,1,0
52,M,1,21,0,1
51,F,1,7,0,1
55,F,1,45,0,1
64,F,5,131,0,1
32,M,3,1,0,0
63,M,5,121,1,1
64,F,0,120,1,1
41,F,3,1,2,0
36,M,4,1,1,0
75,M,3,216,0,1
59,M,1,82,0,1
68,M,1,171,0,1
59,F,0,108,1,1
51,F,0,12,0,1
71,M,0,209,0,1
23,F,2,4,0,0
85,M,1,282,0,1
69,F,0,172,0,1
84,M,3,348,1,1
29,M,1,5,1,0
54,F,1,34,0,1
55,M,1,41,1,1
36,F,0,4,3,0
65,M,0,131,0,1
35,M,0,8,0,0
63,M,0,132,1,1
74,F,0,237,0,1
80,F,2,240,1,1
72,M,2,182,0,1
51,M,0,18,1,1
75,M,1,233,1,1
58,F,2,81,0,1
78,M,0,253,0,1
67,F,1,146,0,1
58,F,2,95,0,1
63,M,2,108,0,1
82,F,2,292,1,1
89,M,1,320,2,1
65,F,3,132,1,1
18,M,1,4,1,0
63,F,0,109,1,1
57,F,1,58,0,1
78,M,0,279,0,1
75,F,1,246,0,1
64,M,1,129,0,1
33,F,1,4,0,0
73,M,0,196,1,1
28,M,0,2,1,0
84,M,0,305,0,1
38,F,2,3,0,0
46,F,1,1,1,0
59,F,1,98,0,1
72,F,1,202,0,1
22,M,1,1,0,0
39,F,0,5,0,0
48,F,0,1,1,0
53,M,0,34,2,1
52,M,0,19,1,1
80,F,1,262,2,1
60,F,0,111,1,1
88,F,1,330,1,1
73,F,1,206,1,1
86,M,4,325,1,1
63,F,1,113,0,1
72,M,0,166,0,1
58,F,2,70,1,1
79,M,3,260,1,1
37,F,1,4,0,0
81,M,0,252,0,1
48,M,1,3,0,0
61,M,0,104,1,1
33,M,1,4,1,0
35,M,1,6,0,0
42,M,2,3,1,0
19,F,2,6,3,0
78,F,2,272,0,1
72,M,1,199,0,1
55,M,1,52,0,1
72,F,1,239,0,1
67,F,0,158,1,1
70,F,0,174,1,1
42,M,2,4,0,0
59,M,4,86,0,1
18,F,1,0,0,0
65,F,2,144,0,1
27,M,2,1,0,0
69,F,2,167,0,1
69,M,1,161,0,1
56,M,1,63,0,1
37,F,0,7,0,0
65,M,0,125,0,1
37,F,2,6,0,0
34,F,1,6,2,0
66,M,2,140,0,1
56,M,4,51,0,1
29,F,1,7,1,0
63,M,2,124,2,1
72,F,0,182,1,1
58,M,4,81,0,1
43,M,0,1,0,0
36,F,2,3,0,0
23,M,0,3,2,0
27,F,1,3,0,0
77,F,0,248,2,1
65,F,1,127,0,1
73,M,1,207,1,1
26,F,2,5,0,0
62,M,1,103,0,1
75,F,0,207,3,1
31,F,2,4,0,0
31,F,0,3,0,0
63,F,1,127,0,1
73,F,1,206,0,1
83,F,0,279,2,1
43,F,1,8,0,0
37,F,4,3,1,0
82,M,1,275,0,1
58,M,4,73,1,1
34,M,2,3,2,0
24,M,2,2,0,0
29,F,2,3,1,0
87,F,0,368,0,1
66,F,0,138,0,1
73,M,2,232,1,1
73,F,2,216,0,1
60,F,0,91,1,1
43,M,0,1,1,0
36,F,2,4,2,0
51,M,2,12,0,1
70,M,0,176,0,1
65,M,0,144,0,1
51,M,1,10,0,1
39,F,0,2,2,0
77,M,0,274,0,1
46,F,1,0,0,0
28,M,2,4,1,0
58,F,1,80,0,1
25,F,0,2,0,0
39,M,0,0,0,0
37,F,0,4,2,0
28,F,2,4,0,0
65,M,1,132,1,1
83,F,0,294,2,1
35,M,1,2,1,0
26,F,1,3,0,0
40,F,1,2,0,0
89,F,2,388,1,1
76,F,1,250,0,1
78,M,0,262,0,1
39,M,4,4,0,0
50,F,3,2,0,0
26,F,1,4,1,0
79,F,0,277,1,1
62,F,2,121,1,1
22,F,0,3,1,0
71,F,3,173,0,1
58,F,4,82,0,1
21,M,2,2,1,0
43,M,3,6,0,0
61,F,2,98,0,1
39,F,1,2,0,0
31,F,0,4,1,0
82,M,0,277,0,1
85,M,1,310,0,1
20,M,3,3,0,0
22,F,1,2,2,0
80,F,1,284,0,1
38,M,0,8,0,0
23,M,1,2,0,0
52,M,1,22,1,1
66,F,3,143,0,1
42,M,3,7,3,0
38,M,1,5,1,0
42,F,0,4,0,0
55,M,1,63,0,1
43,F,1,6,0,0
84,F,3,302,2,1
74,F,3,222,1,1
75,F,3,207,0,1
35,M,1,3,0,0
25,M,1,2,0,0
84,M,3,270,0,1
39,M,1,2,0,0
54,M,1,31,0,1
53,F,2,34,0,1
63,F,1,141,1,1
69,M,1,172,0,1
29,M,0,7,0,0
18,M,1,1,0,0
69,F,1,188,3,1
80,F,1,282,0,1
76,M,4,241,0,1
78,F,0,253,1,1
23,F,4,4,0,0
86,M,0,306,0,1
36,F,1,3,1,0
32,M,0,5,1,0
73,M,2,200,1,1
33,F,0,1,1,0
57,F,2,55,1,1
77,M,2,255,2,1
79,M,3,272,0,1
55,M,0,48,1,1
53,F,3,37,1,1
35,M,1,3,0,0
38,F,0,6,0,0
19,F,4,2,1,0
50,F,0,3,0,0
33,M,3,1,0,0
62,F,1,130,0,1
66,F,0,157,0,1
40,M,0,2,0,0
70,M,2,188,1,1
89,M,2,390,3,1
43,M,3,3,0,0
60,M,2,91,0,1
84,F,1,321,0,1
25,M,5,4,1,0
54,M,1,36,2,1
34,M,0,4,0,0
55,F,4,47,2,1
39,M,4,5,0,0
46,M,0,1,2,0
26,F,0,3,3,0
47,M,0,4,1,0
70,F,0,172,0,1
43,F,2,3,0,0
30,F,3,0,1,0
77,M,1,236,0,1
29,M,3,3,1,0
49,F,3,2,0,0
34,F,2,3,0,0
34,F,1,3,0,0
82,M,0,290,0,1
49,M,0,3,1,0
81,F,0,269,3,1
84,M,3,308,2,1
65,F,0,139,1,1
64,M,0,120,0,1
72,M,0,180,0,1
25,M,3,4,3,0
62,F,1,102,0,1
48,M,0,2,0,0
56,M,1,44,1,1
51,F,2,10,1,1
80,M,1,269,2,1
19,F,2,2,0,0
73,F,1,191,1,1
87,F,1,319,0,1
80,F,1,251,0,1
83,M,3,302,0,1
30,M,2,2,0,0
25,F,2,3,1,0
35,F,1,6,1,0
57,F,1,76,0,1
24,F,0,2,0,0
40,M,0,3,0,0
28,M,1,4,2,0
33,F,1,3,1,0
54,M,1,32,0,1
37,M,2,2,0,0
57,F,1,60,2,1
21,M,0,4,1,0
72,M,0,198,2,1
67,M,0,166,1,1
63,F,2,129,0,1
44,M,1,6,1,0
82,F,0,293,2,1
68,F,0,159,0,1
41,M,0,2,0,0
76,M,1,267,0,1
86,F,1,327,1,1
59,M,3,93,0,1
51,F,0,11,0,1
42,M,4,1,0,0
41,F,0,2,0,0
28,F,2,3,0,0
22,M,1,6,0,0
64,M,1,131,0,1
61,F,1,96,0,1
66,M,0,164,0,1
80,M,1,307,0,1
74,M,1,210,0,1
34,M,0,2,0,0
27,F,1,5,1,0
53,M,2,22,0,1
21,M,1,2,0,0
61,F,3,120,0,1
81,M,2,261,0,1
70,F,2,181,0,1
61,M,3,101,0,1
77,F,2,260,0,1
24,M,2,2,0,0
47,F,2,5,0,0
69,M,4,184,0,1
88,F,2,358,0,1
22,M,1,2,0,0
22,F,1,3,1,0
63,M,2,104,0,1
66,F,3,132,1,1
57,M,0,80,1,1
24,F,0,1,0,0
69,M,1,162,0,1
54,F,0,38,1,1
24,F,2,3,0,0
20,F,0,8,0,0
83,F,2,310,2,1
78,F,3,232,0,1
85,M,1,313,0,1
30,M,2,4,0,0
88,M,2,347,0,1
55,F,1,59,0,1
73,F,2,192,1,1
64,M,2,125,1,1
40,M,1,3,1,0
42,F,2,1,2,0
88,F,1,326,0,1
84,F,1,279,0,1
62,M,1,127,1,1
60,F,0,100,0,1
69,M,1,185,0,1
79,F,0,281,0,1
65,M,3,130,2,1
34,F,1,1,0,0
32,F,1,3,0,0
86,F,1,340,0,1
79,M,1,243,2,1
32,F,2,1,0,0
64,F,2,146,0,1
47,M,1,4,0,0
33,F,1,6,0,0
59,M,1,78,0,1
45,M,3,4,3,0
78,F,3,235,2,1
28,M,0,3,1,0
69,F,3,166,0,1
49,M,1,3,2,0
83,M,2,252,0,1
89,F,1,329,0,1
56,M,2,72,0,1
45,M,2,4,0,0
75,F,3,237,0,1
46,M,5,1,0,0
48,M,5,3,1,0
75,F,1,238,0,1
20,M,2,3,0,0
23,M,4,2,0,0
34,F,2,3,1,0
26,F,1,3,0,0
20,F,0,1,0,0
71,M,3,207,0,1
22,F,0,4,0,0
27,M,0,3,2,0
20,F,1,6,0,0
62,F,4,118,1,1
30,F,1,2,1,0
76,M,2,204,0,1
65,M,0,125,0,1
58,F,1,84,0,1
31,F,2,3,0,0
23,F,0,1,1,0
86,F,3,311,0,1
32,M,0,3,0,0
49,M,3,7,1,0
56,F,0,53,1,1
60,M,1,110,3,1
86,F,0,312,0,1
30,F,1,1,0,0
65,M,1,136,0,1
63,F,1,115,1,1
68,F,1,162,0,1
88,F,2,335,0,1
60,M,3,96,0,1
77,M,2,255,0,1
41,F,5,4,3,0
36,M,1,4,0,0
61,M,2,115,0,1
49,F,2,5,1,0
18,F,1,2,1,0
51,F,3,14,0,1
47,M,1,3,1,0
75,M,2,248,0,1
76,F,0,231,0,1
61,F,4,106,0,1
32,F,4,5,0,0
55,M,1,56,0,1
64,M,0,136,1,1
21,M,1,6,0,0
69,F,0,172,0,1
50,M,0,2,0,0
29,M,2,5,1,0
42,M,2,5,1,0
79,M,2,250,1,1
36,M,2,1,0,0
35,M,0,0,3,0
80,F,2,283,0,1
87,M,2,347,0,1
45,M,2,1,0,0
42,F,2,5,0,0
37,M,1,3,0,0
62,M,3,129,1,1
25,F,2,1,0,0
86,F,4,342,0,1
27,F,3,2,0,0
77,F,3,241,1,1
82,F,0,280,1,1
52,F,1,17,0,1
56,F,0,67,0,1
32,M,2,3,0,0
54,F,3,38,0,1
62,M,3,118,1,1
66,M,1,164,1,1
60,F,2,87,0,1
63,M,0,118,1,1
22,F,0,5,1,0
19,M,0,2,1,0
45,F,0,0,0,0
31,F,0,1,0,0
84,M,1,317,0,1
68,M,1,160,0,1
55,M,2,49,1,1
67,F,2,134,0,1
31,M,1,4,0,0
73,F,2,234,0,1
64,F,1,148,0,1
75,M,3,238,0,1
50,M,1,0,0,0
66,M,2,131,1,1
83,F,2,299,1,1
42,M,0,0,1,0
53,M,2,30,2,1
66,F,4,145,1,1
19,M,2,3,1,0
55,M,0,49,1,1
29,F,2,5,0,0
64,M,2,136,0,1
30,F,3,3,1,0
22,M,1,4,0,0
86,F,1,358,1,1
34,M,2,1,0,0
43,M,2,1,1,0
57,M,1,65,0,1
43,F,1,3,0,0
57,M,1,60,1,1
88,M,4,356,1,1
20,M,1,4,0,0
32,M,2,2,1,0
45,F,0,4,1,0
62,F,2,111,0,1
54,M,2,47,0,1
86,F,2,345,1,1
29,F,3,5,0,0
83,M,2,304,0,1
23,M,2,4,2,0
29,F,1,1,0,0
49,F,1,1,0,0
51,F,1,7,1,1
85,M,1,314,0,1
36,F,2,4,0,0
51,F,0,11,2,1
68,M,4,139,0,1
63,M,5,130,0,1
35,M,1,3,0,0
28,F,3,2,3,0
30,M,2,6,0,0
47,M,0,4,0,0
37,M,0,7,1,0
55,F,2,43,0,1
27,M,1,3,0,0
21,M,2,3,0,0
69,F,1,158,1,1
68,M,0,163,1,1
38,F,2,2,0,0
47,M,1,4,0,0
46,F,3,2,0,0
24,F,0,1,1,0
37,F,1,3,2,0
36,M,3,4,0,0
45,F,0,5,0,0
67,F,3,165,0,1
39,F,2,3,0,0
61,M,2,105,0,1
43,M,1,5,1,0
54,M,4,40,0,1
69,F,2,186,1,1
57,M,2,75,1,1
30,M,0,1,1,0
89,M,3,348,1,1
67,M,1,151,0,1
63,M,0,132,2,1
43,M,2,2,0,0
40,F,1,6,2,0
24,M,2,4,0,0
48,F,1,2,1,0
26,M,2,2,1,0
49,M,1,1,0,0
82,F,3,317,0,1
84,M,2,283,1,1
21,M,2,6,1,0
59,F,1,97,0,1
37,F,1,5,1,0
30,M,0,2,2,0
80,M,2,257,2,1
25,M,1,7,0,0
23,M,1,1,0,0
24,F,2,4,1,0
33,M,1,1,1,0
39,M,4,3,0,0
37,M,2,3,2,0
33,M,1,2,1,0
78,M,1,250,1,1
76,M,2,210,0,1
26,F,1,4,0,0
28,F,0,5,1,0
86,M,3,309,1,1
71,F,0,196,1,1
26,F,2,2,1,0
26,F,0,1,1,0
58,F,2,68,0,1
18,F,2,2,1,0
73,F,0,215,1,1
86,F,1,348,1,1
58,M,2,88,0,1
79,M,1,260,1,1
54,F,2,34,0,1
80,M,1,238,0,1
49,F,0,2,0,0
38,M,2,1,0,0
36,F,1,2,1,0
18,F,1,2,1,0
89,M,2,343,2,1
19,F,0,2,1,0
47,M,1,3,1,0
39,F,1,2,0,0
64,F,0,124,0,1
70,F,1,163,0,1
59,F,2,87,1,1
23,F,4,3,0,0
87,F,1,340,2,1
78,F,2,253,0,1
35,F,1,2,0,0
57,M,3,68,1,1
29,F,1,2,0,0
57,M,4,69,0,1
82,F,2,282,0,1
79,M,3,282,1,1
54,F,0,39,0,1
51,M,2,10,1,1
64,M,1,127,1,1
59,F,2,76,0,1
63,M,0,117,1,1
87,F,2,359,0,1
74,M,1,216,2,1
68,F,5,183,0,1
78,F,0,237,1,1
20,F,1,1,0,0
68,F,0,147,0,1
35,M,2,1,0,0
18,F,1,3,0,0
18,M,1,3,0,0
78,F,1,250,0,1
62,F,0,123,0,1
21,M,0,0,1,0
57,F,1,57,1,1
79,F,3,255,0,1
84,M,0,314,2,1
18,F,1,2,0,0
37,M,3,6,0,0
73,F,2,232,0,1
33,F,1,2,0,0
63,F,1,132,0,1
65,F,1,132,0,1
19,M,1,1,0,0
31,F,1,9,1,0
72,M,1,220,0,1
76,M,2,239,0,1
59,M,1,82,0,1
77,M,1,212,1,1
26,M,0,3,0,0
35,M,0,2,0,0
81,M,4,267,1,1
21,M,0,3,0,0
60,M,1,112,0,1
63,F,2,124,0,1
51,F,3,12,0,1
44,M,1,2,0,0
86,F,2,291,0,1
82,M,0,288,0,1
32,M,6,5,0,0
64,M,1,116,1,1
30,M,0,3,1,0
28,M,1,0,0,0
82,M,0,321,1,1
62,M,1,116,1,1
29,M,0,2,0,0
36,M,2,4,0,0
76,F,2,210,1,1
76,M,2,247,0,1
33,F,2,5,1,0
32,M,3,3,1,0
76,M,0,221,2,1
89,M,2,347,0,1
47,F,2,8,0,0
88,M,1,328,0,1
62,F,2,118,0,1
85,M,3,303,1,1
61,M,0,122,0,1
59,F,1,91,0,1
46,M,3,3,0,0
82,F,1,284,0,1
55,M,0,43,0,1
26,M,4,1,0,0
64,F,3,118,0,1
36,F,0,7,1,0
27,F,4,5,1,0
20,F,2,4,0,0
83,F,3,305,2,1
28,F,4,3,0,0
77,M,2,240,0,1
77,M,2,266,2,1
32,M,4,1,1,0
56,F,0,67,1,1
34,M,0,1,0,0
62,F,2,101,0,1
46,F,4,3,1,0
77,F,3,230,0,1
73,F,1,204,1,1
56,F,1,55,1,1
55,M,2,42,0,1
30,F,0,5,0,0
40,M,2,0,0,0
67,F,3,163,2,1
73,F,1,223,0,1
42,M,4,5,1,0
32,F,3,4,3,0
40,F,2,3,0,0
69,M,1,161,0,1
49,F,0,7,1,0
72,M,1,183,0,1
29,M,0,2,0,0
25,F,1,5,0,0
62,M,0,101,1,1
59,F,1,97,1,1
59,F,0,85,2,1
60,M,3,89,1,1
66,F,0,154,1,1
87,M,2,302,0,1
40,M,1,2,1,0
39,F,0,3,1,0
36,M,3,0,0,0
51,M,2,12,0,1
53,F,2,32,0,1
85,M,3,291,1,1
30,M,2,4,1,0
27,F,1,2,1,0
76,F,2,238,0,1
82,F,0,281,0,1
20,M,1,3,0,0
44,F,3,7,1,0
58,F,1,72,0,1
42,F,4,2,0,0
29,F,3,4,1,0
89,F,0,377,0,1
27,M,1,4,0,0
46,M,1,2,0,0
63,M,0,106,2,1
35,F,2,2,0,0
70,F,2,193,0,1
32,F,3,2,0,0
86,F,1,342,2,1
68,M,1,149,0,1
87,F,2,346,1,1
63,F,2,124,0,1
38,M,2,5,0,0
35,F,1,4,0,0
60,F,1,93,0,1
53,M,1,33,0,1
84,F,2,307,0,1
38,F,2,4,0,0
37,M,0,3,1,0
78,M,2,297,1,1
73,F,3,210,0,1
43,F,1,4,0,0
55,F,1,49,0,1
62,M,2,97,0,1
78,M,0,251,1,1
83,M,2,325,0,1
52,F,2,18,1,1
35,F,2,2,0,0
23,M,2,4,0,0
86,M,2,308,0,1
73,F,0,226,2,1
52,M,2,21,0,1
76,M,3,255,1,1
64,F,2,138,0,1
55,M,3,38,0,1
37,M,2,3,0,0
30,F,3,5,1,0
68,F,0,157,0,1
27,M,4,2,0,0
70,F,0,174,1,1
45,M,1,1,0,0
60,M,0,89,2,1
19,M,3,3,1,0
80,F,1,271,1,1
65,F,1,140,0,1
51,F,2,17,1,1
55,F,1,54,0,1
19,F,1,0,0,0
79,F,1,263,0,1
83,M,2,280,0,1
87,M,0,323,0,1
58,F,2,80,0,1
82,M,1,268,0,1
62,M,1,111,0,1
89,F,0,354,1,1
61,F,0,96,0,1
42,F,1,4,0,0
20,M,1,5,0,0
26,F,2,1,2,0
38,F,2,2,0,0
69,M,2,193,0,1
24,F,1,2,0,0
29,M,0,1,0,0
64,M,0,149,0,1
70,M,1,199,1,1
79,F,1,230,2,1
67,F,2,153,1,1
65,F,0,124,0,1
45,M,1,0,0,0
76,M,2,238,1,1
64,M,0,118,0,1
41,F,3,1,0,0
30,M,2,5,1,0
20,F,0,6,0,0
86,F,2,324,0,1
47,M,0,1,1,0
83,M,2,320,1,1
30,M,2,3,0,0
28,M,3,1,1,0
39,M,0,0,2,0
32,M,3,4,1,0
35,M,2,6,1,0
23,M,3,1,1,0
31,M,2,4,0,0
27,F,1,1,0,0
67,F,2,146,0,1
79,F,1,264,0,1
61,M,3,100,0,1
56,M,1,57,1,1
77,M,4,272,1,1
81,M,2,292,0,1
88,F,2,368,0,1
83,F,2,286,0,1
35,M,1,3,0,0
51,M,1,11,1,1
85,F,2,305,2,1
86,M,1,313,0,1
73,M,2,215,1,1
74,F,4,212,0,1
58,F,0,77,1,1
87,F,1,341,1,1
88,M,7,315,2,1
70,M,3,174,0,1
54,M,1,42,0,1
19,M,3,3,2,0
20,M,0,3,0,0
24,F,3,6,1,0
26,F,2,1,1,0
38,M,1,3,0,0
40,M,3,4,1,0
37,M,1,3,0,0
68,F,3,168,1,1
35,M,1,3,0,0
58,M,0,76,0,1
74,F,5,213,2,1
67,F,4,167,0,1
22,F,1,1,0,0
19,M,2,3,3,0
56,F,3,57,1,1
35,F,0,4,3,0
18,M,2,4,0,0
57,M,1,81,0,1
30,F,2,4,1,0
65,M,3,134,1,1
59,M,2,94,0,1
49,M,3,6,0,0
51,M,1,8,1,1
33,M,1,0,1,0
27,F,0,2,1,0
40,M,0,3,0,0
34,M,1,3,1,0
72,M,1,196,0,1
75,F,3,242,1,1
69,M,2,175,2,1
43,F,1,7,0,0
35,M,3,5,2,0
88,M,2,335,0,1
86,F,3,320,2,1
77,M,0,262,4,1
21,M,3,3,1,0
58,M,2,78,0,1
34,M,0,1,0,0
25,M,3,4,0,0
49,M,0,2,1,0
84,M,0,293,2,1
75,M,0,236,2,1
39,F,1,2,1,0
58,F,4,89,0,1
86,F,0,304,1,1
66,F,1,160,0,1
46,M,0,5,1,0
86,M,2,331,0,1
52,F,2,15,0,1
44,F,0,2,0,0
64,M,4,126,0,1
31,F,3,4,1,0
22,M,0,2,0,0
47,F,1,3,0,0
24,M,2,5,0,0
58,F,1,82,0,1
72,M,0,187,2,1
27,M,3,4,2,0
26,F,1,1,0,0
20,F,2,2,0,0
22,M,0,2,1,0
70,F,4,193,0,1
61,M,3,100,0,1
89,M,1,349,1,1
29,F,4,6,0,0
85,F,2,338,0,1
73,M,2,223,0,1
45,F,1,2,0,0
63,F,1,140,0,1
50,M,0,4,0,0
19,M,1,2,1,0
77,F,4,270,0,1
23,M,1,2,1,0
88,F,0,338,1,1
79,M,1,241,0,1
43,M,2,0,0,0
85,M,2,343,0,1
86,F,1,324,0,1
26,M,0,2,0,0
68,F,0,157,0,1
35,M,1,3,0,0
28,M,1,3,0,0
33,F,1,2,2,0
50,F,2,1,2,1
56,M,0,66,0,1
18,M,0,3,0,0
65,F,1,144,1,1
47,F,2,4,0,0
72,M,1,185,0,1
55,F,3,47,0,1
54,M,2,41,0,1
75,F,2,211,3,1
22,F,2,3,1,0
41,F,2,3,0,0
67,M,4,152,1,1
64,F,1,127,0,1
35,M,0,3,0,0
65,F,0,126,0,1
45,F,1,3,2,0
55,M,1,45,1,1
80,M,3,274,0,1
62,M,1,124,0,1
66,M,3,145,2,1
51,M,2,10,2,1
61,F,1,105,0,1
61,F,1,98,2,1
27,M,3,1,0,0
51,F,0,13,2,1
37,M,2,1,3,0
83,M,2,305,2,1
39,F,1,2,1,0
26,M,2,3,1,0
83,F,1,299,0,1
80,M,1,276,1,1
79,M,4,276,1,1
71,F,1,197,0,1
51,M,0,14,0,1
18,F,4,7,2,0
45,M,2,2,0,0
69,M,3,164,0,1
40,F,4,1,1,0
44,F,1,4,1,0
84,F,0,288,1,1
54,M,2,29,1,1
37,F,2,2,2,0
55,F,3,48,0,1
81,F,3,282,1,1
70,F,0,216,0,1
56,M,1,79,0,1
53,F,1,28,0,1
74,M,1,246,1,1
63,M,0,134,0,1
78,M,3,256,0,1
33,F,0,3,0,0
61,M,1,104,1,1
23,M,0,4,0,0
63,M,3,121,0,1
66,M,3,151,1,1
29,F,2,0,1,0
89,M,3,328,0,1
68,M,0,153,0,1
23,F,1,4,0,0
86,F,1,312,1,1
83,F,3,273,0,1
19,F,3,2,0,0
45,F,0,5,0,0
65,F,1,124,0,1
65,F,5,137,1,1
54,F,0,25,0,1
37,M,3,1,1,0
85,M,1,305,0,1
67,M,2,167,1,1
33,F,3,2,1,0
49,M,2,2,1,0
19,M,0,2,2,0
75,F,0,226,0,1
18,F,0,4,0,0
37,F,1,4,1,0
34,M,4,5,0,0
41,M,2,5,1,0
51,M,3,15,0,1
63,M,1,125,0,1
28,F,1,4,1,0
25,F,1,6,1,0
20,F,0,5,2,0
88,F,1,366,1,1
27,M,1,3,1,0
61,F,1,95,0,1
81,F,1,280,1,1
88,F,1,357,0,1
48,F,4,4,1,0
30,M,3,4,1,0
65,F,0,131,1,1
69,M,4,153,0,1
57,F,4,73,2,1
32,M,1,5,0,0
81,M,1,275,2,1
23,M,1,1,1,0
53,F,1,26,0,1
49,F,1,5,1,0
57,M,0,59,0,1
51,F,1,8,0,1
50,M,2,3,0,0
58,M,0,81,1,1
38,F,1,8,1,0
51,F,1,11,0,1
64,F,0,117,1,1
32,M,1,6,2,0
75,M,2,221,0,1
67,M,2,156,0,1
64,M,2,123,0,1
37,M,3,5,0,0
86,M,0,355,0,1
38,M,1,2,0,0
75,F,1,220,1,1
74,F,0,222,0,1
89,M,4,397,0,1
67,M,1,167,0,1
83,F,1,287,0,1
70,F,3,195,0,1
53,F,2,38,0,1
84,F,1,299,1,1
60,F,2,91,1,1
79,M,1,278,0,1
21,F,2,3,0,0
33,M,0,4,0,0
47,F,3,6,0,0
88,M,2,349,1,1
53,F,0,38,1,1
55,M,1,38,0,1
35,F,3,0,0,0
58,F,1,83,1,1
88,M,1,339,1,1
38,M,4,4,1,0
81,M,1,263,1,1
45,M,2,3,1,0
59,F,2,86,0,1
58,M,1,84,2,1
80,F,3,300,1,1
20,M,1,2,1,0
19,F,0,3,1,0
69,F,2,194,1,1
46,F,1,5,1,0
43,M,2,4,2,0
82,M,1,340,1,1
67,F,1,164,1,1
19,M,3,6,0,0
70,M,2,176,1,1
58,F,2,73,0,1
62,M,0,119,0,1
28,F,2,5,2,0
23,M,4,2,2,0
49,M,1,4,1,0
58,F,0,78,0,1
66,F,1,161,1,1
43,M,5,2,1,0
28,M,1,5,0,0
69,F,0,179,0,1
77,M,2,232,1,1
69,M,0,171,0,1
31,M,1,4,0,0
54,M,2,24,1,1
88,F,0,363,0,1
70,M,0,173,0,1
43,M,0,6,0,0
28,M,2,0,1,0
49,M,3,6,1,0
76,M,2,220,1,1
37,F,0,2,0,0
87,M,1,350,1,1
58,M,0,73,0,1
82,M,2,295,2,1
32,M,2,1,0,0
76,M,2,239,0,1
34,F,0,1,0,0
47,F,2,2,2,0
31,M,0,2,0,0
85,F,1,340,1,1
58,F,0,58,0,1
58,M,1,74,1,1
25,F,1,2,0,0
33,F,0,2,0,0
49,M,0,5,0,0
57,M,4,57,1,1
25,M,0,3,1,0
79,M,4,266,2,1
54,F,2,39,0,1
66,F,2,134,0,1
19,M,1,4,1,0
77,M,3,241,0,1
28,F,3,2,2,0
20,F,1,2,0,0
57,M,2,45,0,1
87,M,1,319,2,1
89,F,2,348,0,1
84,F,2,322,0,1
49,M,3,4,0,0
54,M,0,39,0,1
47,F,2,2,2,0
84,F,0,281,0,1
85,F,1,319,0,1
31,M,2,3,2,0
56,F,0,53,0,1
44,F,1,3,1,0
72,F,1,190,0,1
30,F,3,4,1,0
49,M,2,4,1,0
66,F,2,136,1,1
83,M,2,303,0,1
84,F,0,317,2,1
72,F,0,217,0,1
85,F,0,320,0,1
25,F,3,4,0,0
23,M,3,1,3,0
47,F,5,4,3,0
73,M,3,245,2,1
26,F,0,4,2,0
58,M,1,91,0,1
83,F,4,310,1,1
33,F,2,3,0,0
46,F,0,1,0,0
82,F,2,304,0,1
70,M,1,177,0,1
56,F,1,49,0,1
23,M,1,2,1,0
21,F,0,1,0,0
53,M,0,32,1,1
45,F,0,2,3,0
22,M,1,1,1,0
67,F,1,154,0,1
89,F,2,379,0,1
79,F,2,258,0,1
42,F,0,3,2,0
32,F,1,4,0,0
43,M,0,3,0,0
60,M,1,88,1,1
73,F,3,205,0,1
24,F,0,3,0,0
59,F,0,88,0,1
83,M,0,300,2,1
55,F,3,61,1,1
18,M,0,0,1,0
28,F,1,0,1,0
87,M,3,339,1,1
62,F,0,117,1,1
58,M,1,66,1,1
59,M,1,89,1,1
72,M,1,189,1,1
48,F,0,4,0,0
66,F,2,133,1,1
49,F,1,1,1,0
54,M,0,36,1,1
40,M,1,4,0,0
49,F,2,4,1,0
23,F,0,2,1,0
32,F,0,2,0,0
19,M,0,4,2,0
38,F,1,4,0,0
35,F,1,6,1,0
24,F,0,3,1,0
88,F,1,331,0,1
37,M,0,4,0,0
69,F,1,177,1,1
65,F,1,133,0,1
24,M,2,2,0,0
57,M,1,56,2,1
62,F,2,99,0,1
58,F,1,81,2,1
65,M,1,151,0,1
56,M,0,62,2,1
80,M,1,292,0,1
86,M,1,306,0,1
68,F,2,181,1,1
79,F,0,250,1,1
46,M,5,6,0,0
37,M,5,4,0,0
82,F,2,307,2,1
58,M,2,76,0,1
89,F,2,357,0,1
87,M,0,336,0,1
50,F,1,2,0,0
37,M,1,4,0,0
33,F,3,5,0,0
68,M,1,209,0,1
22,F,0,2,0,0
64,F,4,127,0,1
39,F,1,3,0,0
66,M,0,167,0,1
39,F,1,2,0,0
58,F,0,64,0,1
88,F,1,362,0,1
71,M,1,197,0,1
25,M,0,6,1,0
45,M,1,0,0,0
56,F,1,65,2,1
85,M,0,324,0,1
56,F,2,62,1,1
58,M,1,79,0,1
41,F,1,1,1,0
42,M,2,3,0,0
50,M,1,7,1,1
64,F,3,125,1,1
72,M,0,218,1,1
67,F,2,153,0,1
34,F,0,0,1,0
84,F,3,319,0,1
67,M,1,154,1,1
63,M,1,132,0,1
79,F,3,263,1,1
55,F,3,38,0,1
78,M,1,254,0,1
43,F,2,4,0,0
86,F,2,324,0,1
48,F,3,6,0,0
64,M,1,142,0,1
38,M,1,3,0,0
62,F,4,110,3,1
62,F,2,131,0,1
26,M,0,2,1,0
80,F,3,270,0,1
72,F,0,186,1,1
60,M,0,99,1,1
68,M,0,179,0,1
32,F,4,4,1,0
69,F,0,169,0,1
20,F,2,3,1,0
32,M,1,3,0,0
81,M,1,306,1,1
89,F,2,353,0,1
39,F,3,2,0,0
72,M,2,195,0,1
67,F,4,157,3,1
73,M,1,205,1,1
86,M,2,349,0,1
40,F,0,2,0,0
85,M,0,329,0,1
56,F,1,64,0,1
57,F,2,53,1,1
51,F,0,15,1,1
83,M,1,307,0,1
85,F,2,303,1,1
46,M,2,4,1,0
27,M,1,5,0,0
85,M,1,330,0,1
28,F,1,3,0,0
66,F,0,152,0,1
45,M,1,1,0,0
23,F,0,3,0,0
87,F,2,360,1,1
76,F,2,266,0,1
42,F,1,3,0,0
29,F,3,3,0,0
61,F,1,105,1,1
89,M,3,386,3,1
37,F,2,3,0,0
21,F,0,4,0,0
29,F,2,1,1,0
72,M,2,220,0,1
84,M,0,320,1,1
28,F,1,1,0,0
18,M,4,2,0,0
56,M,0,47,0,1
56,F,0,66,1,1
44,F,2,2,0,0
32,F,0,2,0,0
81,F,2,260,1,1
78,M,0,250,1,1
37,M,2,3,0,0
32,F,1,5,0,0
69,F,2,181,0,1
47,F,1,7,3,0
85,F,0,331,1,1
80,F,0,283,0,1
22,M,0,4,0,0
38,M,1,5,0,0
69,F,2,162,0,1
21,M,1,1,0,0
24,M,0,4,0,0
36,M,1,4,1,0
74,F,0,213,2,1
87,M,2,309,0,1
79,M,1,245,0,1
34,M,2,4,0,0
28,M,2,4,0,0
30,F,2,4,0,0
81,F,1,295,1,1
68,M,2,161,0,1
49,F,2,1,2,0
57,F,2,56,0,1
40,F,3,5,0,0
70,F,1,169,2,1
87,M,0,332,3,1
64,F,3,133,1,1
45,F,0,3,2,0
38,M,1,1,0,0
33,M,2,4,1,0
73,M,0,210,0,1
41,F,3,7,1,0
51,F,1,14,2,1
83,M,1,280,0,1
86,F,2,295,0,1
88,F,3,327,0,1
18,F,1,4,1,0
50,F,1,6,0,0
46,F,1,0,0,0
53,F,3,18,0,1
55,F,0,49,0,1
61,M,3,104,1,1
60,F,1,98,0,1
78,F,2,260,0,1
64,F,0,121,0,1
18,M,0,2,0,0
39,M,0,2,1,0
75,M,1,209,0,1
73,F,2,228,0,1
88,M,2,330,1,1
57,F,1,67,2,1
47,M,0,2,0,0
88,M,2,348,2,1
49,F,2,3,2,0
29,M,1,1,1,0
86,M,0,280,0,1
46,M,3,1,1,0
47,M,2,1,2,0
72,M,2,189,0,1
45,F,2,1,1,0
81,M,4,289,2,1
79,F,1,266,0,1
31,F,0,3,0,0
52,F,0,20,0,1
23,M,1,2,0,0
64,F,2,123,0,1
48,M,0,2,2,0
38,F,3,3,0,0
19,F,0,2,0,0
66,M,1,164,1,1
22,M,2,3,0,0
44,F,0,1,1,0
55,M,1,61,2,1
74,F,0,204,1,1
41,F,1,4,0,0
53,M,2,22,2,1
73,M,0,210,0,1
84,F,2,287,0,1
78,F,1,263,0,1
57,F,3,71,0,1
30,M,0,2,0,0
79,M,2,277,3,1
74,F,0,214,0,1
49,M,2,4,0,0
69,F,2,161,0,1
66,F,0,146,2,1
28,F,2,0,0,0
37,M,3,7,0,0
79,F,1,272,0,1
60,F,1,92,1,1
22,F,1,3,0,0
65,M,0,145,1,1
45,M,0,1,0,0
31,F,0,1,1,0
29,M,2,4,0,0
57,F,1,63,0,1
40,F,0,3,0,0
84,F,1,305,0,1
39,M,0,4,0,0
32,F,2,4,0,0
23,M,0,3,0,0
53,M,2,33,0,1
34,F,2,2,2,0
78,M,2,238,0,1
66,F,3,149,1,1
48,F,1,4,1,0
87,M,1,324,0,1
20,M,1,2,0,0
31,M,2,8,0,0
55,M,2,60,1,1
28,M,2,3,1,0
51,F,2,17,1,1
21,M,1,1,2,0
84,F,4,285,1,1
74,F,2,234,0,1
65,M,2,141,0,1
89,M,1,328,0,1
73,M,1,232,1,1
39,M,0,8,0,0
44,F,3,1,2,0
62,M,4,103,0,1
82,M,2,296,0,1
41,M,1,0,0,0
77,F,0,232,0,1
86,F,1,364,1,1
24,M,1,0,0,0
40,M,2,2,1,0
65,M,2,155,0,1
44,F,1,5,1,0
83,M,1,277,0,1
53,M,0,35,1,1
64,F,1,130,2,1
37,M,1,5,0,0
87,M,2,310,1,1
54,M,0,38,0,1
36,F,2,3,0,0
81,M,0,314,0,1
60,M,1,98,1,1
49,M,2,1,0,0
56,F,0,48,0,1
38,F,0,0,1,0
39,F,0,2,1,0
34,F,2,1,4,0
74,F,1,238,1,1
43,M,0,4,0,0
49,M,2,0,0,0
70,M,1,151,2,1
64,F,0,124,1,1
33,M,3,3,1,0
74,M,1,203,0,1
88,F,1,334,0,1
70,M,0,158,1,1
71,M,1,164,0,1
25,F,3,3,0,0
46,F,0,5,1,0
21,F,1,4,0,0
26,F,1,1,0,0
77,M,0,264,0,1
29,F,2,4,0,0
64,M,0,142,0,1
38,M,0,7,0,0
28,M,1,3,0,0
72,M,1,192,0,1
27,F,2,4,1,0
84,M,2,321,1,1
53,F,0,32,2,1
88,F,4,361,1,1
30,M,1,3,1,0
78,F,1,259,0,1
85,F,2,316,0,1
79,M,1,237,0,1
34,F,0,4,2,0
52,F,3,25,1,1
85,M,3,335,0,1
22,F,1,4,0,0
69,M,1,215,1,1
54,M,2,43,0,1
58,M,2,91,1,1
55,F,0,49,0,1
66,M,1,149,1,1
74,M,2,227,0,1
67,M,1,172,1,1
20,F,2,4,2,0
38,F,1,6,0,0
59,F,1,84,0,1
53,F,2,35,1,1
57,M,3,52,0,1
22,M,0,1,0,0
57,M,1,65,0,1
21,M,1,0,0,0
25,F,2,0,0,0
85,M,2,304,2,1
75,F,2,233,1,1
79,M,2,246,0,1
32,F,1,1,0,0
72,M,0,200,1,1
18,F,3,2,2,0
25,F,4,5,0,0
61,M,1,97,0,1
62,F,2,109,0,1
21,F,4,3,1,0
69,M,1,154,0,1
81,F,3,281,0,1
48,F,1,3,0,0
58,F,1,75,0,1
45,F,1,1,0,0
84,M,3,327,0,1
70,M,4,198,1,1
66,F,1,165,0,1
18,F,3,0,0,0
66,F,1,142,0,1
51,M,1,11,2,1
68,F,0,165,0,1
36,M,2,1,1,0
27,F,0,3,0,0
49,F,0,5,0,0
51,M,2,6,1,1
57,M,2,54,0,1
20,M,4,3,0,0
48,F,3,4,0,0
65,M,0,123,1,1
81,M,3,270,0,1
26,F,2,3,0,0
81,M,3,292,1,1
41,F,2,0,0,0
72,M,0,196,1,1
24,M,1,3,0,0
75,F,2,221,0,1
88,F,3,333,0,1
54,M,2,36,0,1
61,M,2,97,1,1
37,F,2,3,0,0
29,F,3,3,2,0
76,M,2,277,0,1
83,F,0,315,0,1
26,F,1,2,1,0
73,M,3,210,1,1
60,F,0,106,1,1
73,M,2,211,0,1
63,F,2,114,1,1
85,M,1,292,0,1
25,M,1,3,1,0
19,M,3,1,2,0
32,F,0,2,1,0
25,M,1,2,1,0
66,F,1,136,0,1
57,F,2,70,0,1
79,M,1,275,0,1
83,M,1,312,0,1
46,F,7,3,3,0
77,F,0,234,0,1
56,F,2,56,2,1
79,F,0,281,1,1
68,M,3,184,0,1
52,M,1,18,1,1
59,F,0,77,0,1
34,M,0,5,1,0
51,F,1,20,0,1
20,F,2,3,1,0
63,M,0,141,2,1
24,F,1,2,0,0
69,F,2,183,0,1
83,M,1,286,0,1
75,F,2,240,1,1
46,F,0,4,0,0
58,F,1,69,0,1
64,F,2,112,0,1
65,M,3,135,3,1
49,M,3,4,0,0
32,M,1,3,0,0
30,F,3,3,0,0
29,M,2,2,1,0
19,F,3,2,0,0
76,M,1,214,1,1
48,M,1,1,1,0
34,F,0,3,1,0
78,F,0,266,0,1
49,M,2,4,0,0
73,F,1,193,0,1
81,F,3,272,1,1
41,F,1,4,0,0
28,F,1,5,0,0
27,M,3,5,1,0
66,F,1,165,0,1
61,F,0,104,0,1
35,F,0,2,1,0
64,M,0,128,0,1
63,F,3,137,2,1
81,M,0,272,0,1
76,F,1,265,0,1
40,M,0,4,0,0
77,F,2,222,1,1
62,F,2,112,0,1
73,M,2,245,2,1
84,F,1,302,0,1
55,F,0,43,1,1
26,M,0,1,1,0
57,M,2,86,0,1
82,F,2,255,0,1
30,M,1,2,1,0
35,M,0,5,0,0
26,F,1,1,0,0
76,M,2,238,0,1
71,F,2,198,0,1
46,F,1,2,0,0
21,M,0,0,0,0
85,F,1,330,0,1
85,F,2,307,0,1
39,F,1,2,1,0
31,F,0,5,0,0
81,M,3,287,0,1
69,F,1,155,1,1
45,F,1,2,0,0
50,F,0,5,0,0
65,M,2,126,2,1
62,M,1,92,0,1
28,M,5,1,1,0
72,M,0,213,1,1
35,M,2,1,2,0
39,F,0,4,1,0
78,F,1,251,0,1
77,M,1,220,1,1
69,F,3,163,1,1
72,F,1,217,0,1
32,M,1,3,1,0
59,M,2,82,1,1
24,M,1,3,1,0
59,M,0,90,0,1
72,F,0,207,0,1
45,F,0,7,0,0
62,M,3,99,0,1
87,M,1,318,0,1
38,M,1,3,1,0
45,F,4,1,0,0
50,M,0,4,0,0
35,M,2,2,1,0
54,M,2,37,0,1
58,F,1,76,3,1
48,M,2,2,0,0
84,F,2,317,0,1
81,F,0,262,1,1
84,F,2,338,0,1
58,M,3,73,2,1
59,M,4,94,1,1
24,F,2,1,0,0
46,M,0,5,2,0
42,M,2,2,1,0
71,F,1,173,1,1
75,M,2,223,1,1
58,F,1,71,0,1
19,F,8,0,2,0
77,M,1,249,0,1
54,M,1,35,1,1
77,M,0,221,0,1
41,M,1,1,0,0
68,F,1,163,1,1
72,F,2,198,0,1
88,F,3,385,0,1
84,F,1,287,1,1
64,F,1,136,1,1
23,M,1,1,0,0
88,F,0,327,1,1
37,M,3,1,2,0
64,F,1,120,0,1
47,F,3,4,0,0
33,F,0,1,1,0
83,F,4,289,1,1
63,M,0,128,1,1
42,F,0,0,1,0
73,M,3,202,0,1
88,F,0,350,0,1
48,M,1,2,2,0
42,F,0,2,0,0
30,F,3,2,1,0
42,F,3,2,0,0
43,F,2,2,0,0
84,M,1,321,0,1
74,M,2,229,1,1
48,M,1,3,0,0
32,M,0,3,0,0
67,F,2,145,1,1
18,M,1,2,0,0
62,M,0,105,0,1
81,F,1,292,0,1
49,F,0,4,0,0
87,M,1,340,0,1
69,F,0,184,0,1
80,F,1,257,1,1
44,M,0,3,0,0
75,F,0,223,0,1
47,M,0,3,1,0
70,F,3,164,1,1
45,F,1,1,0,0
57,F,1,83,3,1
20,M,2,4,0,0
64,M,0,127,0,1
83,F,4,323,0,1
71,F,3,216,2,1
38,M,1,5,1,0
41,F,1,6,2,0
87,F,4,364,0,1
32,F,1,5,0,0
66,F,0,147,1,1
67,F,0,148,0,1
64,F,1,132,0,1
61,M,3,111,0,1
88,F,2,331,0,1
89,F,0,370,0,1
45,F,1,1,0,0
47,F,3,4,1,0
34,M,0,6,0,0
47,M,1,5,0,0
84,M,1,304,1,1
26,M,0,1,0,0
26,M,1,0,0,0
19,F,1,4,1,0
40,F,0,3,0,0
28,M,2,1,1,0
66,F,1,139,0,1
60,F,3,95,0,1
82,F,1,300,0,1
87,M,2,331,0,1
38,M,0,0,1,0
26,F,2,2,0,0
85,M,1,303,0,1
29,F,1,2,1,0
23,F,1,3,1,0
67,M,2,139,0,1
72,F,0,195,0,1
39,F,1,1,2,0
55,F,0,49,0,1
21,M,2,4,1,0
40,F,0,3,0,0
81,M,2,260,0,1
74,F,1,203,2,1
28,F,3,4,0,0
84,M,3,298,2,1
49,M,4,1,0,0
40,M,3,3,0,0
72,M,2,222,0,1
41,F,1,0,0,0
74,F,4,218,1,1
18,M,0,5,3,0
86,M,2,327,0,1
73,M,1,201,1,1
60,F,2,79,1,1
88,M,1,346,0,1
28,F,1,2,1,0
23,M,2,2,1,0
23,F,0,0,0,0
55,F,3,32,1,1
64,M,1,130,1,1
45,F,2,2,0,0
56,F,0,44,0,1
79,M,2,279,0,1
35,F,0,3,1,0
29,F,0,3,2,0
29,F,1,6,3,0
77,M,2,251,0,1
43,F,4,3,0,0
84,M,1,306,0,1
38,F,2,2,0,0
61,F,1,102,0,1
43,M,0,3,1,0
47,M,2,3,1,0
43,F,0,1,1,0
34,F,2,4,0,0
72,F,1,195,1,1
47,F,0,2,1,0
51,F,2,11,1,1
56,M,0,43,0,1
79,F,2,269,0,1
49,F,2,0,0,0
54,M,3,32,0,1
56,F,2,56,0,1
38,M,2,2,2,0
19,M,2,4,0,0
84,M,0,303,2,1
24,M,2,3,0,0
64,F,4,119,0,1
77,M,3,277,1,1
78,F,3,261,0,1
44,F,0,3,1,0
34,M,3,2,1,0
20,F,3,5,0,0
88,M,3,328,0,1
84,F,7,312,0,1
63,F,0,118,1,1
32,F,2,0,1,0
44,M,2,3,2,0
86,M,4,293,0,1
36,M,2,2,2,0
82,M,2,325,0,1
25,M,1,3,0,0
49,F,2,4,1,0
20,M,3,5,0,0
44,F,1,5,2,0
32,F,2,5,1,0
88,M,0,388,0,1
40,F,1,1,1,0
38,F,1,2,1,0
56,F,1,62,0,1
42,F,4,9,1,0
46,M,3,3,0,0
45,M,1,3,1,0
21,M,1,2,0,0
44,M,2,1,1,0
28,F,0,0,1,0
21,M,1,4,2,0
19,M,1,4,2,0
59,M,2,95,0,1
20,M,0,6,1,0
41,F,3,2,0,0
39,F,0,3,0,0
47,F,0,0,0,0
63,F,0,112,0,1
51,M,1,11,1,1
29,F,0,4,0,0
88,F,1,340,0,1
81,F,2,267,0,1
50,M,1,1,1,1
89,M,1,378,0,1
37,F,3,1,0,0
62,F,1,107,2,1
88,F,1,334,1,1
21,M,1,1,0,0
29,M,1,4,0,0
31,M,0,2,0,0
79,F,0,270,0,1
54,F,2,36,0,1
49,F,1,0,1,0
85,M,2,289,0,1
61,M,3,94,0,1
88,M,1,331,0,1
89,M,1,350,1,1
71,M,2,209,0,1
20,F,0,3,0,0
82,M,0,319,0,1
35,F,1,4,0,0
24,F,0,2,0,0
31,F,1,2,0,0
54,M,1,37,0,1
61,M,1,111,1,1
52,F,0,21,1,1
57,F,0,62,0,1
33,F,2,5,0,0
25,F,0,0,0,0
58,M,1,69,1,1
72,M,1,207,0,1
58,F,5,56,1,1
62,F,1,111,0,1
87,F,2,341,1,1
45,M,1,4,1,0
22,M,3,6,0,0
37,F,1,3,1,0
39,M,5,1,1,0
65,F,4,128,0,1
30,F,4,4,0,0
64,M,2,148,0,1
34,M,2,4,0,0
52,M,1,13,0,1
40,M,2,1,0,0
73,M,3,200,1,1
44,M,0,0,1,0
43,M,0,2,0,0
86,F,2,338,0,1
23,F,1,3,0,0
41,F,2,1,1,0
41,M,2,2,0,0
52,F,1,19,0,1
33,F,4,3,2,0
29,M,1,3,1,0
19,M,0,2,0,0
33,M,0,4,0,0
67,F,2,179,0,1
33,F,0,3,2,0
36,M,2,6,1,0
58,M,2,72,0,1
53,F,0,21,0,1
39,M,3,3,0,0
38,M,5,1,3,0
38,M,0,2,1,0
19,F,2,3,1,0
55,F,4,47,1,1
53,F,1,31,1,1
19,M,0,2,0,0
44,F,1,2,2,0
80,M,1,251,2,1
56,M,3,63,0,1
21,M,1,2,0,0
60,M,3,105,2,1
47,M,0,4,0,0
80,F,1,274,0,1
89,M,3,377,1,1
29,F,1,3,2,0
30,F,6,4,1,0
74,M,0,214,1,1
21,F,2,2,0,0
63,M,3,110,1,1
52,F,1,25,0,1
22,M,0,2,0,0
63,F,0,117,1,1
73,F,1,201,0,1
45,M,0,3,0,0
29,M,1,1,0,0
33,F,2,4,1,0
24,M,2,7,0,0
67,M,2,136,0,1
55,F,1,37,1,1
60,F,0,99,0,1
58,M,2,84,1,1
42,F,1,3,2,0
77,F,1,227,1,1
62,F,2,115,0,1
37,F,3,3,1,0
78,F,1,283,0,1
33,M,3,1,0,0
55,M,2,42,1,1
27,M,3,3,0,0
45,F,2,3,2,0
69,M,1,192,0,1
62,M,1,117,0,1
81,F,3,278,2,1
54,M,1,38,0,1
28,F,0,2,0,0
25,M,2,1,0,0
87,M,0,341,1,1
83,F,1,341,0,1
80,F,3,269,1,1
26,M,2,3,0,0
27,M,0,5,0,0
71,M,2,177,0,1
83,M,0,334,1,1
49,M,1,4,0,0
67,M,2,167,0,1
74,F,1,229,0,1
83,F,0,297,2,1
55,M,1,43,1,1
77,F,1,254,3,1
77,F,3,249,1,1
63,M,3,108,1,1
51,M,3,6,0,1
19,M,4,1,1,0
35,F,1,3,0,0
25,M,1,2,2,0
73,M,1,213,0,1
78,M,1,249,0,1
77,F,2,244,0,1
38,F,2,2,1,0
54,F,1,43,0,1
44,F,1,2,0,0
84,M,3,322,1,1
33,F,2,1,0,0
68,F,4,167,2,1
42,F,3,5,2,0
85,M,3,324,0,1
46,F,3,8,1,0
32,F,4,3,0,0
43,F,2,4,0,0
85,M,0,300,1,1
51,F,2,11,1,1
73,F,0,207,0,1
25,F,1,1,1,0
85,M,2,341,0,1
49,M,0,1,1,0
43,M,4,5,1,0
35,F,1,3,0,0
58,F,1,70,0,1
68,F,3,172,1,1
82,F,0,310,0,1
55,M,1,45,0,1
66,M,3,151,1,1
74,F,2,235,0,1
38,F,0,4,1,0
73,F,3,192,1,1
38,M,2,5,0,0
51,F,0,22,0,1
86,M,2,335,1,1
55,M,2,46,0,1
66,M,0,146,0,1
72,F,3,214,0,1
21,M,0,1,0,0
85,M,1,359,0,1
36,M,0,2,0,0
51,M,2,7,1,1
58,F,2,79,0,1
52,F,3,24,1,1
31,F,1,3,0,0
65,F,2,144,0,1
51,M,6,18,0,1
46,F,2,7,1,0
66,F,3,136,1,1
51,F,3,9,1,1
24,M,1,3,1,0
89,M,3,355,1,1
36,F,3,2,0,0
67,M,1,180,1,1
81,F,0,248,0,1
21,F,1,3,2,0
20,F,1,0,0,0
55,F,1,39,0,1
26,F,1,2,0,0
54,F,0,52,0,1
77,M,0,238,0,1
77,F,1,287,0,1
66,F,0,142,0,1
84,F,3,300,0,1
51,F,1,7,2,1
60,F,0,96,0,1
79,M,0,254,0,1
45,M,1,2,0,0
33,F,4,1,0,0
86,F,2,339,0,1
18,M,1,3,1,0
26,F,1,1,1,0
76,M,2,220,0,1
64,M,0,134,3,1
63,F,0,120,0,1
68,M,0,179,1,1
42,M,0,4,3,0
76,M,0,269,0,1
59,F,2,76,0,1
40,F,1,5,0,0
23,F,0,6,1,0
41,M,2,2,0,0
40,F,1,0,0,0
83,M,1,304,0,1
58,M,2,80,2,1
75,F,4,196,0,1
78,M,2,229,1,1
71,M,2,187,0,1
40,M,2,2,0,0
32,M,1,2,0,0
22,F,3,1,0,0
37,M,2,3,0,0
24,F,1,4,0,0
38,F,1,6,2,0
40,M,1,4,0,0
35,M,1,3,1,0
63,M,4,134,0,1
79,M,4,254,0,1
68,M,3,151,0,1
67,M,0,163,1,1
68,F,1,163,0,1
50,M,2,3,0,0
80,M,1,287,0,1
71,M,2,180,2,1
67,F,0,157,0,1
87,F,1,321,0,1
66,M,3,158,0,1
45,F,1,2,0,0
60,F,3,96,0,1
71,M,1,172,0,1
65,F,2,133,0,1
65,M,0,132,0,1
70,M,1,166,1,1
22,F,0,4,0,0
88,F,0,354,0,1
88,F,1,355,0,1
30,F,1,4,1,0
31,F,1,4,0,0
64,M,1,110,0,1
18,F,2,6,0,0
26,M,0,1,1,0
72,M,0,220,2,1
32,F,2,4,0,0
30,M,1,2,0,0
84,M,1,292,0,1
79,F,3,263,1,1
47,M,0,3,0,0
72,M,0,193,0,1
58,F,1,72,1,1
36,F,4,2,1,0
33,M,0,1,1,0
57,M,2,76,0,1
54,M,3,38,0,1
49,M,5,2,2,0
19,F,1,3,2,0
59,F,0,77,1,1
59,F,1,106,0,1
62,M,2,104,0,1
86,F,0,335,1,1
33,M,3,4,0,0
67,F,2,174,0,1
43,F,0,3,0,0
65,M,3,152,0,1
62,M,1,107,0,1
57,M,0,59,1,1
45,M,1,5,1,0
41,M,2,2,1,0
65,M,3,143,0,1
73,F,2,225,1,1
85,M,1,306,0,1
45,M,1,3,0,0
44,F,0,2,1,0
42,F,0,8,1,0
78,F,1,258,0,1
57,F,1,67,0,1
42,F,1,5,1,0
88,F,4,312,0,1
78,M,0,265,0,1
70,F,2,177,1,1
76,F,3,218,0,1
66,F,0,146,2,1
34,M,3,0,3,0
27,F,1,2,0,0
78,M,1,289,0,1
76,F,0,231,0,1
38,M,2,3,1,0
48,F,1,4,0,0
59,F,4,85,0,1
63,M,2,112,2,1
66,M,2,127,1,1
58,M,1,78,0,1
54,F,1,35,1,1
74,F,0,207,2,1
18,F,1,2,0,0
20,M,2,2,1,0
85,M,2,319,0,1
25,F,2,3,0,0
27,F,0,2,0,0
38,M,0,2,1,0
52,M,2,15,0,1
32,M,2,4,1,0
22,M,0,3,0,0
67,F,1,159,0,1
70,F,1,162,2,1
26,F,4,3,3,0
24,F,1,4,0,0
24,F,0,4,0,0
34,F,4,2,0,0
56,M,1,52,0,1
80,F,3,269,0,1
22,M,1,5,1,0
26,F,0,2,0,0
75,F,1,213,0,1
49,F,1,1,0,0
41,M,2,1,2,0
79,F,2,249,1,1
39,M,1,5,0,0
80,M,0,316,0,1
61,M,1,132,1,1
33,M,3,2,0,0
88,F,1,353,0,1
80,M,3,285,1,1
38,M,0,5,1,0
63,M,1,111,0,1
34,M,1,3,0,0
34,M,1,2,0,0
44,F,0,1,0,0
42,F,0,8,0,0
74,F,3,234,1,1
38,M,1,1,0,0
85,F,1,312,0,1
63,M,3,125,1,1
29,M,1,4,1,0
23,M,1,2,4,0
20,M,1,2,0,0
84,F,1,324,0,1
40,F,0,2,0,0
43,M,1,7,1,0
41,F,1,3,0,0
71,F,4,173,2,1
71,M,0,207,0,1
70,F,2,178,1,1
67,F,1,151,0,1
74,M,0,216,0,1
71,F,0,198,0,1
31,F,1,2,1,0
46,M,3,3,2,0
32,M,1,2,0,0
48,M,2,1,0,0
71,M,2,187,1,1
85,M,1,317,1,1
80,F,2,239,0,1
21,F,3,2,0,0
40,M,1,2,0,0
19,M,2,6,1,0
48,M,1,2,1,0
19,M,2,3,0,0
75,F,2,225,0,1
76,M,2,217,0,1
86,F,1,298,1,1
55,M,2,55,1,1
35,M,2,2,0,0
68,M,2,139,0,1
32,M,2,4,0,0
65,M,1,138,0,1
63,F,1,118,2,1
76,F,3,238,1,1
47,F,0,4,0,0
56,F,1,58,1,1
81,F,2,285,0,1
41,M,2,1,1,0
79,M,1,289,0,1
26,M,3,4,1,0
84,M,4,295,0,1
47,M,1,5,1,0
43,M,2,2,0,0
32,F,1,1,1,0
50,M,0,3,1,1
84,M,2,282,1,1
88,M,2,344,1,1
72,F,0,201,2,1
86,M,0,303,0,1
38,M,1,3,0,0
81,M,1,266,0,1
54,F,4,44,1,1
18,M,1,4,0,0
51,M,1,7,1,1
88,F,1,374,0,1
61,M,3,85,0,1
30,M,2,3,3,0
86,M,2,325,0,1
88,M,3,357,0,1
37,F,3,1,1,0
64,F,3,111,2,1
62,F,1,121,0,1
20,M,1,2,2,0
54,M,2,39,0,1
25,F,1,1,1,0
86,F,2,350,2,1
18,F,0,3,0,0
33,M,3,1,2,0
38,F,1,2,2,0
64,M,0,120,0,1
34,M,0,3,0,0
24,M,1,4,1,0
85,F,3,325,0,1
57,F,1,65,2,1
32,F,3,3,1,0
87,M,1,350,0,1
85,M,0,317,1,1
69,M,0,186,0,1
28,M,2,0,0,0
20,M,0,3,0,0
19,F,2,3,0,0
88,M,4,322,1,1
60,M,2,98,1,1
56,M,1,47,2,1
68,M,0,179,0,1
59,M,5,74,1,1
59,F,1,82,1,1
86,M,2,343,0,1
89,M,3,329,3,1
60,M,0,106,0,1
62,M,1,104,0,1
33,M,2,3,1,0
46,M,1,1,0,0
48,F,0,1,0,0
85,M,0,318,0,1
71,F,2,213,1,1
65,M,2,133,0,1
46,M,2,5,1,0
79,F,1,269,2,1
30,M,0,2,0,0
50,M,0,4,1,1
46,M,0,2,0,0
76,M,1,213,0,1
25,F,1,4,1,0
28,M,1,3,0,0
25,F,1,1,2,0
69,F,1,188,3,1
26,M,1,2,0,0
85,M,1,323,0,1
54,F,0,36,0,1
34,F,1,0,0,0
41,F,0,3,0,0
33,F,0,0,2,0
30,M,1,2,0,0
23,F,9,5,0,0
71,M,3,207,0,1
20,F,2,4,1,0
62,F,0,122,1,1
61,M,0,86,0,1
77,F,0,237,1,1
35,F,2,2,0,0
29,M,1,3,0,0
48,M,1,2,1,0
62,M,1,101,1,1
34,M,0,2,0,0
36,F,0,3,0,0
71,M,2,171,0,1
53,M,3,29,1,1
82,F,1,269,1,1
50,F,0,1,0,0
65,F,0,160,0,1
59,F,0,88,1,1
29,F,1,1,0,0
59,M,2,96,0,1
72,M,2,209,1,1
84,F,3,316,0,1
21,F,2,1,0,0
62,M,2,134,0,1
57,M,2,71,0,1
43,M,1,3,1,0
40,F,0,1,2,0
75,M,1,244,1,1
50,M,1,3,0,0
29,M,0,2,1,0
77,F,2,246,0,1
73,F,2,207,0,1
66,M,1,132,0,1
59,F,2,92,1,1
76,F,2,219,1,1
36,F,3,0,0,0
78,F,2,242,1,1
72,F,1,193,1,1
62,F,3,110,0,1
26,M,1,3,0,0
41,M,4,4,0,0
20,F,1,5,0,0
37,F,0,1,0,0
37,F,1,1,1,0
55,F,1,44,2,1
54,M,3,43,0,1
73,M,2,206,0,1
63,F,1,138,0,1
54,F,2,49,1,1
40,M,4,3,2,0
67,M,1,153,0,1
59,M,1,101,1,1
62,M,0,95,0,1
88,F,2,351,1,1
22,F,0,3,2,0
89,M,1,365,2,1
85,F,3,351,0,1
69,F,1,181,1,1
55,M,3,34,1,1
39,F,1,6,1,0
47,F,0,4,1,0
52,M,2,24,0,1
48,M,1,3,0,0
76,M,1,249,0,1
52,F,1,16,0,1
81,F,1,292,0,1
80,M,5,266,1,1
86,M,0,303,3,1
76,M,2,252,2,1
45,F,0,4,0,0
41,F,0,6,1,0
42,F,1,0,0,0
59,F,1,87,0,1
42,M,4,3,0,0
72,M,0,211,0,1
74,M,1,233,1,1
42,F,2,2,1,0
86,M,2,312,0,1
63,M,0,136,0,1
58,M,0,79,0,1
64,M,1,154,2,1
49,M,2,2,2,0
33,M,4,3,1,0
65,F,0,129,0,1
37,M,1,3,1,0
48,F,3,3,0,0
49,F,3,2,0,0
59,F,1,99,0,1
82,M,0,266,0,1
31,M,3,2,2,0
66,F,1,142,0,1
25,F,2,2,0,0
50,F,2,3,2,1
47,F,0,6,0,0
58,F,3,102,0,1
37,F,4,3,2,0
72,F,3,201,1,1
28,M,4,3,1,0
25,M,0,3,1,0
87,M,1,303,1,1
50,F,1,3,1,1
68,F,0,178,2,1
48,M,1,3,0,0
45,F,0,2,0,0
27,F,4,1,0,0
89,M,1,334,1,1
42,M,2,2,0,0
25,F,0,1,0,0
85,M,2,331,0,1
43,F,0,2,3,0
29,M,1,3,0,0
81,M,2,273,1,1
24,M,0,7,0,0
87,M,2,328,0,1
88,F,4,324,0,1
75,M,2,228,0,1
42,M,0,5,0,0
31,F,0,3,0,0
21,F,2,6,0,0
58,F,1,62,1,1
38,M,1,4,0,0
23,M,0,3,0,0
71,M,5,174,0,1
22,F,0,6,0,0
81,M,0,276,0,1
80,F,0,264,1,1
71,F,1,202,1,1
18,F,0,1,0,0
58,M,1,58,0,1
24,M,1,8,0,0
35,F,2,2,0,0
25,M,1,2,1,0
29,F,2,3,0,0
69,M,2,183,0,1
75,M,1,238,1,1
63,M,3,127,1,1
26,M,3,4,1,0
33,M,2,0,1,0
59,F,5,102,0,1
47,M,0,0,1,0
53,M,2,34,1,1
86,M,1,310,1,1
87,M,3,356,1,1
33,M,0,3,1,0
32,M,2,3,0,0
22,F,0,1,0,0
63,F,0,136,0,1
64,M,1,128,1,1
80,M,5,269,1,1
25,F,1,4,0,0
56,F,0,47,1,1
58,F,0,67,0,1
55,M,1,34,1,1
36,M,1,1,1,0
18,F,1,1,1,0
20,F,0,2,0,0
78,F,5,253,0,1
65,F,1,128,1,1
80,F,2,279,0,1
72,M,1,206,1,1
86,F,0,310,0,1
40,M,3,7,0,0
41,F,3,2,1,0
29,M,3,1,0,0
33,F,0,4,0,0
88,M,1,351,2,1
29,F,4,4,0,0
35,F,2,4,0,0
78,M,3,250,1,1
35,M,0,5,0,0
30,M,1,0,2,0
44,F,2,5,0,0
76,F,3,238,0,1
35,F,1,3,2,0
57,F,0,76,2,1
35,M,0,5,0,0
86,M,0,311,1,1
84,M,0,351,0,1
56,M,1,56,1,1
23,F,1,2,0,0
80,F,3,298,1,1
78,F,2,290,1,1
52,F,1,28,0,1
56,F,1,68,1,1
51,M,1,16,0,1
20,M,5,1,0,0
44,F,0,3,2,0
28,M,1,6,2,0
69,F,2,165,1,1
65,M,2,152,0,1
62,F,1,125,0,1
58,M,4,73,2,1
45,F,2,3,0,0
35,F,2,1,1,0
18,F,3,0,0,0
38,M,0,5,1,0
50,M,1,1,0,0
84,F,0,328,0,1
54,F,0,26,1,1
71,F,3,169,1,1
50,M,1,0,0,1
65,M,3,151,1,1
46,F,2,3,1,0
84,M,1,283,0,1
25,F,2,2,0,0
34,M,0,5,0,0
74,F,1,228,1,1
41,F,3,4,0,0
61,M,1,87,1,1
78,M,2,230,0,1
81,M,0,292,0,1
49,F,1,1,0,0
38,M,3,2,1,0
50,M,1,3,1,0
31,F,4,3,1,0
76,F,1,246,0,1
88,M,2,357,0,1
89,F,1,367,1,1
38,M,1,4,0,0
81,M,1,292,0,1
89,M,3,350,1,1
73,M,0,211,1,1
60,F,0,95,0,1
50,M,1,3,0,0
45,F,3,3,0,0
68,F,1,146,1,1
38,M,1,2,1,0
34,M,2,4,1,0
53,M,1,24,0,1
36,F,1,3,0,0
27,F,1,1,1,0
32,F,2,1,0,0
83,M,1,298,0,1
67,M,2,178,1,1
52,M,1,34,0,1
86,M,1,355,0,1
56,M,1,62,0,1
72,M,3,222,1,1
27,M,0,4,0,0
37,M,1,1,0,0
20,F,1,2,1,0
65,M,1,129,0,1
76,F,0,243,0,1
43,M,2,2,1,0
47,M,2,1,1,0
77,M,1,249,0,1
21,M,1,5,1,0
52,M,0,26,0,1
46,F,0,4,2,0
35,F,1,2,1,0
43,M,1,1,0,0
38,F,3,2,0,0
72,M,3,214,0,1
24,F,2,1,1,0
23,F,0,1,1,0
44,M,0,3,0,0
26,M,3,4,1,0
42,M,0,6,0,0
75,M,1,219,0,1
50,M,2,6,1,1
66,F,1,142,0,1
65,F,0,122,0,1
57,M,4,65,1,1
84,F,1,287,1,1
65,F,1,118,3,1
76,F,0,220,0,1
86,M,4,327,1,1
59,M,1,78,0,1
39,M,0,3,1,0
44,F,1,0,0,0
18,F,2,0,0,0
30,M,1,2,0,0
34,M,0,2,0,0
60,F,0,95,0,1
23,M,1,2,0,0
22,M,0,1,2,0
26,M,3,6,2,0
21,M,2,2,1,0
80,M,4,256,1,1
64,M,1,141,1,1
62,M,1,118,0,1
29,M,2,2,1,0
57,M,2,66,0,1
79,M,1,259,1,1
38,F,0,7,0,0
66,F,2,142,0,1
51,M,0,11,0,1
55,M,1,49,1,1
68,F,0,172,0,1
85,M,2,316,0,1
45,F,1,2,0,0
27,F,3,1,2,0
81,F,0,273,0,1
40,F,0,2,0,0
84,F,0,309,2,1
54,M,1,43,1,1
37,M,0,1,0,0
87,M,3,337,0,1
30,F,1,2,0,0
23,F,1,2,0,0
36,F,4,1,0,0
61,M,3,101,0,1
72,F,0,187,0,1
84,M,1,293,0,1
66,M,0,136,3,1
28,M,0,6,1,0
55,F,2,52,1,1
68,M,0,173,0,1
80,F,4,256,1,1
67,F,1,134,1,1
75,F,1,222,0,1
43,M,1,1,0,0
46,M,0,4,0,0
56,M,1,48,1,1
34,F,2,3,1,0
85,F,2,350,2,1
70,F,1,213,0,1
51,F,2,10,0,1
48,F,1,1,1,0
50,F,1,2,0,0
19,M,1,4,0,0
58,M,2,73,1,1
80,M,4,284,1,1
20,M,1,6,2,0
88,F,0,348,0,1
76,M,2,247,1,1
28,M,4,3,1,0
21,M,1,5,0,0
70,F,1,190,1,1
88,M,1,362,0,1
43,M,2,3,0,0
87,M,1,356,0,1
89,F,1,333,0,1
76,F,0,256,0,1
83,F,2,287,0,1
82,M,2,291,0,1
18,M,0,2,1,0
62,M,2,116,1,1
19,F,0,5,1,0
40,F,3,0,0,0
27,F,1,5,1,0
61,F,0,129,2,1
71,F,0,197,1,1
66,F,3,140,1,1
35,M,0,4,0,0
28,M,1,3,2,0
22,F,0,2,1,0
73,F,2,212,1,1
56,M,2,62,0,1
39,M,1,5,0,0
40,M,2,0,0,0
54,M,3,35,2,1
45,F,0,6,0,0
37,F,4,3,0,0
41,F,1,4,0,0
38,F,3,4,0,0
87,M,0,315,0,1
81,M,2,285,0,1
67,F,1,161,0,1
73,M,2,214,2,1
23,F,1,1,0,0
22,M,0,4,2,0
30,M,0,1,0,0
73,M,1,228,0,1
77,F,0,229,0,1
84,F,1,329,0,1
24,F,2,6,0,0
68,M,1,161,1,1
19,F,2,2,0,0
67,F,1,151,0,1
38,F,2,2,0,0
37,F,1,5,0,0
28,M,1,2,0,0
68,F,0,159,1,1
67,F,4,161,1,1
45,M,1,3,0,0
31,F,1,5,0,0
84,F,1,342,0,1
39,F,1,2,0,0
68,F,2,164,0,1
44,F,0,4,0,0
41,F,3,2,1,0
48,F,0,3,2,0
81,F,1,254,1,1
41,F,2,3,0,0
73,F,2,212,1,1
75,M,1,202,0,1
32,M,0,8,0,0
60,F,1,87,0,1
33,F,1,3,1,0
21,M,3,3,1,0
18,F,4,5,4,0
48,M,1,4,0,0
73,M,3,232,2,1
35,M,1,4,1,0
24,F,2,1,1,0
49,M,4,0,0,0
37,F,1,3,1,0
32,F,1,3,0,0
71,F,0,182,0,1
22,M,2,2,0,0
40,M,1,4,2,0
78,F,1,267,0,1
38,F,0,3,0,0
47,F,2,1,0,0
22,F,3,1,2,0
29,M,0,3,0,0
21,M,2,7,1,0
54,M,1,33,1,1
59,F,1,91,0,1
49,F,3,4,0,0
27,F,1,1,0,0
33,M,1,3,0,0
87,F,3,348,1,1
71,F,2,210,0,1
19,F,1,2,1,0
89,F,1,355,0,1
40,F,1,3,0,0
52,M,2,19,0,1
31,M,2,5,0,0
52,M,0,21,0,1
82,F,0,280,0,1
31,F,2,3,1,0
72,F,1,186,1,1
79,F,1,257,0,1
26,M,1,2,0,0
32,F,1,1,0,0
22,F,2,5,1,0
62,F,0,118,0,1
23,M,4,5,1,0
33,F,1,3,0,0
71,M,1,189,0,1
89,M,2,341,1,1
71,F,0,162,0,1
71,F,0,190,0,1
63,M,3,110,1,1
50,F,0,3,0,0
53,F,2,26,0,1
62,M,0,112,0,1
51,F,4,12,0,1
21,M,5,0,0,0
60,M,1,84,0,1
32,M,1,1,1,0
25,F,1,0,1,0
45,M,1,0,0,0
75,F,2,237,2,1
54,F,2,49,0,1
73,M,3,220,2,1
69,F,0,174,0,1
67,M,2,157,0,1
33,M,1,2,1,0
34,F,2,3,1,0
54,F,0,33,0,1
33,M,2,3,1,0
83,F,2,304,0,1
88,M,1,356,0,1
81,M,0,277,0,1
86,M,1,305,1,1
66,M,0,143,0,1
71,F,1,178,1,1
60,M,0,92,0,1
74,F,1,247,0,1
28,F,1,1,0,0
50,M,1,5,0,0
64,M,3,133,0,1
81,M,0,285,1,1
67,M,1,138,0,1
67,F,1,161,0,1
28,M,2,2,0,0
49,M,0,3,0,0
46,M,2,3,0,0
67,F,1,138,0,1
32,F,1,2,0,0
23,M,2,4,1,0
41,F,2,1,0,0
46,F,1,5,0,0
28,F,1,6,2,0
78,F,2,264,0,1
65,F,1,135,1,1
52,F,2,13,2,1
51,F,1,14,1,1
58,M,0,62,1,1
28,M,1,6,0,0
58,F,1,87,2,1
26,F,4,2,0,0
85,F,2,328,1,1
86,F,2,329,1,1
32,F,0,2,0,0
30,M,0,3,0,0
67,F,3,147,3,1
62,F,0,94,0,1
50,F,1,0,0,0
78,F,3,257,0,1
34,F,2,1,0,0
82,F,3,280,2,1
21,M,1,5,1,0
82,F,1,307,0,1
61,M,2,107,2,1
22,F,0,7,0,0
31,F,0,2,2,0
87,M,1,348,0,1
59,M,1,82,1,1
58,M,0,72,0,1
48,F,3,4,0,0
73,F,2,213,0,1
47,M,4,1,1,0
28,F,1,1,0,0
81,M,0,235,0,1
31,F,2,5,0,0
24,M,2,5,2,0
80,F,0,262,0,1
58,M,1,79,0,1
68,M,1,181,2,1
47,M,0,3,1,0
70,F,1,174,2,1
28,F,1,2,0,0
70,M,2,190,1,1
46,F,4,7,1,0
85,F,2,346,0,1
80,M,2,274,0,1
59,F,2,84,0,1
32,M,0,3,1,0
62,F,1,128,0,1
66,F,2,147,0,1
86,M,3,326,0,1
37,F,0,4,0,0
60,M,1,103,0,1
55,F,3,40,2,1
66,F,1,142,0,1
57,F,2,71,0,1
26,F,1,3,1,0
23,M,0,4,1,0
70,M,2,151,0,1
76,F,2,262,0,1
89,M,4,381,1,1
45,M,1,5,0,0
30,F,0,2,1,0
33,F,1,2,0,0
26,F,2,4,1,0
32,F,1,6,1,0
50,M,0,3,2,1
88,M,3,319,1,1
34,M,0,2,2,0
85,F,1,284,0,1
42,M,1,3,0,0
51,M,4,10,1,1
79,F,1,265,2,1
37,M,1,5,0,0
80,F,2,254,0,1
68,F,3,148,0,1
34,M,2,1,1,0
21,F,1,0,0,0
19,F,2,4,3,0
79,F,1,260,0,1
27,M,1,1,1,0
18,F,2,2,1,0
75,F,2,241,1,1
21,F,2,2,0,0
57,M,1,74,1,1
42,F,1,7,0,0
63,F,5,119,0,1
50,F,1,1,1,0
60,M,0,99,2,1
18,M,1,2,0,0
49,F,1,1,0,0
38,M,2,1,0,0
74,M,0,198,1,1
88,F,4,341,0,1
43,M,2,3,0,0
73,F,1,220,0,1
33,F,0,2,0,0
22,F,1,3,0,0
70,F,2,173,1,1
81,F,3,265,0,1
82,M,2,284,1,1
51,M,2,15,0,1
82,M,2,294,1,1
89,M,1,347,0,1
26,F,2,1,2,0
41,F,1,5,0,0
22,M,3,1,0,0
40,F,3,5,1,0
38,M,1,4,0,0
66,M,4,163,1,1
82,F,2,281,0,1
53,F,3,30,0,1
21,F,5,2,0,0
37,F,1,1,0,0
60,M,0,94,0,1
55,M,3,54,1,1
58,M,1,73,0,1
63,F,1,134,0,1
89,F,6,360,0,1
40,F,1,3,0,0
67,F,2,172,0,1
77,M,0,252,0,1
88,M,4,347,0,1
71,M,1,190,1,1
18,F,1,3,1,0
72,M,0,201,0,1
81,F,1,285,1,1
65,F,2,116,1,1
81,F,2,332,0,1
34,M,0,2,1,0
75,F,1,220,1,1
68,M,0,161,1,1
45,M,2,2,1,0
30,M,1,2,0,0
43,M,2,1,0,0
28,F,3,3,0,0
63,M,0,117,0,1
54,M,3,39,1,1
45,F,0,8,1,0
30,M,1,3,1,0
52,F,0,23,0,1
27,M,2,1,1,0
65,M,1,129,0,1
60,F,0,100,0,1
63,F,2,116,0,1
88,M,2,324,0,1
29,M,1,3,1,0
21,F,1,2,0,0
18,M,0,2,0,0
49,F,1,5,2,0
27,F,1,3,0,0
24,F,1,4,1,0
74,F,2,224,0,1
56,F,1,56,1,1
52,F,1,15,1,1
59,M,3,90,0,1
88,M,0,352,0,1
53,M,2,30,0,1
57,F,1,60,0,1
20,M,1,2,0,0
84,F,4,301,1,1
68,M,2,147,1,1
69,M,0,155,1,1
54,M,1,40,0,1
19,M,2,3,2,0
59,M,4,95,1,1
29,M,2,2,1,0
66,M,2,158,0,1
26,F,2,5,0,0
83,M,0,288,0,1
72,F,3,208,0,1
49,F,2,4,0,0
30,F,1,2,0,0
83,M,1,303,3,1
79,F,1,274,1,1
30,F,1,1,0,0
35,M,1,2,1,0
50,F,2,2,0,0
70,M,3,199,0,1
30,M,2,1,1,0
87,F,4,306,1,1
44,M,1,0,1,0
60,F,0,96,2,1
83,M,1,316,1,1
26,F,0,4,0,0
88,F,1,348,0,1
43,M,2,2,0,0
52,M,2,28,0,1
24,M,0,4,0,0
37,F,0,4,1,0
75,F,2,219,1,1
41,F,0,6,1,0
85,M,4,326,2,1
82,F,5,276,0,1
56,M,2,57,0,1
49,M,3,6,0,0
30,M,2,5,0,0
32,F,2,2,0,0
83,M,0,293,1,1
78,M,3,250,0,1
19,M,0,7,0,0
54,F,0,35,0,1
89,F,0,339,1,1
48,M,4,0,0,0
62,F,0,125,0,1
83,M,0,306,0,1
25,M,2,4,0,0
71,F,5,189,0,1
56,F,2,60,0,1
19,M,0,4,0,0
66,M,1,153,1,1
87,M,2,330,0,1
65,F,1,140,0,1
50,F,1,5,1,1
42,F,3,4,1,0
30,M,0,3,0,0
65,M,3,117,1,1
83,M,1,284,2,1
35,M,3,6,1,0
48,M,1,3,0,0
72,M,3,201,0,1
67,F,0,141,1,1
57,F,2,58,0,1
72,M,2,198,1,1
89,M,1,323,0,1
32,F,3,3,0,0
24,F,1,7,1,0
88,F,0,335,0,1
35,F,3,1,0,0
58,M,2,84,1,1
79,M,3,268,0,1
22,M,2,2,0,0
65,M,0,152,0,1
56,M,0,45,0,1
61,F,0,87,1,1
19,M,1,3,0,0
65,F,3,143,1,1
88,F,1,374,1,1
76,M,1,226,0,1
65,F,1,116,0,1
26,F,3,2,0,0
45,F,6,2,1,0
41,F,1,4,1,0
75,M,1,199,1,1
63,F,1,124,1,1
75,M,2,217,0,1
44,F,0,4,0,0
68,M,3,170,0,1
44,M,0,8,0,0
34,M,3,3,0,0
45,M,1,5,0,0
24,F,0,8,0,0
81,F,0,277,1,1
79,M,1,286,2,1
43,F,0,3,1,0
81,M,0,300,1,1
39,F,0,3,1,0
42,F,2,3,0,0
29,F,1,3,1,0
45,M,0,2,0,0
53,F,0,27,0,1
47,M,0,2,1,0
83,M,1,288,2,1
37,M,1,5,0,0
59,M,2,103,0,1
85,F,0,329,1,1
44,M,2,1,0,0
56,F,2,53,1,1
81,F,2,301,0,1
69,F,0,169,2,1
66,M,3,142,1,1
61,F,0,118,0,1
35,M,0,1,1,0
24,F,2,2,0,0
42,F,0,2,1,0
23,M,1,3,0,0
59,F,1,92,0,1
28,F,2,3,0,0
60,M,1,79,1,1
53,F,2,37,0,1
89,F,1,370,0,1
63,M,2,97,1,1
86,M,3,346,1,1
89,F,3,382,1,1
34,F,3,2,1,0
82,F,0,279,0,1
54,M,0,45,0,1
71,F,1,179,1,1
46,F,2,3,0,0
45,M,3,4,0,0
19,M,0,2,2,0
42,M,0,2,0,0
36,F,0,2,0,0
68,M,0,180,0,1
48,F,1,5,0,0
42,F,0,6,0,0
25,F,3,1,1,0
73,M,1,213,0,1
53,F,0,26,0,1
70,F,0,196,0,1
38,F,2,4,0,0
26,M,3,1,2,0
29,M,2,3,1,0
75,M,5,241,2,1
66,F,1,133,0,1
24,F,0,3,0,0
31,M,0,1,0,0
40,F,0,3,1,0
59,M,3,85,1,1
88,M,1,361,1,1
69,F,3,194,0,1
64,F,2,128,0,1
41,F,1,2,0,0
79,M,0,282,1,1
85,F,3,351,1,1
84,F,3,297,1,1
75,F,2,198,0,1
37,F,2,3,2,0
21,F,2,6,1,0
75,M,0,240,0,1
46,F,2,3,1,0
44,F,0,1,0,0
72,M,3,196,1,1
22,M,0,4,0,0
21,M,3,5,0,0
25,M,2,2,0,0
33,F,1,1,2,0
27,F,5,3,2,0
63,F,0,110,0,1
63,F,1,127,0,1
71,M,4,187,2,1
64,F,0,117,1,1
56,F,1,52,0,1
79,M,3,263,1,1
71,F,4,162,0,1
39,F,3,1,1,0
32,F,1,7,0,0
72,M,5,197,2,1
47,F,0,6,0,0
37,M,1,4,1,0
37,F,1,5,0,0
40,F,0,6,0,0
23,M,2,3,0,0
65,M,0,142,1,1
48,F,1,6,1,0
46,M,2,4,0,0
29,F,1,2,1,0
89,M,1,357,0,1
71,F,0,172,1,1
40,F,2,5,0,0
29,F,2,4,0,0
35,M,1,0,2,0
50,M,1,4,1,1
81,F,2,310,1,1
74,M,2,237,1,1
80,F,4,280,2,1
52,F,2,26,0,1
29,M,1,5,1,0
33,M,2,1,0,0
42,F,2,0,0,0
24,F,0,4,0,0
54,F,6,42,0,1
18,F,5,4,1,0
22,F,0,4,1,0
65,M,1,158,0,1
44,F,3,3,1,0
86,M,2,343,0,1
73,M,4,205,0,1
38,M,5,1,0,0
73,M,1,213,0,1
63,F,2,136,0,1
28,M,0,2,2,0
59,F,1,82,0,1
39,M,1,3,1,0
22,M,1,5,0,0
37,F,1,4,0,0
33,M,4,5,1,0
67,F,2,166,0,1
48,F,0,3,0,0
27,M,1,3,2,0
50,M,2,7,1,1
88,F,2,375,0,1
70,F,1,194,1,1
26,M,3,4,1,0
33,F,2,2,0,0
56,M,1,51,1,1
56,M,1,60,0,1
68,M,2,143,0,1
40,M,3,2,1,0
86,M,2,329,0,1
40,F,0,5,1,0
62,M,0,123,0,1
55,F,0,44,0,1
79,M,2,280,2,1
43,F,0,1,0,0
56,M,1,56,1,1
78,M,0,257,0,1
33,M,1,2,0,0
53,F,0,24,1,1
48,M,2,5,0,0
35,F,3,3,1,0
61,F,1,109,1,1
19,M,5,0,1,0
56,F,0,55,1,1
84,F,0,281,0,1
74,M,4,232,0,1
65,M,3,141,0,1
56,F,1,39,0,1
83,M,1,280,0,1
45,F,3,3,0,0
30,M,0,3,0,0
55,M,5,52,0,1
59,F,3,86,2,1
55,M,1,44,0,1
67,M,4,140,0,1
18,M,2,2,0,0
36,M,1,2,0,0
41,M,2,2,0,0
63,M,4,115,1,1
59,M,1,78,1,1
84,M,2,291,0,1
69,F,1,169,0,1
45,M,2,1,0,0
48,M,3,5,0,0
80,M,2,279,2,1
71,F,1,213,0,1
21,F,1,2,0,0
54,F,0,33,1,1
35,F,2,3,1,0
44,M,0,2,1,0
80,M,3,256,1,1
35,M,2,3,1,0
50,F,0,4,0,0
75,M,2,223,2,1
75,M,4,222,1,1
84,F,1,316,1,1
67,M,2,154,0,1
70,F,3,180,1,1
46,F,1,0,1,0
33,M,3,1,0,0
68,M,0,163,0,1
68,M,0,167,0,1
72,F,0,204,0,1
54,F,0,31,0,1
23,F,3,1,3,0
84,F,2,323,0,1
66,F,2,139,0,1
18,F,0,3,0,0
31,M,2,5,0,0
73,F,0,233,0,1
67,F,2,143,1,1
51,M,1,15,1,1
48,M,0,2,0,0
79,M,0,292,0,1
64,F,1,116,1,1
61,M,1,85,0,1
30,M,2,3,1,0
18,M,3,4,0,0
73,M,2,226,0,1
67,F,3,152,0,1
85,M,3,334,1,1
56,M,1,60,0,1
67,M,0,147,1,1
35,M,0,0,1,0
51,M,0,12,0,1
26,M,2,5,0,0
26,M,3,2,0,0
46,F,0,2,1,0
24,F,1,3,1,0
58,M,2,91,1,1
36,F,1,3,1,0
52,F,2,24,1,1
69,F,2,199,1,1
19,M,2,6,1,0
48,M,1,3,0,0
28,F,0,3,1,0
25,F,0,6,0,0
67,F,1,127,0,1
52,F,3,23,1,1
57,F,2,68,1,1
72,F,2,208,2,1
71,F,1,202,1,1
24,F,1,4,2,0
47,M,3,2,1,0
55,M,2,42,0,1
36,F,3,3,1,0
57,F,1,72,0,1
75,F,3,244,1,1
68,F,0,159,2,1
33,M,4,2,1,0
63,F,1,114,0,1
22,F,3,1,1,0
31,F,2,2,0,0
44,M,2,4,0,0
55,M,0,49,1,1
50,M,4,5,1,0
35,F,0,2,0,0
33,M,0,4,0,0
41,F,0,6,0,0
86,M,3,322,0,1
48,F,0,5,0,0
34,F,2,7,0,0
63,M,2,130,0,1
26,M,2,2,1,0
22,F,4,3,0,0
65,M,3,132,1,1
19,M,0,3,0,0
28,F,2,5,1,0
38,F,2,2,0,0
38,F,2,5,0,0
61,F,1,100,0,1
47,M,0,4,1,0
62,F,1,110,0,1
37,M,3,3,0,0
33,F,0,7,0,0
65,M,3,142,3,1
24,M,0,3,2,0
28,F,1,1,0,0
53,F,2,31,0,1
64,F,4,146,0,1
54,F,1,29,1,1
26,M,3,2,1,0
82,F,1,288,1,1
59,F,3,80,0,1
60,M,0,92,0,1
88,F,1,329,0,1
70,M,2,190,1,1
74,F,0,211,1,1
25,F,0,2,0,0
86,M,2,328,0,1
82,F,1,320,0,1
57,M,4,59,1,1
59,M,0,91,0,1
29,M,0,3,1,0
39,F,0,3,0,0
44,M,4,5,0,0
50,F,0,5,0,0
73,F,1,197,0,1
80,M,1,258,0,1
27,F,0,2,0,0
58,F,1,80,1,1
65,M,3,129,1,1
23,F,3,2,1,0
41,F,3,5,2,0
83,M,0,279,0,1
84,M,1,298,1,1
70,M,1,177,1,1
43,F,1,4,1,0
35,F,2,1,0,0
41,F,1,0,1,0
57,M,1,68,0,1
37,F,5,6,2,0
48,F,3,0,1,0
56,M,1,49,0,1
69,M,1,161,0,1
86,M,3,332,0,1
21,F,0,3,1,0
56,F,1,71,1,1
59,F,1,87,0,1
71,M,2,204,0,1
29,M,3,2,0,0
55,M,0,40,1,1
26,M,1,1,0,0
23,M,2,3,0,0
36,F,2,0,0,0
60,F,1,102,0,1
50,F,1,3,2,1
60,F,1,100,0,1
51,F,3,12,0,1
60,M,2,97,1,1
64,M,3,124,0,1
39,M,1,4,0,0
31,F,3,2,0,0
37,M,2,1,0,0
83,M,2,295,0,1
41,F,2,4,0,0
86,F,1,353,0,1
20,F,4,5,0,0
77,M,3,259,1,1
29,M,1,4,0,0
24,M,1,5,1,0
38,M,1,3,0,0
25,M,1,1,0,0
54,F,1,38,0,1
69,M,3,162,1,1
83,M,1,308,0,1
56,M,1,46,0,1
68,M,1,183,1,1
66,F,2,142,2,1
55,F,1,46,0,1
84,F,3,314,1,1
69,M,2,169,1,1
29,M,1,1,0,0
50,F,2,1,0,0
66,F,0,164,1,1
21,F,2,5,0,0
27,F,1,4,0,0
67,M,0,167,0,1
50,M,3,1,1,0
68,F,2,151,0,1
36,F,1,1,1,0
65,M,2,152,1,1
88,M,2,350,0,1
79,F,1,286,0,1
40,F,2,0,0,0
74,F,2,214,0,1
83,M,1,275,2,1
77,F,2,234,0,1
67,M,2,148,0,1
21,M,0,6,1,0
68,M,0,193,1,1
89,F,0,335,0,1
43,F,1,3,0,0
60,F,1,87,0,1
40,M,0,1,0,0
60,M,0,98,0,1
40,M,0,0,0,0
62,F,1,111,2,1
48,F,4,4,0,0
37,F,2,4,0,0
70,M,1,172,2,1
39,M,2,2,0,0
55,M,0,46,0,1
81,M,2,306,1,1
83,F,1,306,0,1
61,M,1,104,0,1
78,F,2,248,1,1
87,M,0,340,0,1
36,M,0,5,0,0
33,F,2,5,0,0
36,F,2,6,0,0
60,F,2,77,1,1
25,F,0,3,0,0
61,F,2,124,0,1
37,F,2,2,0,0
20,M,5,5,2,0
18,M,2,4,1,0
63,M,2,99,1,1
49,M,2,1,0,0
45,F,2,2,1,0
44,F,1,4,1,0
48,F,1,3,2,0
60,F,2,111,0,1
31,M,3,1,0,0
89,M,0,391,0,1
60,F,0,82,0,1
30,M,0,6,1,0
66,M,1,135,0,1
46,M,2,2,2,0
82,F,0,276,3,1
85,F,1,300,0,1
78,M,2,270,0,1
70,F,3,190,0,1
88,F,2,350,0,1
47,M,0,3,0,0
88,M,0,333,0,1
36,F,1,4,0,0
68,M,1,132,0,1
80,F,0,274,0,1
38,M,3,2,1,0
64,M,3,115,3,1
56,M,1,63,2,1
78,M,1,262,1,1
24,F,2,2,2,0
55,M,0,65,0,1
58,M,2,72,0,1
47,F,1,2,2,0
40,M,2,8,0,0
71,M,2,222,0,1
56,F,2,64,1,1
78,F,3,300,0,1
72,M,0,217,0,1
78,F,2,246,2,1
22,F,0,6,0,0
69,F,1,163,0,1
81,F,0,265,1,1
74,M,2,201,0,1
20,F,2,5,0,0
18,F,2,1,0,0
53,M,1,33,0,1
76,M,0,236,1,1
33,M,1,3,0,0
52,F,0,29,1,1
20,F,0,4,0,0
50,F,2,3,0,0
52,F,0,17,1,1
46,M,0,4,0,0
36,F,0,1,2,0
67,F,0,147,0,1
23,F,1,3,0,0
74,M,1,218,0,1
77,F,0,233,0,1
26,M,2,2,1,0
35,M,0,2,1,0
55,M,3,48,1,1
85,F,2,324,2,1
83,M,1,319,0,1
61,F,1,84,0,1
21,F,1,3,2,0
43,F,2,6,1,0
55,M,2,49,0,1
22,F,0,2,5,0
48,F,2,3,2,0
79,F,2,247,1,1
20,F,2,1,2,0
25,F,0,1,2,0
73,M,1,214,2,1
73,M,1,216,0,1
87,M,1,298,0,1
56,M,0,71,1,1
41,F,3,4,1,0
50,F,2,3,0,0
43,M,3,2,1,0
23,F,1,2,0,0
82,M,2,281,1,1
48,F,2,5,0,0
45,M,2,1,0,0
19,F,2,4,0,0
42,M,1,2,1,0
72,M,2,200,0,1
19,F,0,0,0,0
68,F,1,169,1,1
42,M,1,4,0,0
27,F,0,2,0,0
48,F,1,4,0,0
54,M,4,49,1,1
72,M,2,205,0,1
30,M,5,2,0,0
76,M,1,203,0,1
69,M,1,167,0,1
65,M,2,149,1,1
31,M,0,1,0,0
32,M,0,4,0,0
30,F,5,4,2,0
68,F,2,147,0,1
38,F,0,2,1,0
72,F,2,182,1,1
87,M,4,347,0,1
78,M,0,254,0,1
76,F,1,254,2,1
62,M,1,108,1,1
47,M,0,3,0,0
41,F,2,3,0,0
75,M,3,245,0,1
60,F,2,102,1,1
44,M,1,2,0,0
47,M,2,1,0,0
31,M,3,1,2,0
26,F,2,1,0,0
82,F,1,288,0,1
89,F,3,347,0,1
20,M,1,3,1,0
27,F,5,5,3,0
75,F,3,246,1,1
47,F,0,1,1,0
87,M,2,357,0,1
83,F,3,285,0,1
24,F,1,1,1,0
54,M,2,36,0,1
79,M,0,259,0,1
22,M,2,3,1,0
74,F,2,225,0,1
38,M,2,2,2,0
21,M,1,3,0,0
65,M,1,148,1,1
49,F,1,4,0,0
32,F,1,0,0,0
36,F,1,2,2,0
71,M,2,190,0,1
45,F,3,1,2,0
79,F,0,270,1,1
45,F,2,4,0,0
22,F,2,3,3,0
46,F,4,2,1,0
29,M,1,4,0,0
18,M,1,5,1,0
83,F,1,301,0,1
37,F,0,3,0,0
89,F,4,365,0,1
38,M,1,3,0,0
88,F,3,334,0,1
64,F,2,106,0,1
27,F,3,2,2,0
68,F,1,147,1,1
18,M,0,4,1,0
72,M,0,194,1,1
49,M,2,3,0,0
63,M,1,112,1,1
23,M,1,2,1,0
82,M,2,310,0,1
29,M,1,1,0,0
58,M,3,88,0,1
22,F,2,2,3,0
40,F,2,2,0,0
86,M,1,309,0,1
20,F,2,2,0,0
20,M,0,3,0,0
70,F,2,177,0,1
46,F,1,2,0,0
58,F,3,67,2,1
66,M,3,130,0,1
29,F,2,2,0,0
62,M,1,104,0,1
54,M,3,37,0,1
43,F,0,1,1,0
85,F,2,329,0,1
24,F,0,4,0,0
61,M,0,104,3,1
23,M,2,3,0,0
40,F,3,4,0,0
46,F,0,2,0,0
76,M,3,232,1,1
70,F,0,199,1,1
46,M,2,6,0,0
78,M,3,254,1,1
19,M,4,5,1,0
68,F,1,167,1,1
23,F,2,2,0,0
41,F,2,0,1,0
87,M,1,342,1,1
28,F,0,3,1,0
24,M,2,1,0,0
24,M,0,3,0,0
74,F,1,223,0,1
51,M,3,11,2,1
20,F,2,2,0,0
47,F,2,3,0,0
48,M,0,1,2,0
25,M,0,7,2,0
38,F,2,3,0,0
49,F,0,3,1,0
42,M,1,2,0,0
57,M,0,65,0,1
24,M,3,2,0,0
48,M,1,4,1,0
46,M,1,4,0,0
80,M,2,290,1,1
72,F,2,197,0,1
67,M,3,131,1,1
55,F,2,45,1,1
75,M,1,214,0,1
27,M,2,3,0,0
70,F,5,188,1,1
75,M,2,224,0,1
72,M,0,214,0,1
80,M,0,293,1,1
76,M,0,223,0,1
50,F,1,3,1,1
82,M,3,294,0,1
43,F,0,3,0,0
35,F,0,0,0,0
19,F,0,3,1,0
20,F,1,5,2,0
23,F,0,5,1,0
24,M,1,1,0,0
45,M,0,4,0,0
40,M,1,2,0,0
26,F,2,1,0,0
60,F,0,92,0,1
87,F,1,333,1,1
20,M,1,5,0,0
64,F,1,123,0,1
76,M,2,267,2,1
40,F,1,3,0,0
46,M,0,3,0,0
60,M,1,91,0,1
39,M,2,5,0,0
30,M,0,6,0,0
76,M,1,234,2,1
84,M,1,293,1,1
76,M,2,235,1,1
54,F,0,34,0,1
80,F,1,268,1,1
68,M,1,182,1,1
66,F,1,154,0,1
31,F,2,2,1,0
22,F,1,7,0,0
52,M,2,21,0,1
31,F,2,3,0,0
69,M,1,177,0,1
61,F,0,97,1,1
45,M,1,6,0,0
55,M,0,37,1,1
22,M,2,3,3,0
55,F,0,50,0,1
51,F,4,21,0,1
25,M,3,3,1,0
77,M,1,258,2,1
55,M,2,56,0,1
51,M,0,10,1,1
68,M,1,141,0,1
88,M,2,352,1,1
53,F,2,41,0,1
58,M,2,89,0,1
67,F,3,132,1,1
81,F,2,291,1,1
43,F,1,1,2,0
20,F,0,5,2,0
66,F,1,170,1,1
63,M,1,123,1,1
28,M,2,1,0,0
54,F,1,30,0,1
60,M,1,100,2,1
43,M,1,4,0,0
25,F,1,2,0,0
82,M,0,304,0,1
63,M,0,128,1,1
24,M,0,3,1,0
24,F,2,5,0,0
52,F,1,27,1,1
79,F,5,285,0,1
40,F,0,4,0,0
33,M,2,1,0,0
87,F,2,320,0,1
64,F,4,137,2,1
74,M,2,253,1,1
42,M,1,1,0,0
32,F,1,3,2,0
26,F,1,0,0,0
27,F,4,3,1,0
57,F,1,64,0,1
19,F,2,3,0,0
55,F,1,58,2,1
30,M,3,4,0,0
73,F,2,209,0,1
84,F,0,300,0,1
74,F,0,236,0,1
80,M,2,265,1,1
80,F,3,276,2,1
75,M,3,223,1,1
52,M,2,20,1,1
46,M,2,4,0,0
51,M,0,12,0,1
52,F,0,19,0,1
30,F,2,4,0,0
59,F,1,86,1,1
24,F,0,1,0,0
76,F,0,241,0,1
24,M,1,4,1,0
18,M,0,3,1,0
81,M,1,273,0,1
31,M,4,2,0,0
22,M,2,3,0,0
59,F,2,94,0,1
21,F,1,3,0,0
28,M,1,1,0,0
48,F,3,2,1,0
85,F,3,316,0,1
79,M,0,254,3,1
21,F,3,1,1,0
43,F,0,1,1,0
88,M,2,399,0,1
28,M,2,6,0,0
33,M,3,3,1,0
76,F,5,266,0,1
31,F,3,8,0,0
27,F,4,5,2,0
48,M,2,2,0,0
82,F,3,294,0,1
63,M,2,111,0,1
88,F,0,351,0,1
88,F,1,343,1,1
62,M,0,116,1,1
52,M,1,22,0,1
86,F,4,335,0,1
82,F,4,308,1,1
57,F,5,70,3,1
82,F,5,293,1,1
49,M,4,3,2,0
88,F,4,319,3,1
45,M,2,3,1,0
43,F,1,3,0,0
44,M,3,4,0,0
52,M,2,16,1,1
18,F,1,6,1,0
19,F,2,4,1,0
56,M,4,71,1,1
45,F,1,2,0,0
87,M,4,338,2,1
43,F,1,2,0,0
58,F,4,63,0,1
26,F,2,5,0,0
25,F,1,0,0,0
77,F,0,251,0,1
60,M,1,81,0,1
38,M,1,4,1,0
81,F,3,259,0,1
27,F,1,4,0,0
68,M,2,180,0,1
26,M,2,3,0,0
25,F,2,4,0,0
19,M,3,4,0,0
60,F,1,115,0,1
72,M,2,217,1,1
36,F,1,6,0,0
56,M,2,54,0,1
73,M,3,206,2,1
55,M,2,33,0,1
28,M,1,1,0,0
47,M,4,2,2,0
70,F,2,212,1,1
87,F,0,337,0,1
76,F,3,251,1,1
45,F,2,3,0,0
26,F,1,0,2,0
52,F,1,23,3,1
40,F,3,2,1,0
67,F,1,159,1,1
34,F,0,1,0,0
84,M,2,303,1,1
25,F,2,2,0,0
79,M,2,246,0,1
35,M,5,2,0,0
81,M,2,301,1,1
85,F,2,333,1,1
31,M,1,2,0,0
86,F,1,335,1,1
86,M,2,342,0,1
41,M,2,4,0,0
77,F,1,238,2,1
24,F,1,3,0,0
41,F,2,5,1,0
19,M,0,1,1,0
75,F,1,204,0,1
33,F,1,3,0,0
86,M,2,360,1,1
65,M,4,148,2,1
71,F,0,169,0,1
43,M,0,5,0,0
71,M,0,181,1,1
84,M,2,315,0,1
78,F,1,249,0,1
18,F,1,2,1,0
81,M,0,284,0,1
56,F,3,58,2,1
74,M,2,226,0,1
80,M,5,264,2,1
23,F,0,4,1,0
56,M,2,63,0,1
33,M,3,3,0,0
47,M,3,4,2,0
26,M,1,3,1,0
60,F,0,94,0,1
51,F,0,8,0,1
20,F,1,2,0,0
22,F,1,0,0,0
49,F,2,5,0,0
57,F,2,63,0,1
63,F,0,122,0,1
84,F,3,315,1,1
48,M,1,2,0,0
88,M,0,361,0,1
86,F,2,334,2,1
20,F,1,4,1,0
32,M,2,5,0,0
67,M,0,157,0,1
28,M,0,4,0,0
28,F,1,2,0,0
78,M,2,261,1,1
80,M,3,268,1,1
65,F,1,134,1,1
20,F,3,5,0,0
71,M,1,177,0,1
25,M,0,2,0,0
63,F,2,131,0,1
41,M,2,3,0,0
89,F,2,332,0,1
18,M,1,5,0,0
20,F,2,6,1,0
65,M,2,142,0,1
21,F,1,5,0,0
32,M,1,2,1,0
87,F,1,362,1,1
69,F,0,163,2,1
35,M,0,4,1,0
86,M,0,332,0,1
75,F,0,247,0,1
51,F,2,11,0,1
26,M,0,5,0,0
51,M,3,10,1,1
36,F,1,2,1,0
89,M,2,388,1,1
60,F,3,86,0,1
40,F,0,2,0,0
63,M,1,127,1,1
81,M,3,281,1,1
31,F,1,2,1,0
69,M,1,169,0,1
42,F,3,6,1,0
18,F,1,4,0,0
43,F,1,5,0,0
39,F,0,3,1,0
35,F,2,7,2,0
69,F,2,156,0,1
73,M,2,205,0,1
21,M,1,6,0,0
71,M,0,188,1,1
79,M,4,261,0,1
58,F,1,69,1,1
83,F,0,314,0,1
46,M,1,7,0,0
72,F,3,204,0,1
20,F,4,1,3,0
76,F,1,243,1,1
71,M,3,185,1,1
61,M,0,108,1,1
38,M,1,4,1,0
76,M,3,228,0,1
45,F,4,4,0,0
51,M,3,9,2,1
68,F,2,155,0,1
47,M,2,0,0,0
29,M,1,5,0,0
68,F,2,183,0,1
31,F,3,4,0,0
51,M,1,14,1,1
57,M,0,52,0,1
40,F,2,6,0,0
47,F,1,1,0,0
37,F,3,3,0,0
66,F,2,146,0,1
49,M,1,3,0,0
63,M,0,131,0,1
45,M,1,3,2,0
75,F,1,236,1,1
72,F,1,206,0,1
26,F,0,3,0,0
74,M,4,223,1,1
55,M,0,35,1,1
75,F,2,206,1,1
67,F,0,156,2,1
78,M,0,274,1,1
84,M,4,309,0,1
44,M,2,3,1,0
18,M,4,4,1,0
44,F,0,1,0,0
72,F,3,195,0,1
78,M,2,275,1,1
66,F,1,151,1,1
30,M,1,2,0,0
21,F,1,1,1,0
68,F,2,164,1,1
76,M,3,252,1,1
55,F,1,55,0,1
29,F,2,5,1,0
65,F,3,142,1,1
60,M,0,96,1,1
68,M,2,165,2,1
18,F,1,5,0,0
66,M,2,124,0,1
86,F,3,302,0,1
34,F,0,2,0,0
82,M,1,303,1,1
19,F,1,1,0,0
18,M,1,3,1,0
86,M,2,328,1,1
41,M,1,2,0,0
82,F,1,282,1,1
56,M,0,50,0,1
54,F,1,39,1,1
22,F,2,6,0,0
65,M,0,146,1,1
47,F,3,6,2,0
24,F,1,3,1,0
47,F,0,5,1,0
51,M,0,9,1,1
65,M,0,153,1,1
60,M,2,90,2,1
72,M,2,220,0,1
68,M,1,161,0,1
81,M,0,274,0,1
33,F,1,3,0,0
82,M,3,304,1,1
24,M,2,6,0,0
25,M,0,2,1,0
87,F,1,338,0,1
21,F,2,4,1,0
79,M,1,264,0,1
39,F,3,5,0,0
30,M,1,3,0,0
28,M,2,3,0,0
77,M,2,252,0,1
26,M,3,2,0,0
76,F,1,253,1,1
39,M,2,8,1,0
31,F,1,3,0,0
25,F,2,2,0,0
75,M,1,239,0,1
38,F,1,3,0,0
45,M,0,3,0,0
64,F,1,120,2,1
42,F,2,2,0,0
26,F,1,2,0,0
29,M,2,5,1,0
64,F,1,134,0,1
60,F,0,85,0,1
66,M,0,165,0,1
62,F,2,107,0,1
22,M,0,1,0,0
54,F,0,41,0,1
32,M,1,3,2,0
25,M,0,1,1,0
31,F,2,2,0,0
75,M,3,223,1,1
47,M,1,1,0,0
40,F,1,2,1,0
53,F,3,27,0,1
37,F,1,3,0,0
62,M,1,113,1,1
64,F,2,153,1,1
62,F,3,93,1,1
31,M,0,3,0,0
47,M,1,5,1,0
83,F,3,297,0,1
58,F,2,64,0,1
64,F,1,132,0,1
78,F,2,258,2,1
74,F,1,209,3,1
88,F,0,331,0,1
42,F,1,3,0,0
46,F,1,1,0,0
48,F,1,4,1,0
45,M,2,4,1,0
36,F,1,1,0,0
45,M,3,3,1,0
36,M,1,1,0,0
76,F,1,242,0,1
47,M,2,1,1,0
34,M,1,3,0,0
74,M,1,206,0,1
71,F,0,188,0,1
54,M,0,32,0,1
27,F,3,3,0,0
77,F,2,264,2,1
69,F,1,202,1,1
26,M,2,4,1,0
83,M,2,290,0,1
38,M,2,2,0,0
61,M,0,97,2,1
20,M,0,1,1,0
77,F,2,248,0,1
83,M,0,288,0,1
75,M,0,223,0,1
22,F,2,4,0,0
30,M,0,4,0,0
57,M,1,61,0,1
21,F,0,0,0,0
66,M,1,161,1,1
79,F,1,255,0,1
32,M,0,2,0,0
29,F,4,4,1,0
88,M,2,327,0,1
82,F,1,316,1,1
88,F,0,327,1,1
44,F,2,2,0,0
35,F,2,0,0,0
77,F,2,246,1,1
28,F,0,2,0,0
39,F,1,5,1,0
64,M,1,149,2,1
26,M,1,3,1,0
55,F,0,50,1,1
28,F,0,0,0,0
61,M,3,99,2,1
25,M,1,2,0,0
62,F,0,119,0,1
79,F,3,281,0,1
86,F,1,305,2,1
46,M,4,5,0,0
73,F,5,203,1,1
88,M,2,364,0,1
40,F,2,5,0,0
46,F,4,1,1,0
71,M,2,193,2,1
42,F,2,3,0,0
50,M,0,3,0,0
23,F,2,4,0,0
88,M,2,345,1,1
57,M,2,66,0,1
52,F,4,29,0,1
43,F,1,2,1,0
18,M,3,5,0,0
80,M,2,264,1,1
84,M,3,292,1,1
74,F,2,221,0,1
37,M,1,2,1,0
33,F,1,4,1,0
77,F,2,223,1,1
46,F,2,2,0,0
62,F,1,96,1,1
27,F,2,2,0,0
71,F,0,218,0,1
71,F,4,184,1,1
71,M,2,193,0,1
48,F,1,3,0,0
83,F,1,275,0,1
86,F,0,334,0,1
77,M,2,247,0,1
50,M,2,3,1,0
64,F,3,136,2,1
23,F,0,8,0,0
41,F,2,1,2,0
89,M,2,358,0,1
53,M,1,35,0,1
34,F,5,3,2,0
38,F,0,2,0,0
18,M,1,1,1,0
42,F,2,0,0,0
84,M,1,304,0,1
51,M,1,12,0,1
82,M,2,285,0,1
48,M,3,3,1,0
28,F,1,4,0,0
38,M,2,4,0,0
29,M,0,3,0,0
39,F,0,3,0,0
40,F,3,2,1,0
40,M,1,4,2,0
26,F,2,1,0,0
31,F,5,4,0,0
19,M,1,1,0,0
59,M,1,105,0,1
50,F,0,5,0,0
24,F,3,4,2,0
88,M,2,327,0,1
35,M,1,4,2,0
84,M,0,284,1,1
30,F,2,0,1,0
71,F,1,198,0,1
68,M,0,155,0,1
64,M,4,118,0,1
38,F,3,1,0,0
44,M,1,2,0,0
25,F,1,3,0,0
65,F,1,143,1,1
77,M,3,244,1,1
35,F,1,3,0,0
49,F,2,5,0,0
60,M,1,101,1,1
75,M,2,232,0,1
54,F,3,41,0,1
41,M,3,2,0,0
64,M,2,124,1,1
42,F,4,3,0,0
59,M,1,83,1,1
58,F,2,70,2,1
66,M,2,159,1,1
23,M,2,7,1,0
26,M,1,0,0,0
88,M,1,370,0,1
42,F,2,2,0,0
27,M,0,4,0,0
25,M,0,3,0,0
83,M,0,311,1,1
76,F,1,243,1,1
65,F,0,141,0,1
71,M,1,194,1,1
73,M,1,212,0,1
72,M,0,200,0,1
33,F,1,3,0,0
79,M,2,275,0,1
82,F,4,284,0,1
33,F,0,3,0,0
56,F,2,52,1,1
19,M,3,3,0,0
47,M,0,6,0,0
59,F,1,74,0,1
31,M,0,2,0,0
65,M,2,148,0,1
30,F,2,5,1,0
49,M,1,5,3,0
80,F,1,261,2,1
69,M,1,176,0,1
87,F,0,319,0,1
21,F,0,1,1,0
48,F,3,4,0,0
80,F,4,273,0,1
70,F,4,169,0,1
74,F,2,252,0,1
68,F,2,175,0,1
41,F,1,0,0,0
53,F,3,29,0,1
23,F,3,4,1,0
52,F,0,22,2,1
63,M,3,112,0,1
57,M,2,55,0,1
22,F,1,1,0,0
42,M,1,4,1,0
19,M,1,5,1,0
71,M,1,189,0,1
22,M,0,2,0,0
48,F,0,4,1,0
24,F,0,3,0,0
54,M,2,40,2,1
22,M,3,4,1,0
31,M,2,5,0,0
23,M,1,2,0,0
88,M,2,365,0,1
80,F,0,260,0,1
23,M,1,3,0,0
74,F,4,245,0,1
69,M,2,161,0,1
50,F,2,0,0,0
65,F,1,140,1,1
43,M,0,6,0,0
42,F,2,3,0,0
74,F,0,225,0,1
88,F,0,361,0,1
44,F,4,4,0,0
20,M,0,2,0,0
54,F,0,33,1,1
37,F,2,2,2,0
76,M,2,217,0,1
42,M,1,6,0,0
69,F,3,170,0,1
64,M,0,117,0,1
69,F,3,180,0,1
60,F,1,91,1,1
23,M,4,2,0,0
69,F,3,195,0,1
44,M,4,2,0,0
79,M,0,279,0,1
53,M,2,27,0,1
19,F,2,2,0,0
44,F,2,2,0,0
58,F,0,74,0,1
29,F,4,3,0,0
46,M,3,4,1,0
75,F,0,208,0,1
67,F,1,170,0,1
42,M,2,2,2,0
55,M,3,48,1,1
86,F,1,311,1,1
43,M,2,2,0,0
62,M,1,106,0,1
18,M,2,4,1,0
20,M,2,6,1,0
40,F,1,5,0,0
56,F,0,43,0,1
50,F,1,2,0,1
18,F,1,3,1,0
42,M,1,4,0,0
57,M,4,67,1,1
45,M,1,3,0,0
22,M,1,1,0,0
64,M,3,127,0,1
33,M,4,5,0,0
42,M,1,1,0,0
20,F,0,2,1,0
79,M,0,311,0,1
19,F,2,4,0,0
44,F,1,5,2,0
53,F,1,25,1,1
49,M,0,2,0,0
35,F,2,2,0,0
49,M,3,3,0,0
48,F,2,0,1,0
83,M,2,286,0,1
60,M,1,90,2,1
61,F,1,101,3,1
82,F,1,325,0,1
87,F,0,337,0,1
81,M,1,258,0,1
18,F,1,4,0,0
38,M,2,2,0,0
86,F,1,321,0,1
32,M,3,1,1,0
32,M,1,3,0,0
56,M,3,61,1,1
82,F,1,321,1,1
28,F,1,2,1,0
21,F,1,7,0,0
19,F,4,3,1,0
79,M,2,262,1,1
31,F,0,0,1,0
63,F,0,136,2,1
66,F,1,170,0,1
67,M,1,141,1,1
60,F,1,94,2,1
46,F,3,3,1,0
22,M,1,3,0,0
45,M,0,3,0,0
65,F,0,128,1,1
29,M,4,1,0,0
41,M,2,2,0,0
28,F,3,3,1,0
31,M,2,4,1,0
62,F,3,114,1,1
79,M,1,260,0,1
42,M,1,1,0,0
40,M,0,5,0,0
20,M,1,4,0,0
52,M,0,19,0,1
30,F,2,4,2,0
77,F,2,269,0,1
30,M,2,1,0,0
24,F,1,2,0,0
31,F,1,6,1,0
64,M,0,142,2,1
50,M,2,4,1,1
56,F,1,47,1,1
83,M,3,277,0,1
31,M,0,5,0,0
59,F,0,91,1,1
53,M,1,31,0,1
71,F,0,168,0,1
65,F,0,116,0,1
25,F,0,4,0,0
28,F,1,2,1,0
67,M,2,158,0,1
19,F,2,1,0,0
80,F,3,296,1,1
51,M,3,16,2,1
89,M,1,365,0,1
30,F,0,1,1,0
69,M,2,177,0,1
64,M,1,120,3,1
61,M,2,113,0,1
36,F,1,5,1,0
87,F,3,346,0,1
21,M,1,2,1,0
27,M,1,2,0,0
46,M,3,1,2,0
75,F,3,221,1,1
59,M,0,92,0,1
69,M,0,171,0,1
22,F,2,2,1,0
70,F,1,174,3,1
61,M,3,116,1,1
43,M,3,4,1,0
23,F,2,1,0,0
23,M,4,0,2,0
27,M,3,0,2,0
28,M,1,1,1,0
32,M,2,1,0,0
66,M,0,136,0,1
68,M,1,158,0,1
40,M,1,4,2,0
51,F,0,14,1,1
86,F,1,344,0,1
61,F,3,96,0,1
26,F,1,2,0,0
44,M,3,3,0,0
76,F,4,234,0,1
66,F,2,163,0,1
52,M,0,15,0,1
28,M,2,4,1,0
39,M,0,6,0,0
32,M,1,2,0,0
36,M,1,6,0,0
35,F,2,1,1,0
43,F,1,3,2,0
54,M,1,48,0,1
44,F,1,3,0,0
20,M,0,5,0,0
34,F,0,5,1,0
75,M,1,228,1,1
33,M,5,2,1,0
58,M,1,68,0,1
87,M,0,358,1,1
89,F,2,360,0,1
48,F,3,5,1,0
56,M,2,59,1,1
62,F,2,119,0,1
35,F,1,2,0,0
68,M,2,159,1,1
67,F,0,162,1,1
41,F,3,2,2,0
33,M,1,3,1,0
85,M,1,315,0,1
33,F,3,4,2,0
39,F,1,1,0,0
71,M,3,220,1,1
31,M,0,5,0,0
27,M,1,0,0,0
21,F,3,0,0,0
64,F,2,148,0,1
36,M,0,2,0,0
20,F,0,0,0,0
22,F,2,5,0,0
39,F,2,1,0,0
63,F,2,120,0,1
53,F,3,24,0,1
59,F,2,92,1,1
45,F,2,5,0,0
19,M,1,4,0,0
58,F,0,83,0,1
86,F,0,353,0,1
33,M,3,2,1,0
70,M,4,182,1,1
28,M,1,2,0,0
57,F,1,66,0,1
22,M,1,1,0,0
86,F,3,328,2,1
27,F,1,0,1,0
56,M,1,58,0,1
35,F,0,5,0,0
30,M,0,2,0,0
32,M,0,3,1,0
74,M,2,200,0,1
55,F,2,53,1,1
86,F,2,333,2,1
35,F,3,3,1,0
22,F,1,7,1,0
38,M,2,5,4,0
54,F,1,37,0,1
18,F,1,2,0,0
34,M,0,2,0,0
69,M,3,173,0,1
83,M,2,291,1,1
43,F,1,3,0,0
24,F,1,6,0,0
29,M,1,3,1,0
76,F,2,235,1,1
82,F,2,316,0,1
32,F,3,1,1,0
75,M,1,239,0,1
64,F,2,115,1,1
32,M,1,3,0,0
67,M,0,152,0,1
80,F,2,269,1,1
72,M,2,209,1,1
74,M,1,224,0,1
21,F,1,4,2,0
56,M,1,40,0,1
52,M,0,25,1,1
88,M,0,333,1,1
27,M,1,2,0,0
53,F,0,33,2,1
27,M,2,2,0,0
44,M,3,1,0,0
29,M,2,3,1,0
46,F,0,7,0,0
28,F,0,1,0,0
44,F,1,2,1,0
85,M,2,326,1,1
60,M,2,93,0,1
58,M,0,66,0,1
83,M,2,321,3,1
36,M,2,3,1,0
39,M,1,1,1,0
52,M,3,24,1,1
36,M,2,2,1,0
21,F,1,4,0,0
40,F,3,4,3,0
33,F,2,2,0,0
60,M,1,91,2,1
63,F,2,109,0,1
31,F,2,1,0,0
68,F,2,162,0,1
38,M,1,1,0,0
62,F,1,124,0,1
29,F,1,4,0,0
88,F,0,356,0,1
33,F,2,4,3,0
88,M,3,345,0,1
76,M,5,237,2,1
78,F,1,262,2,1
26,M,5,3,1,0
51,M,1,13,0,1
79,F,0,258,0,1
72,F,0,177,0,1
34,F,4,1,1,0
35,F,0,5,1,0
53,M,2,34,1,1
80,M,4,299,0,1
22,F,0,2,1,0
35,F,1,1,0,0
64,M,3,129,1,1
89,F,2,358,0,1
53,M,2,37,0,1
18,M,2,4,2,0
65,F,3,134,0,1
75,M,0,221,1,1
31,M,1,3,0,0
54,F,4,40,1,1
20,F,2,5,0,0
76,M,1,219,1,1
62,F,1,107,1,1
55,F,0,46,0,1
24,M,2,7,0,0
78,M,2,257,1,1
70,F,1,163,0,1
69,M,2,153,1,1
51,F,3,13,1,1
64,M,2,128,1,1
83,M,4,295,0,1
86,M,2,348,2,1
30,M,2,5,0,0
26,M,4,4,2,0
58,F,0,80,1,1
84,M,1,305,0,1
65,F,4,145,0,1
55,F,0,58,2,1
54,F,1,41,1,1
68,F,3,158,1,1
86,M,2,323,0,1
66,M,1,140,0,1
62,F,1,123,1,1
46,F,4,1,1,0
86,M,1,312,0,1
55,M,1,36,1,1
33,M,2,3,0,0
88,F,3,363,1,1
70,F,0,188,0,1
53,F,2,32,1,1
79,M,2,262,0,1
83,M,3,300,1,1
86,F,1,326,0,1
18,M,0,0,0,0
51,F,2,10,0,1
59,F,0,97,0,1
78,F,2,244,0,1
67,M,2,181,2,1
64,M,1,120,1,1
46,F,2,7,1,0
82,F,2,328,1,1
23,F,3,1,1,0
36,F,2,5,0,0
75,M,1,213,0,1
23,M,1,4,1,0
72,M,0,185,0,1
77,M,1,256,0,1
45,F,1,2,0,0
24,F,1,4,1,0
25,M,4,1,1,0
66,F,2,163,0,1
78,F,1,284,0,1
61,F,0,94,2,1
73,M,3,217,0,1
21,M,4,5,0,0
78,F,1,248,0,1
68,F,2,174,0,1
76,M,1,251,1,1
35,F,0,5,1,0
36,M,0,4,0,0
57,M,0,84,1,1
62,F,2,108,0,1
50,F,0,8,0,0
51,F,3,10,1,1
79,F,3,265,0,1
46,M,1,3,0,0
60,F,0,95,0,1
47,M,2,1,0,0
34,M,1,1,1,0
66,F,2,136,0,1
18,F,4,3,1,0
89,F,0,350,0,1
62,F,2,88,2,1
52,F,1,14,0,1
54,F,1,40,1,1
44,F,5,2,0,0
89,F,1,385,1,1
63,F,5,118,2,1
28,M,0,2,2,0
63,F,3,126,2,1
73,M,2,206,1,1
47,F,2,1,0,0
87,M,1,343,0,1
64,M,2,125,1,1
38,F,1,1,0,0
65,F,0,123,1,1
89,F,1,363,0,1
71,M,1,183,1,1
18,F,1,1,0,0
30,M,0,2,1,0
22,M,2,5,2,0
64,M,3,135,0,1
86,M,2,316,0,1
48,M,2,1,1,0
53,F,0,35,0,1
81,M,0,257,0,1
35,F,0,0,0,0
62,F,2,128,0,1
88,M,0,322,1,1
76,M,1,214,1,1
86,M,1,306,2,1
76,M,3,254,1,1
67,M,4,155,0,1
33,M,0,2,1,0
81,M,1,273,0,1
23,M,1,2,1,0
81,M,3,275,0,1
72,F,6,179,1,1
82,M,2,313,0,1
21,M,2,2,0,0
71,F,4,192,0,1
86,M,1,336,0,1
84,F,2,343,1,1
67,M,1,147,3,1
85,M,1,342,1,1
48,F,2,1,0,0
20,M,3,2,0,0
66,F,1,126,3,1
75,M,2,216,0,1
27,F,1,5,0,0
47,M,1,1,0,0
63,F,2,118,0,1
26,F,0,4,0,0
84,F,0,275,0,1
20,F,1,2,0,0
18,F,1,2,0,0
20,M,1,2,0,0
85,F,1,336,2,1
54,F,2,31,1,1
40,M,2,2,2,0
81,F,2,295,0,1
46,M,0,1,1,0
26,F,2,1,0,0
85,F,0,309,1,1
42,F,2,1,2,0
75,F,0,228,0,1
26,M,3,3,0,0
45,M,0,11,1,0
32,M,1,1,1,0
88,M,3,381,1,1
74,M,1,206,0,1
20,F,2,3,0,0
35,M,0,5,0,0
65,M,0,132,1,1
57,F,0,70,0,1
54,F,4,46,0,1
26,F,2,3,0,0
81,M,3,280,0,1
46,F,1,3,0,0
19,M,3,5,0,0
49,F,1,2,0,0
41,M,2,1,1,0
24,F,1,2,0,0
52,F,3,18,0,1
48,F,2,2,0,0
23,F,0,3,0,0
78,M,2,262,1,1
64,M,0,116,0,1
69,F,2,177,1,1
79,M,2,301,0,1
64,F,0,128,0,1
83,M,2,299,0,1
26,F,0,2,1,0
28,M,1,5,0,0
36,M,1,5,0,0
54,F,1,35,0,1
41,F,0,4,0,0
88,M,2,349,0,1
66,M,2,146,0,1
23,F,2,6,0,0
77,M,2,234,2,1
68,M,1,155,1,1
63,M,1,122,0,1
38,M,1,3,2,0
39,F,2,6,2,0
83,F,5,308,1,1
77,F,1,241,1,1
61,M,1,106,0,1
39,M,0,1,0,0
82,M,1,289,1,1
49,F,1,3,1,0
21,F,0,4,0,0
41,M,1,4,0,0
61,M,0,83,1,1
66,F,1,148,1,1
48,M,1,3,0,0
51,F,1,11,1,1
25,M,0,1,0,0
70,F,3,162,1,1
47,F,2,3,0,0
26,F,1,0,0,0
71,F,0,183,2,1
52,F,2,16,0,1
59,M,0,86,0,1
31,M,0,2,0,0
60,M,5,80,1,1
55,M,0,63,1,1
38,F,0,2,0,0
18,F,0,6,0,0
54,M,1,42,0,1
87,M,0,349,0,1
50,F,2,1,0,0
73,M,1,209,0,1
83,F,4,313,2,1
73,M,1,203,0,1
81,F,2,283,1,1
53,F,3,22,1,1
49,F,0,4,0,0
46,F,1,1,0,0
54,M,3,39,0,1
38,F,1,5,0,0
39,M,0,2,0,0
51,M,0,5,1,1
58,F,1,80,0,1
28,F,2,2,1,0
27,F,1,3,0,0
76,M,2,235,0,1
87,F,1,341,1,1
68,F,2,166,1,1
47,F,0,4,0,0
74,F,1,220,0,1
18,F,2,3,3,0
88,F,1,345,3,1
39,F,0,3,0,0
47,M,0,3,0,0
86,F,0,331,0,1
56,F,2,70,1,1
40,F,3,5,4,0
63,M,1,117,1,1
45,M,4,3,0,0
79,M,2,273,1,1
88,M,2,366,1,1
82,F,4,308,0,1
74,F,0,229,1,1
88,F,4,383,0,1
43,M,2,3,0,0
88,M,1,337,0,1
29,M,2,3,1,0
85,M,0,347,0,1
46,F,2,3,1,0
59,M,3,77,2,1
44,M,1,5,0,0
75,F,1,243,0,1
82,F,0,272,0,1
33,F,0,1,1,0
56,M,1,49,0,1
61,F,0,96,0,1
84,M,2,330,0,1
30,F,1,1,0,0
89,F,1,331,1,1
32,F,0,4,1,0
80,F,0,270,1,1
53,M,1,31,1,1
47,F,1,4,1,0
76,F,1,226,0,1
46,M,1,5,0,0
51,M,3,11,1,1
57,M,4,51,1,1
83,M,3,337,0,1
66,M,2,129,0,1
89,F,0,367,1,1
79,F,3,246,1,1
26,M,1,5,0,0
76,F,2,238,1,1
45,F,2,1,0,0
40,M,0,6,1,0
73,M,2,216,0,1
70,F,2,198,0,1
36,F,3,6,1,0
45,F,0,3,0,0
22,F,1,3,1,0
73,F,3,190,1,1
31,M,3,3,0,0
18,F,1,2,0,0
38,F,2,4,0,0
79,F,2,245,2,1
54,M,2,56,2,1
68,M,1,154,0,1
85,M,2,306,0,1
28,F,2,2,0,0
48,M,2,3,1,0
36,M,1,1,0,0
70,F,3,191,0,1
40,F,2,4,0,0
64,F,1,141,1,1
54,F,1,29,0,1
87,F,0,341,2,1
83,M,4,285,0,1
46,F,2,2,0,0
87,M,1,326,1,1
32,F,2,6,0,0
61,F,3,106,0,1
53,M,0,25,1,1
25,F,3,6,1,0
55,F,1,48,1,1
88,M,2,354,1,1
24,F,0,4,0,0
87,M,1,368,1,1
50,F,1,2,0,0
24,F,0,5,0,0
54,M,1,33,0,1
65,F,2,107,0,1
62,F,1,136,1,1
65,F,1,143,0,1
53,M,1,36,0,1
65,F,0,150,1,1
31,M,0,3,0,0
70,M,0,193,1,1
46,M,1,3,0,0
18,M,2,6,0,0
78,F,0,242,0,1
40,M,3,3,0,0
40,M,1,8,0,0
42,F,2,6,0,0
88,M,0,321,0,1
64,M,0,143,0,1
37,M,2,3,0,0
24,M,4,1,1,0
21,F,3,4,1,0
37,F,1,2,1,0
59,F,0,90,1,1
30,M,0,2,2,0
43,M,1,5,0,0
21,M,0,4,0,0
50,M,0,8,0,0
52,F,3,21,0,1
75,M,2,231,0,1
32,F,4,4,0,0
54,F,2,45,0,1
52,F,2,23,0,1
28,F,2,1,1,0
32,M,1,2,1,0
75,M,2,234,0,1
75,M,1,234,1,1
31,F,4,1,2,0
26,M,1,2,0,0
56,M,1,57,0,1
73,M,0,198,1,1
65,M,0,136,0,1
65,M,0,141,0,1
82,F,1,288,1,1
29,F,3,2,2,0
78,M,2,242,3,1
45,F,1,2,2,0
57,M,3,57,2,1
45,F,4,0,2,0
18,M,2,1,0,0
50,M,1,2,1,1
72,F,3,204,0,1
66,F,1,137,1,1
64,F,1,132,1,1
19,M,3,2,2,0
80,M,2,295,0,1
29,M,1,3,2,0
18,M,1,3,0,0
68,M,2,185,0,1
77,F,3,249,0,1
24,M,4,3,1,0
57,F,0,68,1,1
78,M,3,238,0,1
59,M,1,84,1,1
44,F,2,2,1,0
25,F,2,5,2,0
20,M,1,1,1,0
88,F,3,309,0,1
73,M,0,205,2,1
43,F,3,4,0,0
35,F,4,3,0,0
85,F,0,303,0,1
89,F,1,371,0,1
69,F,2,164,0,1
84,F,2,286,0,1
66,M,1,156,1,1
81,M,1,269,1,1
78,M,2,264,0,1
81,F,4,274,3,1
55,M,0,47,0,1
23,F,2,3,0,0
74,F,0,224,1,1
19,M,3,3,3,0
70,M,0,202,0,1
46,F,0,2,0,0
40,F,3,4,1,0
48,M,1,6,1,0
80,F,1,246,1,1
47,M,1,1,1,0
54,M,0,48,0,1
60,F,0,76,1,1
63,M,1,117,1,1
74,M,0,201,0,1
62,F,1,119,0,1
74,M,1,183,1,1
60,M,2,98,2,1
84,F,1,281,1,1
66,M,3,131,0,1
66,F,1,141,0,1
37,M,1,3,0,0
81,M,0,294,2,1
59,M,1,75,0,1
24,F,1,1,0,0
28,M,2,4,0,0
19,M,0,6,1,0
71,M,0,202,0,1
50,F,1,3,0,0
73,M,0,191,0,1
81,M,1,285,0,1
84,F,1,315,0,1
45,M,0,4,0,0
57,F,4,56,1,1
25,M,1,2,0,0
22,F,0,5,2,0
27,F,0,2,0,0
23,M,1,3,1,0
34,F,0,3,1,0
72,M,5,212,0,1
80,F,0,282,0,1
50,M,2,1,0,0
42,F,1,3,1,0
86,F,1,335,1,1
79,F,2,253,1,1
42,F,1,4,0,0
85,M,0,307,2,1
70,F,1,179,0,1
73,F,1,216,3,1
77,F,3,256,0,1
84,F,0,306,3,1
75,F,1,253,0,1
36,M,4,2,1,0
64,M,1,132,1,1
32,M,4,3,0,0
70,M,3,180,0,1
35,F,2,0,0,0
37,M,2,3,0,0
19,F,2,3,1,0
38,M,1,2,0,0
85,M,1,315,1,1
73,F,1,247,2,1
32,F,3,0,1,0
81,F,4,267,1,1
63,M,3,113,0,1
52,M,1,16,0,1
38,F,1,4,1,0
75,F,0,226,0,1
56,F,0,58,0,1
85,M,1,319,0,1
49,F,0,3,1,0
72,F,4,205,0,1
69,F,0,149,0,1
34,M,2,3,0,0
32,F,2,3,0,0
58,F,0,71,0,1
38,F,2,1,0,0
76,M,2,244,0,1
27,M,3,4,1,0
77,F,2,266,0,1
41,F,1,4,0,0
33,M,1,2,1,0
78,M,1,273,0,1
25,M,0,2,0,0
87,M,0,348,0,1
65,F,2,150,1,1
19,F,1,8,1,0
44,M,1,4,1,0
78,F,1,242,0,1
25,M,1,1,0,0
70,F,0,161,0,1
54,M,0,48,0,1
23,M,2,3,0,0
59,F,2,80,0,1
29,F,5,3,0,0
48,M,1,3,0,0
80,M,0,256,0,1
70,F,1,179,0,1
31,F,3,6,1,0
61,M,1,84,1,1
83,M,1,309,2,1
39,F,1,3,0,0
56,M,2,72,0,1
49,M,2,2,0,0
88,M,4,350,2,1
67,F,1,147,0,1
54,M,1,53,0,1
84,F,1,300,3,1
27,F,0,3,1,0
81,M,4,287,0,1
61,F,0,107,0,1
39,F,3,4,1,0
50,M,3,0,1,1
22,M,0,7,2,0
23,M,1,3,1,0
31,M,2,1,0,0
76,M,1,252,2,1
87,M,4,319,0,1
82,F,2,329,0,1
64,M,0,133,1,1
87,M,1,333,0,1
37,F,1,0,1,0
64,M,1,129,1,1
30,M,1,1,0,0
59,F,0,85,0,1
25,F,0,3,0,0
32,F,2,3,1,0
72,F,1,228,0,1
87,F,1,357,0,1
22,F,0,4,2,0
70,M,0,181,0,1
79,F,3,263,4,1
66,M,2,139,0,1
43,F,0,4,0,0
68,F,2,152,1,1
21,F,1,0,0,0
78,M,1,255,0,1
82,F,1,296,1,1
42,M,0,2,1,0
46,F,1,3,0,0
26,F,3,3,0,0
66,M,1,142,0,1
89,M,3,357,0,1
36,M,1,2,0,0
20,M,0,0,0,0
29,M,3,6,1,0
37,F,3,0,0,0
75,F,2,219,0,1
53,F,1,19,2,1
18,M,1,1,0,0
20,F,0,1,0,0
30,M,4,5,0,0
40,M,2,4,1,0
27,M,1,2,0,0
80,F,1,250,0,1
52,F,0,20,0,1
63,F,2,127,0,1
89,M,1,341,1,1
60,F,3,85,1,1
22,M,3,3,0,0
19,M,3,4,2,0
28,F,2,2,0,0
48,M,1,1,0,0
36,M,1,5,1,0
26,F,1,2,0,0
36,F,2,2,0,0
45,F,1,4,2,0
43,M,3,5,2,0
45,F,1,3,1,0
18,M,1,2,1,0
48,M,3,1,0,0
30,F,2,4,0,0
40,M,1,2,0,0
89,F,2,376,1,1
74,F,0,202,0,1
78,F,2,264,0,1
51,F,3,6,1,1
54,M,0,46,0,1
83,F,2,315,1,1
80,M,0,279,2,1
42,M,1,3,1,0
52,M,0,30,0,1
28,M,0,4,0,0
23,M,0,4,1,0
43,F,1,4,1,0
44,M,3,4,1,0
80,F,0,286,0,1
78,F,3,245,1,1
43,F,1,1,1,0
87,M,0,319,0,1
77,F,0,232,2,1
62,F,2,118,0,1
67,F,1,141,0,1
48,F,3,3,0,0
36,M,4,3,1,0
23,M,1,1,0,0
31,F,2,3,2,0
51,M,1,11,1,1
26,M,1,0,0,0
21,M,2,0,0,0
50,M,0,3,0,0
59,F,2,91,0,1
68,F,1,187,0,1
42,M,4,4,2,0
39,F,0,2,1,0
23,F,3,1,3,0
86,F,0,307,3,1
69,F,0,179,0,1
19,F,2,4,0,0
86,F,2,357,0,1
74,F,1,216,1,1
43,M,4,2,0,0
30,F,2,2,2,0
89,F,0,336,0,1
89,F,1,341,1,1
52,M,0,26,1,1
25,M,2,1,0,0
43,F,2,2,1,0
84,F,2,295,0,1
84,F,2,320,1,1
46,F,1,4,0,0
39,M,3,3,0,0
38,M,2,2,1,0
78,M,3,255,0,1
20,F,0,2,1,0
61,F,4,101,0,1
33,F,2,4,0,0
53,F,1,19,0,1
45,F,1,1,0,0
62,F,2,120,1,1
85,F,1,313,2,1
55,M,2,40,1,1
87,M,3,345,2,1
57,M,2,52,0,1
23,M,2,4,0,0
80,F,0,318,0,1
58,M,1,94,0,1
88,M,1,334,1,1
20,F,2,2,0,0
80,M,1,268,1,1
25,F,3,4,0,0
22,F,2,3,0,0
62,M,1,110,0,1
21,M,3,3,0,0
55,M,1,46,0,1
84,F,2,316,0,1
82,M,2,308,1,1
70,M,2,175,0,1
83,M,1,323,0,1
83,M,1,291,0,1
29,M,2,2,2,0
20,F,1,4,0,0
63,M,1,116,0,1
71,M,1,203,0,1
76,F,1,243,0,1
27,F,3,2,1,0
73,F,0,228,0,1
37,M,0,6,0,0
58,F,1,77,2,1
89,M,2,345,0,1
54,M,0,27,0,1
73,F,4,223,0,1
59,M,0,89,2,1
84,M,1,310,0,1
47,M,0,3,1,0
21,M,0,6,0,0
58,M,5,88,1,1
33,M,0,1,1,0
82,F,1,279,1,1
86,F,2,328,1,1
43,F,0,1,1,0
78,M,0,273,0,1
49,M,2,1,3,0
85,M,3,319,1,1
49,M,0,2,0,0
73,F,3,213,0,1
80,F,1,257,1,1
45,M,0,4,0,0
35,M,2,4,1,0
53,M,1,25,2,1
49,F,1,0,0,0
43,F,3,3,0,0
72,F,3,205,1,1
51,M,0,11,0,1
46,M,2,6,0,0
57,F,2,75,1,1
79,M,1,259,1,1
31,F,4,2,1,0
56,M,0,65,0,1
22,M,1,1,0,0
25,M,1,4,0,0
84,M,0,312,1,1
44,F,2,2,0,0
34,F,1,2,2,0
28,M,0,4,0,0
65,M,0,129,2,1
49,F,1,4,0,0
48,F,2,5,0,0
44,M,2,1,1,0
77,M,0,256,0,1
42,M,2,1,0,0
22,F,1,2,0,0
77,F,2,244,1,1
42,F,4,4,0,0
82,F,3,286,1,1
76,M,0,225,0,1
72,F,2,194,0,1
40,F,1,7,0,0
73,M,0,219,1,1
81,M,2,302,0,1
82,F,1,307,0,1
81,M,1,256,0,1
84,F,1,328,1,1
40,M,1,1,1,0
30,F,1,0,2,0
32,F,2,1,3,0
82,F,2,269,0,1
28,M,3,2,0,0
29,F,2,4,1,0
82,F,4,274,1,1
37,F,1,4,0,0
66,M,3,143,0,1
74,M,1,221,1,1
24,M,2,2,1,0
28,M,2,2,1,0
72,M,0,204,0,1
87,F,0,357,1,1
22,M,2,3,1,0
85,F,1,369,0,1
89,M,0,360,0,1
18,F,0,2,0,0
85,F,1,331,1,1
63,F,0,133,0,1
68,F,2,175,1,1
84,M,1,307,1,1
40,M,1,2,0,0
56,M,2,58,0,1
38,M,1,0,0,0
56,F,4,66,0,1
53,F,1,36,1,1
60,F,2,111,1,1
65,M,2,116,1,1
57,F,1,69,1,1
28,M,1,5,1,0
59,F,1,94,0,1
53,M,2,24,1,1
66,M,1,128,1,1
50,M,6,3,1,0
86,F,2,331,0,1
19,M,1,4,1,0
23,F,1,2,1,0
83,M,2,321,0,1
34,F,2,4,0,0
62,M,4,96,0,1
18,F,2,1,0,0
79,F,4,272,0,1
22,M,2,2,0,0
35,M,2,0,1,0
32,M,1,4,0,0
85,F,2,321,0,1
82,F,1,302,0,1
20,F,1,5,1,0
40,F,2,3,0,0
69,F,1,184,0,1
61,M,2,89,0,1
82,F,0,297,1,1
40,F,1,3,0,0
73,F,2,231,0,1
89,F,2,339,0,1
42,M,3,6,1,0
31,M,0,2,0,0
61,M,3,116,0,1
46,F,5,5,0,0
89,F,3,339,0,1
44,F,1,5,0,0
19,M,1,1,0,0
33,F,0,4,1,0
28,F,3,3,1,0
23,F,0,0,0,0
27,F,1,5,0,0
46,F,1,3,0,0
54,M,0,41,1,1
32,M,1,2,1,0
59,F,0,87,0,1
19,F,0,1,1,0
69,F,1,165,1,1
81,F,1,271,0,1
85,M,3,305,2,1
42,F,2,3,0,0
77,F,0,260,1,1
18,F,1,0,0,0
47,M,1,3,1,0
62,M,0,118,2,1
54,F,2,39,0,1
52,F,3,20,1,1
21,M,1,6,0,0
67,M,1,166,0,1
82,F,0,304,0,1
43,M,3,2,0,0
48,F,1,2,0,0
28,M,0,4,1,0
58,F,3,85,2,1
64,M,3,120,0,1
84,M,1,309,2,1
46,F,1,6,3,0
74,M,2,202,1,1
81,M,0,277,0,1
66,F,0,146,0,1
41,F,2,4,0,0
50,M,2,5,0,0
34,M,2,3,0,0
83,F,2,284,0,1
31,F,1,4,3,0
62,F,3,111,0,1
36,F,1,2,0,0
21,M,2,2,2,0
35,M,6,5,1,0
49,M,3,1,1,0
55,M,2,51,1,1
31,M,1,5,0,0
44,M,3,6,0,0
45,M,1,4,1,0
87,M,0,370,0,1
64,M,1,126,0,1
32,M,1,5,0,0
24,F,1,1,0,0
85,F,2,299,0,1
27,F,3,1,0,0
42,M,2,3,0,0
27,M,0,8,0,0
52,F,1,24,2,1
58,F,0,73,1,1
87,M,1,288,1,1
48,M,1,1,0,0
74,F,0,196,1,1
52,F,2,13,0,1
86,F,1,363,1,1
35,M,3,5,0,0
56,F,1,49,1,1
24,F,3,3,0,0
40,M,0,2,2,0
58,M,3,83,2,1
66,F,0,160,0,1
22,F,2,6,1,0
67,M,0,154,0,1
89,M,1,339,2,1
20,M,1,3,2,0
28,M,1,4,1,0
25,F,1,3,2,0
82,M,2,303,0,1
86,F,1,284,1,1
40,M,2,2,0,0
69,F,2,163,1,1
71,M,1,186,1,1
77,F,2,227,0,1
44,M,2,4,0,0
31,M,4,2,1,0
38,M,0,2,0,0
88,F,1,327,0,1
80,M,1,269,1,1
39,M,4,3,1,0
27,F,1,5,2,0
28,M,1,7,0,0
84,F,1,282,0,1
43,M,1,0,0,0
85,M,0,305,3,1
43,F,0,5,1,0
71,F,1,175,2,1
22,F,0,5,0,0
36,M,2,2,1,0
78,M,1,264,2,1
43,M,0,3,2,0
80,F,3,269,2,1
23,F,1,1,1,0
32,F,3,5,0,0
64,M,1,111,0,1
57,M,0,75,1,1
68,M,2,170,1,1
80,F,0,312,0,1
27,M,0,2,0,0
45,F,2,6,1,0
31,F,2,1,0,0
54,M,0,37,0,1
37,F,1,3,0,0
35,M,2,5,1,0
39,M,3,5,0,0
51,F,2,8,0,1
76,M,2,255,0,1
40,M,1,1,0,0
78,M,0,258,0,1
77,F,1,237,1,1
70,M,3,184,1,1
29,M,2,4,0,0
34,F,2,2,0,0
20,F,1,2,0,0
56,M,1,61,0,1
82,F,2,287,1,1
84,F,1,342,0,1
30,M,4,4,0,0
52,M,0,11,0,1
57,F,1,65,0,1
89,F,1,336,2,1
69,F,1,170,0,1
37,M,0,0,0,0
41,F,1,6,1,0
68,F,1,163,0,1
84,F,2,328,0,1
61,M,0,118,0,1
42,M,2,1,1,0
32,F,3,2,2,0
32,M,1,1,0,0
30,F,0,4,0,0
22,F,3,5,1,0
86,M,0,340,0,1
82,F,0,296,0,1
44,F,1,2,0,0
33,M,2,2,1,0
58,M,0,78,0,1
82,F,1,297,1,1
55,F,0,43,1,1
50,M,0,3,0,1
79,F,2,270,0,1
85,F,1,328,0,1
87,F,0,310,2,1
24,M,1,6,2,0
46,F,2,2,0,0
79,M,4,262,0,1
30,M,1,0,0,0
88,M,0,317,1,1
74,F,2,236,0,1
69,F,2,161,1,1
67,M,1,164,0,1
27,F,0,3,0,0
54,M,2,42,2,1
89,M,1,398,0,1
44,F,2,1,1,0
75,M,3,214,0,1
61,M,0,126,0,1
33,M,5,5,0,0
39,F,1,0,0,0
87,M,3,339,0,1
29,M,4,1,0,0
24,M,2,3,2,0
27,M,1,0,0,0
27,M,2,0,1,0
56,M,1,66,2,1
19,M,2,5,1,0
89,F,2,349,1,1
60,F,1,112,0,1
68,M,2,156,0,1
47,M,3,3,2,0
48,F,1,4,0,0
24,F,0,1,0,0
42,M,0,4,0,0
53,F,3,34,0,1
24,F,1,3,1,0
81,F,4,273,1,1
53,M,2,31,0,1
24,M,3,0,0,0
39,F,0,3,1,0
63,F,1,143,1,1
67,M,2,154,1,1
30,M,4,5,0,0
43,F,0,1,2,0
54,M,0,45,0,1
77,M,4,233,2,1
42,F,0,4,0,0
66,M,0,154,1,1
37,F,4,3,0,0
58,F,3,73,1,1
18,M,1,5,0,0
58,M,4,74,0,1
59,F,1,95,0,1
76,M,0,237,0,1
49,M,2,3,2,0
29,F,1,3,0,0
67,M,2,132,0,1
72,F,2,197,0,1
31,F,2,6,1,0
80,M,4,283,2,1
88,M,3,350,2,1
48,F,0,5,0,0
19,M,0,6,0,0
70,F,4,168,1,1
32,M,0,2,0,0
25,F,1,3,0,0
64,M,1,129,1,1
68,F,2,183,0,1
27,M,1,3,0,0
25,M,1,3,0,0
36,F,1,1,1,0
38,M,2,4,1,0
54,F,0,39,0,1
19,F,3,1,1,0
72,M,2,201,3,1
69,F,2,196,0,1
80,F,1,276,0,1
77,M,1,252,0,1
40,F,3,2,1,0
60,M,1,100,1,1
65,M,1,162,0,1
65,F,2,113,0,1
19,M,3,4,0,0
72,F,2,230,0,1
82,F,1,274,1,1
41,F,2,1,1,0
66,M,1,149,0,1
31,F,0,2,0,0
82,M,0,269,1,1
29,F,1,3,1,0
33,F,0,2,0,0
40,F,0,4,1,0
53,F,3,26,0,1
53,M,0,25,1,1
71,M,2,192,0,1
71,M,1,192,0,1
19,M,3,4,1,0
43,M,1,3,0,0
78,M,1,251,0,1
38,F,1,2,0,0
68,F,3,177,1,1
42,M,1,2,1,0
74,F,0,218,1,1
61,M,1,118,1,1
29,F,3,1,1,0
48,M,2,5,0,0
73,M,2,225,1,1
29,F,1,4,0,0
58,M,1,90,1,1
89,F,4,373,1,1
28,M,3,2,1,0
48,M,1,6,3,0
27,F,3,5,1,0
65,M,1,144,1,1
79,F,1,260,0,1
62,F,1,119,0,1
46,M,3,1,0,0
22,M,1,2,0,0
37,F,0,2,1,0
79,M,5,266,1,1
44,M,3,3,1,0
20,F,2,6,0,0
67,M,0,168,0,1
33,F,1,6,0,0
27,F,0,2,1,0
18,M,0,4,0,0
29,F,0,0,2,0
85,F,1,325,0,1
64,M,1,143,0,1
88,M,1,347,1,1
82,M,4,299,0,1
88,M,1,356,2,1
66,F,1,146,2,1
19,F,2,1,1,0
86,M,0,312,0,1
50,M,2,4,1,1
38,M,3,3,1,0
72,M,1,215,1,1
43,F,4,3,3,0
44,M,1,1,2,0
44,F,1,2,1,0
38,F,1,2,0,0
43,F,0,3,0,0
45,M,3,3,0,0
37,M,1,4,3,0
72,F,0,197,1,1
75,M,0,230,1,1
58,F,3,81,2,1
38,F,2,1,0,0
51,F,0,10,0,1
47,F,2,4,0,0
50,F,1,1,1,1
52,M,3,19,4,1
34,M,0,1,0,0
89,F,1,354,0,1
66,M,1,143,0,1
41,F,1,5,0,0
44,F,0,4,1,0
67,F,0,167,1,1
66,F,1,141,0,1
41,M,0,4,0,0
41,F,2,5,0,0
75,F,1,229,0,1
25,F,0,3,0,0
45,M,3,2,1,0
69,M,2,157,1,1
19,F,0,2,1,0
86,F,0,320,2,1
55,M,0,44,0,1
40,F,2,2,0,0
42,F,0,3,0,0
42,F,0,3,0,0
37,M,0,8,2,0
71,M,0,184,0,1
39,F,1,1,1,0
54,F,2,34,0,1
18,F,1,6,0,0
23,F,1,4,1,0
70,M,1,188,0,1
45,M,2,1,0,0
57,F,0,71,0,1
42,F,3,5,2,0
63,F,1,115,0,1
81,F,1,278,0,1
59,M,1,83,0,1
53,M,2,24,0,1
45,M,2,1,1,0
68,F,0,165,1,1
51,F,0,12,1,1
24,M,1,0,0,0
52,M,1,24,1,1
86,M,2,329,2,1
84,M,1,334,0,1
50,F,1,4,0,0
43,F,0,4,0,0
89,M,0,379,1,1
28,F,1,4,0,0
51,M,0,17,2,1
24,F,2,1,0,0
55,M,2,33,1,1
42,M,1,4,1,0
65,F,1,117,1,1
59,F,2,99,0,1
39,F,4,3,0,0
59,F,3,67,0,1
56,F,0,51,0,1
70,F,1,183,1,1
55,M,2,58,0,1
65,M,3,132,1,1
48,F,5,3,0,0
24,F,1,4,1,0
74,F,2,227,0,1
46,F,1,4,0,0
25,F,1,4,0,0
44,M,3,3,0,0
73,F,3,197,0,1
26,F,0,3,0,0
35,M,2,1,0,0
60,M,0,89,0,1
23,M,1,3,0,0
73,F,2,199,0,1
55,M,0,54,1,1
21,F,1,3,1,0
46,F,3,3,2,0
56,M,0,56,2,1
25,F,1,0,1,0
26,F,3,3,0,0
43,F,1,4,0,0
73,F,0,205,0,1
51,M,0,5,1,1
58,F,2,72,1,1
47,F,2,5,0,0
22,M,1,3,0,0
38,M,2,1,0,0
55,F,0,36,0,1
74,M,1,217,1,1
35,F,1,2,0,0
20,F,2,4,1,0
32,F,2,1,2,0
82,F,4,283,0,1
66,M,1,131,0,1
46,M,2,5,0,0
47,M,1,2,0,0
43,F,0,1,0,0
84,M,1,298,1,1
24,M,2,1,0,0
83,F,2,295,0,1
40,F,0,5,1,0
79,F,2,233,3,1
60,F,1,93,0,1
47,M,2,5,0,0
77,F,4,242,0,1
83,M,3,322,1,1
55,F,2,41,0,1
23,M,2,2,0,0
87,F,1,334,1,1
73,F,3,194,0,1
48,M,1,2,0,0
43,M,1,0,0,0
20,M,0,3,1,0
80,M,1,279,0,1
46,F,1,4,1,0
20,M,3,3,0,0
23,F,2,5,0,0
59,M,0,99,1,1
76,F,1,223,0,1
23,M,0,5,0,0
81,M,0,250,0,1
39,F,1,5,0,0
24,F,1,3,2,0
58,F,2,64,0,1
30,F,1,3,0,0
28,F,1,0,0,0
24,M,1,0,0,0
67,F,1,176,0,1
53,F,2,31,1,1
54,M,1,44,0,1
36,M,1,3,0,0
34,F,3,2,2,0
42,F,1,1,0,0
56,M,0,48,1,1
41,M,1,5,0,0
50,M,0,2,1,0
27,F,3,1,1,0
20,M,2,2,2,0
77,F,2,232,0,1
69,M,1,168,1,1
86,F,1,303,0,1
69,M,2,161,0,1
77,M,1,250,0,1
83,M,1,275,0,1
60,M,3,84,2,1
85,F,1,299,0,1
79,M,0,234,0,1
44,M,2,2,0,0
64,M,1,145,0,1
64,M,3,135,1,1
66,M,3,134,1,1
61,M,2,129,0,1
79,F,1,273,1,1
21,M,3,2,1,0
21,M,0,4,0,0
70,M,1,182,0,1
31,M,1,3,1,0
37,F,1,2,0,0
54,F,1,42,1,1
48,F,0,2,0,0
67,M,0,153,0,1
62,F,4,110,0,1
82,F,2,281,1,1
54,M,2,44,0,1
36,F,1,4,0,0
38,F,3,8,1,0
38,F,2,6,0,0
80,M,3,268,2,1
32,M,2,5,1,0
24,M,3,4,1,0
60,F,2,97,1,1
61,M,0,111,2,1
73,M,0,213,0,1
31,M,0,5,3,0
88,M,0,359,0,1
84,M,1,331,1,1
73,F,3,240,0,1
85,F,3,305,0,1
42,F,0,5,0,0
69,F,0,169,0,1
40,M,0,1,1,0
81,M,1,259,0,1
28,F,2,4,1,0
73,F,1,191,1,1
52,M,3,16,0,1
65,M,3,127,0,1
77,F,2,224,0,1
71,M,2,173,1,1
42,F,2,2,0,0
83,M,3,296,1,1
66,F,1,157,0,1
33,F,3,2,1,0
42,M,4,3,1,0
70,F,1,179,0,1
66,F,2,136,0,1
30,M,3,8,1,0
47,M,1,1,0,0
51,F,0,9,0,1
39,F,0,1,0,0
42,M,2,1,1,0
19,M,1,3,0,0
63,M,1,125,0,1
77,M,1,246,0,1
64,F,3,137,2,1
23,F,2,3,0,0
82,F,1,287,0,1
68,M,1,155,0,1
78,M,1,244,2,1
48,F,0,1,0,0
22,F,1,3,1,0
31,F,0,2,1,0
30,M,3,0,0,0
21,F,1,3,1,0
21,M,2,3,0,0
38,M,2,3,0,0
69,F,2,152,0,1
51,F,1,8,1,1
42,M,1,1,1,0
21,F,1,6,1,0
88,F,4,334,0,1
88,F,0,366,0,1
33,F,1,5,2,0
30,M,1,5,0,0
86,M,1,327,1,1
84,M,1,331,0,1
72,M,3,233,0,1
71,M,2,220,0,1
72,M,2,202,0,1
69,M,2,178,0,1
61,M,2,106,0,1
78,F,2,250,2,1
81,F,0,296,2,1
56,F,3,51,0,1
34,M,3,1,1,0
59,M,3,82,0,1
80,M,0,246,0,1
29,F,2,5,1,0
81,M,3,275,1,1
47,F,2,2,1,0
61,F,0,91,1,1
20,F,2,2,0,0
65,F,0,117,0,1
73,M,0,198,0,1
34,M,2,4,0,0
31,F,4,2,2,0
53,F,3,28,1,1
24,F,0,4,1,0
60,F,2,101,0,1
81,F,0,285,1,1
40,M,0,3,1,0
69,F,3,179,1,1
21,F,3,3,0,0
38,M,4,4,1,0
86,F,1,333,0,1
59,M,2,80,2,1
76,F,3,220,0,1
45,F,0,3,0,0
44,M,0,5,1,0
67,F,0,148,1,1
56,M,0,43,0,1
64,M,0,119,1,1
60,F,4,103,3,1
62,M,1,112,0,1
86,F,1,346,1,1
78,F,0,241,2,1
58,M,1,75,1,1
45,F,0,5,0,0
70,F,3,199,0,1
61,F,3,126,0,1
75,M,2,232,0,1
72,M,1,195,1,1
25,F,1,2,0,0
71,F,0,205,0,1
59,M,1,90,0,1
24,F,1,6,0,0
84,F,1,324,0,1
31,M,2,6,1,0
77,M,1,240,1,1
46,F,1,3,0,0
84,M,1,306,1,1
76,F,3,228,0,1
29,F,2,1,0,0
59,F,3,92,0,1
73,F,2,200,0,1
80,M,2,277,0,1
38,F,0,0,1,0
52,M,0,27,0,1
81,F,1,308,1,1
82,M,1,294,0,1
74,F,4,232,1,1
49,F,0,1,1,0
45,M,2,4,0,0
69,M,0,151,1,1
59,F,3,79,2,1
35,F,0,2,0,0
51,M,3,12,1,1
57,M,1,63,0,1
85,M,3,343,0,1
20,F,2,3,0,0
57,M,3,77,1,1
79,M,2,265,0,1
23,M,0,2,0,0
74,M,1,230,2,1
56,F,1,53,0,1
32,M,3,3,1,0
19,F,1,2,0,0
89,F,2,333,1,1
27,F,1,3,0,0
77,M,2,245,0,1
53,M,1,27,1,1
36,M,3,3,0,0
51,F,3,15,1,1
33,M,1,0,0,0
22,F,4,1,0,0
80,M,2,285,1,1
42,F,0,4,0,0
72,F,3,227,1,1
38,F,1,3,0,0
35,F,2,2,1,0
38,F,3,4,0,0
30,F,0,3,0,0
49,M,3,5,0,0
38,F,2,6,1,0
20,F,0,4,0,0
54,F,3,39,0,1
20,M,3,2,0,0
52,M,0,28,0,1
34,F,0,1,0,0
85,F,3,289,1,1
69,M,0,180,0,1
37,F,0,3,2,0
85,F,1,333,1,1
39,F,1,1,0,0
72,F,1,208,1,1
53,M,1,24,0,1
23,F,2,4,0,0
82,M,3,273,0,1
77,M,2,243,0,1
58,F,0,87,0,1
77,M,3,279,0,1
32,M,3,3,0,0
78,F,2,253,0,1
56,M,1,59,2,1
70,F,6,204,0,1
87,F,1,314,0,1
36,F,0,2,1,0
69,F,1,191,0,1
53,F,2,29,0,1
77,M,1,244,0,1
49,M,2,2,1,0
84,M,0,326,0,1
20,M,0,2,0,0
53,M,2,39,3,1
56,M,1,84,1,1
40,F,0,6,1,0
37,F,0,4,0,0
80,M,2,263,0,1
86,F,0,324,1,1
62,F,3,115,0,1
65,M,1,137,0,1
87,M,1,314,0,1
76,F,2,241,0,1
30,M,5,4,0,0
20,F,2,1,0,0
67,F,1,174,2,1
69,M,2,182,0,1
18,F,0,2,1,0
75,M,0,237,0,1
21,F,5,7,0,0
51,M,1,18,0,1
42,M,2,4,0,0
36,F,2,4,1,0
62,M,2,120,0,1
53,M,3,39,0,1
83,F,2,310,0,1
57,M,0,58,1,1
76,F,1,221,1,1
49,M,2,6,1,0
39,F,2,4,1,0
40,F,3,3,0,0
53,F,1,22,2,1
66,F,3,117,1,1
53,F,2,27,1,1
82,F,0,287,1,1
82,M,0,303,0,1
37,F,2,4,1,0
44,F,2,4,0,0
81,M,1,292,1,1
51,M,0,14,1,1
21,M,1,3,1,0
45,M,3,5,1,0
67,F,2,154,0,1
30,M,2,0,1,0
42,M,1,2,0,0
57,F,5,82,1,1
55,F,0,53,0,1
51,F,1,13,0,1
43,M,3,1,0,0
29,M,3,2,1,0
23,M,0,2,1,0
50,F,1,4,0,0
29,M,0,1,1,0
88,M,1,387,0,1
89,F,0,383,2,1
20,M,3,4,2,0
47,F,2,6,1,0
39,M,2,3,0,0
86,M,1,339,0,1
19,F,0,3,1,0
55,M,3,50,1,1
82,F,2,296,0,1
82,M,1,283,0,1
47,M,2,3,2,0
50,M,2,4,0,0
49,F,2,3,0,0
89,M,1,375,0,1
59,F,1,75,2,1
52,M,1,24,0,1
25,F,0,2,0,0
36,F,1,2,0,0
22,F,1,1,1,0
30,F,3,4,1,0
63,M,1,118,0,1
23,M,2,4,0,0
77,M,1,252,0,1
25,M,2,2,0,0
70,M,3,178,2,1
67,M,1,149,0,1
32,M,1,0,1,0
44,F,1,6,0,0
49,F,3,1,0,0
80,F,3,268,0,1
23,M,1,2,2,0
32,F,1,2,0,0
43,M,1,2,1,0
85,M,1,314,0,1
65,M,0,164,1,1
31,M,1,2,0,0
67,F,4,140,0,1
37,F,2,1,3,0
48,F,4,4,0,0
42,M,2,0,4,0
62,F,3,128,0,1
36,F,1,1,0,0
86,F,1,288,0,1
47,M,4,6,0,0
33,F,4,2,1,0
75,M,0,226,0,1
87,M,2,325,0,1
23,M,3,5,1,0
66,F,0,158,0,1
35,M,0,1,0,0
84,F,3,303,0,1
21,F,3,7,1,0
31,F,1,3,0,0
73,F,0,206,0,1
50,F,0,4,0,0
26,F,3,0,0,0
62,M,0,125,0,1
54,M,2,32,1,1
68,F,3,172,0,1
80,F,1,268,0,1
24,M,1,1,0,0
40,F,1,5,0,0
38,M,1,3,0,0
26,F,1,2,1,0
75,M,1,227,0,1
37,M,0,7,0,0
78,M,3,227,0,1
85,F,0,342,0,1
44,F,1,3,1,0
24,F,4,2,0,0
67,M,0,160,0,1
80,F,0,277,1,1
76,M,3,239,1,1
26,M,2,5,1,0
62,F,1,115,0,1
29,F,1,5,1,0
59,M,0,94,0,1
73,M,0,218,1,1
53,F,2,29,1,1
64,F,2,131,1,1
18,M,3,2,1,0
41,F,0,6,0,0
59,F,1,100,0,1
68,F,2,142,1,1
84,M,0,296,0,1
28,F,4,4,1,0
43,M,2,5,1,0
81,M,1,251,0,1
23,M,2,5,0,0
59,M,2,87,0,1
40,F,2,8,0,0
86,F,3,347,1,1
75,F,4,207,3,1
60,F,2,74,0,1
44,F,1,2,0,0
59,M,3,85,0,1
69,M,1,182,1,1
79,M,0,231,0,1
20,F,2,6,0,0
59,M,0,84,0,1
38,M,1,3,1,0
24,M,3,0,1,0
75,F,2,263,0,1
62,M,1,119,1,1
33,F,1,6,0,0
39,F,2,5,0,0
46,M,3,3,2,0
63,F,0,98,0,1
56,F,2,44,0,1
89,F,2,331,0,1
82,M,1,283,2,1
61,M,1,114,0,1
72,M,3,203,0,1
78,F,2,252,0,1
23,M,0,4,0,0
43,F,1,3,0,0
73,M,2,235,2,1
18,M,2,0,0,0
66,M,1,145,1,1
21,F,1,3,2,0
56,F,3,68,1,1
19,M,1,2,1,0
81,M,2,294,0,1
33,M,2,5,0,0
83,F,1,314,2,1
37,F,1,7,0,0
56,F,1,61,1,1
41,M,2,3,2,0
55,M,1,46,0,1
65,M,5,161,0,1
52,F,2,28,0,1
71,F,1,165,0,1
49,M,1,3,0,0
73,M,2,212,1,1
50,F,0,2,0,1
72,M,3,209,0,1
30,M,1,1,0,0
79,M,1,250,0,1
44,M,2,0,1,0
69,M,0,182,1,1
51,F,1,11,1,1
51,M,2,6,1,1
21,F,2,2,0,0
47,M,0,2,0,0
56,M,1,56,1,1
23,M,2,7,2,0
31,M,1,5,0,0
18,F,1,4,1,0
76,M,2,236,0,1
79,F,0,243,0,1
72,M,4,191,1,1
28,F,2,1,0,0
75,F,1,237,1,1
80,F,3,256,0,1
22,F,3,1,2,0
46,M,1,3,0,0
77,M,1,251,1,1
22,F,0,3,1,0
69,F,4,178,0,1
77,M,1,256,1,1
24,F,3,4,0,0
69,F,1,165,0,1
67,F,2,141,0,1
89,M,3,338,0,1
23,F,0,1,0,0
57,F,1,57,2,1
49,M,1,4,1,0
84,F,3,347,2,1
49,M,1,5,1,0
54,F,2,37,0,1
22,F,1,7,1,0
36,F,3,1,0,0
73,M,0,207,0,1
46,M,2,2,0,0
77,M,0,247,0,1
65,M,1,121,2,1
45,M,0,5,1,0
82,M,3,284,2,1
67,M,6,169,1,1
76,F,0,242,1,1
20,M,3,3,0,0
85,M,1,345,0,1
53,M,0,32,0,1
56,M,1,84,0,1
68,M,3,171,1,1
51,F,0,11,0,1
34,M,2,2,0,0
55,F,0,50,0,1
88,M,1,336,0,1
85,M,2,296,2,1
34,M,1,6,0,0
44,M,1,3,0,0
50,F,1,2,0,0
22,F,2,3,1,0
29,M,1,5,0,0
46,F,3,3,0,0
59,M,2,90,0,1
64,M,2,142,1,1
54,M,0,35,0,1
77,M,3,268,0,1
50,M,4,2,0,0
85,M,2,285,0,1
18,M,1,3,0,0
67,F,0,167,0,1
89,F,4,340,1,1
76,F,0,236,0,1
52,M,3,22,0,1
76,F,0,206,2,1
75,M,2,242,2,1
76,M,2,208,2,1
87,F,1,350,1,1
61,M,2,105,0,1
38,M,1,1,1,0
86,M,0,305,1,1
33,F,3,6,0,0
82,M,1,292,2,1
31,M,3,3,0,0
18,M,0,1,0,0
72,F,1,219,0,1
26,F,0,4,0,0
23,M,1,6,1,0
89,F,4,356,0,1
85,M,1,335,0,1
65,M,2,162,1,1
69,M,2,164,0,1
28,F,1,0,0,0
61,M,0,95,0,1
83,M,3,321,0,1
53,M,0,30,3,1
24,F,4,1,1,0
66,M,3,141,0,1
56,F,3,52,1,1
65,F,0,149,0,1
45,M,1,3,1,0
50,F,0,6,0,0
38,M,2,7,0,0
55,M,3,36,1,1
35,M,2,1,1,0
38,M,3,3,0,0
24,F,1,2,1,0
25,M,0,1,1,0
45,M,2,4,1,0
53,F,1,31,0,1
25,F,2,2,0,0
57,M,2,71,0,1
62,M,0,105,1,1
43,F,0,7,0,0
41,M,1,1,1,0
35,F,1,2,1,0
73,F,0,208,1,1
62,M,0,118,1,1
85,M,4,319,2,1
70,F,1,211,0,1
81,F,2,269,0,1
43,M,0,1,0,0
71,F,2,194,1,1
74,F,2,225,1,1
74,M,0,210,0,1
82,M,3,250,0,1
24,M,1,2,0,0
20,F,2,3,0,0
88,F,1,357,0,1
54,F,1,56,0,1
59,M,2,89,0,1
27,M,1,2,1,0
57,M,0,72,0,1
36,F,2,3,0,0
66,M,2,161,0,1
25,M,0,2,0,0
31,M,0,0,0,0
74,M,5,218,0,1
51,M,3,11,2,1
26,F,0,2,1,0
26,M,1,2,0,0
40,M,3,4,0,0
84,M,1,332,0,1
51,F,0,12,0,1
53,F,1,29,0,1
53,M,0,27,0,1
27,M,3,1,1,0
32,M,3,1,1,0
87,M,4,348,1,1
26,M,2,3,1,0
59,M,2,92,0,1
40,M,0,4,1,0
72,M,1,213,2,1
30,F,4,3,0,0
75,F,0,212,0,1
19,F,0,1,0,0
68,F,3,164,0,1
55,F,1,55,0,1
49,M,0,2,2,0
54,F,1,40,0,1
38,F,0,3,3,0
62,M,0,106,0,1
21,M,1,3,1,0
63,M,3,122,0,1
62,M,1,85,0,1
77,M,2,249,1,1
25,F,2,3,0,0
59,F,3,75,1,1
44,M,1,1,0,0
51,M,1,11,0,1
82,F,1,284,2,1
77,F,2,246,0,1
83,M,1,300,0,1
85,M,1,324,0,1
77,F,1,251,0,1
58,F,1,78,2,1
31,F,1,1,0,0
51,M,3,6,0,1
85,F,1,315,1,1
33,F,1,6,1,0
28,F,2,3,0,0
71,F,0,189,3,1
84,F,0,309,3,1
20,M,2,0,0,0
71,F,2,187,0,1
76,F,0,238,0,1
87,F,4,332,1,1
80,F,1,285,0,1
88,F,0,341,0,1
28,M,0,2,1,0
55,M,1,50,0,1
77,F,2,250,0,1
40,M,0,4,0,0
75,M,2,240,0,1
84,M,2,300,2,1
82,F,1,287,0,1
40,F,1,3,1,0
76,M,1,229,2,1
41,F,0,2,2,0
83,F,0,320,0,1
58,M,1,70,0,1
75,M,2,240,0,1
28,F,1,5,1,0
28,M,1,2,0,0
50,M,1,5,0,0
62,M,3,130,0,1
27,F,2,2,0,0
38,M,3,3,0,0
50,M,0,3,0,0
66,M,3,127,2,1
83,F,0,306,1,1
73,F,0,203,2,1
84,F,0,300,0,1
84,F,2,312,1,1
86,F,1,335,0,1
78,F,0,281,0,1
70,F,0,167,1,1
57,F,1,63,0,1
71,M,2,182,0,1
84,M,3,306,2,1
48,F,3,2,1,0
42,M,1,4,0,0
82,F,0,299,0,1
66,M,0,159,0,1
27,M,2,4,1,0
37,M,0,4,0,0
29,M,3,1,2,0
85,F,3,333,1,1
26,F,2,3,0,0
21,M,0,4,0,0
47,F,0,3,0,0
49,F,0,2,0,0
22,M,0,7,0,0
53,F,2,37,0,1
68,F,2,199,0,1
74,F,1,229,2,1
31,F,2,4,0,0
73,M,1,234,0,1
67,F,1,183,0,1
81,F,2,289,2,1
58,M,1,72,1,1
26,M,0,1,0,0
67,F,2,138,0,1
75,F,2,235,1,1
68,M,3,135,0,1
57,M,1,77,0,1
74,M,1,244,0,1
81,F,0,277,1,1
52,F,3,26,0,1
48,M,2,4,0,0
59,F,1,91,0,1
66,F,1,143,0,1
36,F,0,6,0,0
25,M,2,4,0,0
54,M,0,42,0,1
65,F,0,112,1,1
24,F,0,3,1,0
31,M,1,4,0,0
86,F,1,357,0,1
56,M,0,48,1,1
84,F,1,275,0,1
71,M,2,184,0,1
23,F,0,1,0,0
27,F,2,5,0,0
18,M,1,3,1,0
79,M,2,280,0,1
46,F,2,6,0,0
36,F,3,4,2,0
55,M,1,49,0,1
65,F,1,154,0,1
52,M,1,17,1,1
22,F,0,3,0,0
42,M,2,4,0,0
45,M,0,3,0,0
62,F,2,115,1,1
66,F,1,164,0,1
46,F,2,0,1,0
39,F,0,4,1,0
47,F,0,1,0,0
28,M,3,1,3,0
20,M,1,3,1,0
30,M,1,2,0,0
60,F,1,97,0,1
59,M,0,74,0,1
23,M,1,7,0,0
71,M,0,165,1,1
79,M,2,270,0,1
35,M,0,2,0,0
52,M,1,26,1,1
45,F,3,3,2,0
43,M,0,7,0,0
87,F,3,345,1,1
65,F,3,128,0,1
68,M,1,166,1,1
81,F,3,279,1,1
52,M,2,28,2,1
30,F,0,3,2,0
68,M,1,185,1,1
46,M,1,3,1,0
86,M,0,307,0,1
88,F,1,344,0,1
45,F,2,4,0,0
80,M,1,274,1,1
70,F,0,194,0,1
46,F,1,3,0,0
66,M,1,157,0,1
44,F,1,5,0,0
77,F,2,243,0,1
76,F,2,244,0,1
86,M,2,323,0,1
24,M,1,0,0,0
69,F,1,142,1,1
26,M,0,3,0,0
77,F,0,261,1,1
59,M,5,74,0,1
53,F,1,36,1,1
58,F,3,85,1,1
84,F,1,305,1,1
58,F,2,69,1,1
86,F,0,296,1,1
73,M,0,231,1,1
88,F,3,361,0,1
81,F,1,279,0,1
23,M,0,3,0,0
46,F,0,3,1,0
45,F,0,3,0,0
41,F,2,5,1,0
56,M,2,56,1,1
79,F,0,237,0,1
29,F,1,4,0,0
35,M,1,3,1,0
40,F,3,0,1,0
81,F,3,277,1,1
24,M,2,2,0,0
68,F,4,166,1,1
31,F,2,4,0,0
78,F,1,244,1,1
84,F,1,324,0,1
63,M,1,117,0,1
65,M,2,130,0,1
25,M,3,2,0,0
77,M,0,267,1,1
69,F,1,179,2,1
22,M,3,3,0,0
53,M,2,24,0,1
52,M,2,25,0,1
31,F,3,3,0,0
89,M,1,357,1,1
25,M,3,2,0,0
65,M,0,146,0,1
36,F,2,3,0,0
77,F,0,236,0,1
27,M,4,2,1,0
43,M,1,4,2,0
27,M,0,4,4,0
37,F,3,4,0,0
78,F,1,262,0,1
76,F,0,252,0,1
86,M,2,317,0,1
35,M,0,1,0,0
89,F,2,328,2,1
76,F,2,230,0,1
58,M,3,75,2,1
55,M,1,60,0,1
58,M,1,56,0,1
73,M,2,245,0,1
22,F,1,5,0,0
84,F,0,332,0,1
26,M,1,2,1,0
26,F,3,6,0,0
73,M,1,211,0,1
52,F,1,33,1,1
59,M,1,101,2,1
47,F,0,4,1,0
58,M,0,67,1,1
69,F,1,177,0,1
72,M,3,201,3,1
70,F,1,157,1,1
76,M,1,230,4,1
73,F,0,215,0,1
69,F,0,147,2,1
74,M,1,207,0,1
18,F,2,2,1,0
83,M,2,294,0,1
57,M,0,62,0,1
52,M,3,36,1,1
78,F,2,243,0,1
41,F,2,1,0,0
77,F,3,234,1,1
41,F,1,3,0,0
86,M,6,325,0,1
86,F,2,318,2,1
55,M,3,44,2,1
80,F,1,300,0,1
55,F,2,49,0,1
53,F,1,21,3,1
19,F,1,3,0,0
44,F,1,2,0,0
54,M,2,36,0,1
27,F,1,1,0,0
58,M,3,74,2,1
44,F,2,5,0,0
84,F,0,266,0,1
32,F,2,2,2,0
81,F,2,278,0,1
77,F,1,223,0,1
22,F,2,1,0,0
71,F,2,166,2,1
28,M,1,4,0,0
46,M,2,4,2,0
45,M,1,2,0,0
27,M,3,3,0,0
74,F,3,198,2,1
70,M,1,148,2,1
29,F,3,1,0,0
46,F,1,3,2,0
73,F,1,240,0,1
70,F,0,175,0,1
60,F,3,84,1,1
58,F,0,75,1,1
81,M,1,291,1,1
61,M,3,105,3,1
42,F,5,3,1,0
51,F,5,11,1,1
46,M,1,1,3,0
29,M,1,1,0,0
22,M,0,2,2,0
84,F,5,305,0,1
55,M,2,40,0,1
89,F,2,352,0,1
73,M,1,210,1,1
71,F,0,203,0,1
54,F,1,43,1,1
53,M,1,24,1,1
55,F,1,42,0,1
73,F,2,215,0,1
83,M,1,298,1,1
39,M,2,4,1,0
73,F,1,191,0,1
78,M,0,240,0,1
40,F,1,1,1,0
54,M,2,31,0,1
86,M,1,322,3,1
56,M,4,76,0,1
70,M,3,185,1,1
23,F,4,5,0,0
39,M,3,3,0,0
23,M,2,3,0,0
33,F,5,3,1,0
32,M,1,0,0,0
66,M,1,156,0,1
27,M,6,1,0,0
54,F,1,28,0,1
20,F,3,1,2,0
61,M,0,98,2,1
63,F,1,120,1,1
27,F,1,1,0,0
29,M,2,4,1,0
73,M,1,207,0,1
79,M,1,279,0,1
79,M,1,248,0,1
62,F,1,121,1,1
48,M,4,4,2,0
70,M,0,206,0,1
39,M,1,1,0,0
58,M,1,69,0,1
88,M,0,361,2,1
34,F,0,2,0,0
88,M,1,343,1,1
70,F,3,181,0,1
26,M,2,5,0,0
79,M,3,256,1,1
56,F,0,58,0,1
80,F,1,263,0,1
49,F,2,2,2,0
41,F,0,3,0,0
38,M,2,1,0,0
72,M,3,191,1,1
55,F,2,45,0,1
36,F,0,3,0,0
66,F,2,153,0,1
25,M,0,5,0,0
44,M,1,2,1,0
45,M,1,2,0,0
40,M,0,1,0,0
57,M,2,67,1,1
80,M,1,285,2,1
31,M,0,2,0,0
65,M,2,137,2,1
29,M,3,3,3,0
39,M,1,4,2,0
87,M,1,347,1,1
29,F,3,2,1,0
19,M,3,1,0,0
45,F,1,4,1,0
67,F,0,162,0,1
85,F,2,306,2,1
66,M,2,153,0,1
77,F,1,214,0,1
52,M,0,15,1,1
33,M,2,4,2,0
54,M,0,35,1,1
61,F,1,98,0,1
38,F,1,2,1,0
18,M,1,5,1,0
61,M,1,100,1,1
83,M,2,281,0,1
66,M,2,153,0,1
85,M,4,313,0,1
82,F,3,290,1,1
33,F,2,3,0,0
66,M,0,168,0,1
42,F,0,1,0,0
66,M,4,163,3,1
39,F,1,2,0,0
20,F,2,5,1,0
31,F,1,2,0,0
22,F,2,1,0,0
67,F,2,150,1,1
78,M,0,236,1,1
45,F,0,3,1,0
45,M,1,4,0,0
18,F,3,5,0,0
77,F,0,248,1,1
33,M,1,0,0,0
27,M,2,1,1,0
65,F,2,137,0,1
19,M,2,3,0,0
68,F,2,175,1,1
41,F,0,5,0,0
19,M,0,2,1,0
89,F,2,380,0,1
57,F,2,73,1,1
39,F,1,7,1,0
63,M,2,124,0,1
49,F,3,3,1,0
63,M,1,143,0,1
77,F,1,261,0,1
64,M,5,136,1,1
64,F,2,148,0,1
74,M,1,205,0,1
74,F,2,205,1,1
42,F,3,2,1,0
58,F,1,76,1,1
79,M,1,287,0,1
55,M,0,47,0,1
49,M,1,7,2,0
60,F,2,82,0,1
22,F,2,2,0,0
88,F,1,342,0,1
64,M,1,121,1,1
20,M,1,3,1,0
42,M,2,2,0,0
58,M,5,77,0,1
63,F,4,113,2,1
88,M,0,321,1,1
44,F,1,4,0,0
49,M,3,1,1,0
53,M,2,36,0,1
66,F,2,135,3,1
57,M,2,79,0,1
59,F,3,83,2,1
68,M,1,166,0,1
79,F,0,264,0,1
39,F,3,1,0,0
71,M,3,187,0,1
66,M,2,152,0,1
61,M,2,101,1,1
34,M,1,5,1,0
67,M,5,180,0,1
74,F,3,217,1,1
40,F,1,5,0,0
34,M,2,6,0,0
45,M,0,3,0,0
23,F,3,1,1,0
77,M,2,253,0,1
20,M,1,0,0,0
36,M,2,2,0,0
61,F,4,102,0,1
29,M,1,3,0,0
41,M,2,1,0,0
25,M,1,3,0,0
59,M,2,93,0,1
28,M,0,4,0,0
40,F,2,2,1,0
26,F,0,4,1,0
49,F,0,1,1,0
62,M,0,107,3,1
80,M,2,262,0,1
66,M,0,147,0,1
84,F,2,287,0,1
35,F,6,2,0,0
21,M,0,4,1,0
43,M,0,1,0,0
86,M,0,301,0,1
58,M,0,69,1,1
54,M,4,51,1,1
47,M,3,3,1,0
71,M,0,201,0,1
38,F,0,2,0,0
84,M,1,337,2,1
80,M,0,258,0,1
31,M,2,2,0,0
38,M,3,3,0,0
45,M,3,5,0,0
68,M,2,166,0,1
81,F,2,268,0,1
64,F,0,123,1,1
55,M,1,62,0,1
46,M,0,1,1,0
82,F,0,313,0,1
24,M,1,3,0,0
78,M,0,263,0,1
21,M,2,2,2,0
89,M,2,373,0,1
32,M,3,3,1,0
65,M,2,142,0,1
19,M,3,1,1,0
22,M,1,5,0,0
80,M,1,278,0,1
82,F,0,295,0,1
34,M,3,1,0,0
31,F,2,2,0,0
33,M,1,2,1,0
29,F,2,4,1,0
18,F,1,1,0,0
44,F,2,3,1,0
37,F,1,5,0,0
32,M,1,5,1,0
41,F,0,6,0,0
28,M,3,1,1,0
32,M,2,3,0,0
63,M,2,135,1,1
70,F,0,182,2,1
83,F,0,289,0,1
39,F,4,4,1,0
36,M,1,2,0,0
45,M,2,5,0,0
44,M,2,1,0,0
31,F,2,2,0,0
64,F,0,116,0,1
33,M,2,1,0,0
39,F,0,2,0,0
63,M,0,121,0,1
53,M,1,28,0,1
36,M,2,4,0,0
83,M,3,294,0,1
24,F,2,6,0,0
26,F,0,5,0,0
46,M,1,2,2,0
56,M,1,67,0,1
67,F,2,191,0,1
33,M,2,2,1,0
69,M,0,184,0,1
73,F,2,204,0,1
22,F,3,2,1,0
32,F,1,3,0,0
76,F,0,267,0,1
76,F,2,219,0,1
82,F,0,298,0,1
47,F,0,4,0,0
33,F,2,6,0,0
85,M,0,328,1,1
62,M,3,100,2,1
44,M,0,2,0,0
56,F,0,66,0,1
53,M,2,32,2,1
33,M,2,1,0,0
25,M,3,4,1,0
88,F,2,352,0,1
37,F,6,5,0,0
85,M,1,316,1,1
47,M,1,2,1,0
49,M,3,1,0,0
82,M,0,290,1,1
62,M,0,116,1,1
60,M,0,86,0,1
24,F,0,3,1,0
76,M,1,237,0,1
43,F,3,1,1,0
79,F,1,278,1,1
75,M,3,205,0,1
24,M,0,1,0,0
63,M,3,106,1,1
40,M,0,4,0,0
60,M,0,97,0,1
77,F,0,237,2,1
76,F,0,229,0,1
72,F,2,210,0,1
30,F,2,2,0,0
58,M,2,68,0,1
52,M,0,36,2,1
47,M,1,1,0,0
60,F,2,100,1,1
53,M,1,23,0,1
74,F,3,212,2,1
19,F,1,3,0,0
83,F,3,299,0,1
27,M,1,4,0,0
50,F,2,5,0,0
43,F,1,6,0,0
43,M,0,1,0,0
28,M,1,2,1,0
58,M,1,68,0,1
34,F,2,0,1,0
60,F,2,78,0,1
76,F,5,232,1,1
18,F,1,2,0,0
73,F,2,224,2,1
81,F,0,279,0,1
70,M,3,205,0,1
75,M,1,280,0,1
58,F,3,72,0,1
42,F,1,2,0,0
84,F,2,310,1,1
62,M,1,110,1,1
34,M,0,4,1,0
67,F,1,144,0,1
62,F,1,109,0,1
79,M,1,283,2,1
48,F,2,3,1,0
35,F,2,3,1,0
85,F,0,303,0,1
84,F,1,322,0,1
42,M,1,4,1,0
29,M,1,2,0,0
35,F,2,2,0,0
34,M,0,2,1,0
73,F,2,189,0,1
62,M,1,91,1,1
76,F,0,250,0,1
22,M,2,4,1,0
69,F,3,174,2,1
43,F,3,2,0,0
74,M,0,197,0,1
62,F,2,122,0,1
31,M,1,3,1,0
73,M,0,193,2,1
61,F,1,114,0,1
79,M,4,259,0,1
56,M,1,67,3,1
84,F,1,329,0,1
83,F,3,284,0,1
77,F,4,234,0,1
46,F,2,2,1,0
81,F,4,278,1,1
35,F,0,1,0,0
87,F,0,319,0,1
40,M,1,3,1,0
40,F,2,3,1,0
54,F,1,40,1,1
31,M,2,1,0,0
88,F,2,337,0,1
51,F,1,13,0,1
68,F,2,139,1,1
82,M,1,304,1,1
69,F,1,170,0,1
27,F,2,5,0,0
51,F,1,10,1,1
65,M,2,155,1,1
46,M,2,1,2,0
74,F,2,230,0,1
85,F,2,309,0,1
53,F,3,26,0,1
50,F,3,3,1,1
66,M,0,147,2,1
27,M,1,2,0,0
59,F,3,84,1,1
74,M,2,222,1,1
32,M,3,2,1,0
32,M,1,4,2,0
50,F,1,2,2,0
46,M,3,1,1,0
61,F,1,102,0,1
62,M,3,115,2,1
72,F,0,207,0,1
77,F,2,238,0,1
65,F,4,157,0,1
18,M,3,3,0,0
78,F,3,243,0,1
64,F,1,108,0,1
62,M,3,105,0,1
27,F,2,3,0,0
20,M,1,1,0,0
63,M,1,116,0,1
31,F,1,3,0,0
61,M,0,101,0,1
89,F,2,379,2,1
55,F,1,38,0,1
79,M,2,263,1,1
48,M,1,2,0,0
26,F,4,5,3,0
56,F,2,54,1,1
63,F,1,99,0,1
86,F,1,320,1,1
58,M,1,84,0,1
43,F,0,2,0,0
31,F,2,2,1,0
51,F,1,16,0,1
49,M,1,3,1,0
28,F,0,3,0,0
28,M,3,3,1,0
45,M,0,2,0,0
65,F,1,141,1,1
21,M,1,3,0,0
67,M,1,161,0,1
83,M,1,305,0,1
58,M,3,73,0,1
42,F,3,3,1,0
36,M,3,1,0,0
85,M,0,320,1,1
23,M,1,1,1,0
27,M,0,4,0,0
42,F,0,3,0,0
65,F,1,146,1,1
81,F,1,306,1,1
61,F,2,103,0,1
43,M,0,0,1,0
65,M,2,120,1,1
31,F,3,2,0,0
75,M,4,237,1,1
64,F,0,145,1,1
23,F,2,4,1,0
60,M,1,100,1,1
71,F,2,179,0,1
46,M,1,1,1,0
19,F,1,3,1,0
77,F,0,238,0,1
39,F,0,1,2,0
24,F,1,2,0,0
79,M,0,251,1,1
80,M,0,285,2,1
59,M,0,89,0,1
62,F,2,115,0,1
85,M,2,314,1,1
83,F,1,307,1,1
80,F,1,252,1,1
25,F,4,2,2,0
48,F,0,1,0,0
58,M,1,72,0,1
38,M,3,4,0,0
68,M,1,162,0,1
32,F,2,3,0,0
42,F,0,1,1,0
21,F,3,2,1,0
31,F,1,3,0,0
69,F,1,168,0,1
47,F,0,2,1,0
76,F,1,238,0,1
32,M,1,5,0,0
21,M,2,2,1,0
34,M,3,3,0,0
53,F,2,31,0,1
66,F,2,161,1,1
77,M,0,235,1,1
68,M,1,179,0,1
64,M,1,148,1,1
27,M,2,1,1,0
47,F,1,6,0,0
74,M,0,203,0,1
86,F,1,321,1,1
30,M,1,2,1,0
48,M,0,3,1,0
21,F,2,4,1,0
40,F,1,0,0,0
73,M,1,188,0,1
53,M,1,29,0,1
88,M,2,280,0,1
42,M,1,4,0,0
64,F,0,112,0,1
46,M,3,6,0,0
88,M,1,379,1,1
53,M,0,30,0,1
65,M,3,138,0,1
23,F,3,4,1,0
19,M,1,3,2,0
61,M,1,103,1,1
85,M,0,302,1,1
59,F,4,93,3,1
52,M,0,23,0,1
69,F,0,163,1,1
77,M,3,248,0,1
35,M,1,1,0,0
38,F,0,5,2,0
20,M,2,2,0,0
58,F,3,63,1,1
68,F,1,169,0,1
68,F,1,158,0,1
44,M,0,3,1,0
73,M,0,203,1,1
61,M,2,112,0,1
38,F,0,4,1,0
37,F,3,2,1,0
35,M,0,4,0,0
43,M,1,3,2,0
45,F,1,2,0,0
36,F,2,2,0,0
60,F,2,96,1,1
53,F,0,28,0,1
63,M,2,128,2,1
64,M,2,137,0,1
28,F,3,8,0,0
34,M,7,0,0,0
35,F,0,1,1,0
40,F,3,6,2,0
78,F,2,262,2,1
51,M,2,21,0,1
47,F,0,3,0,0
68,M,4,152,1,1
45,M,2,1,0,0
44,F,1,1,0,0
75,M,1,215,0,1
22,F,2,3,0,0
22,M,1,3,0,0
55,M,1,34,0,1
34,M,3,4,1,0
50,F,4,2,0,1
31,M,1,3,0,0
89,M,2,347,0,1
54,F,1,56,0,1
59,F,2,88,0,1
51,F,1,15,0,1
21,F,1,3,0,0
31,M,4,3,0,0
64,M,3,151,1,1
83,M,3,288,0,1
23,F,3,1,1,0
32,M,1,3,0,0
44,M,1,2,1,0
38,M,1,4,1,0
20,F,1,6,1,0
86,M,1,359,1,1
61,M,4,122,0,1
39,F,1,3,1,0
30,M,1,3,0,0
50,M,3,2,2,1
85,F,1,303,0,1
70,F,3,184,1,1
31,M,3,1,1,0
48,M,1,4,0,0
87,M,0,344,0,1
89,M,0,372,0,1
83,F,2,307,0,1
53,F,2,27,0,1
55,M,1,48,0,1
35,M,3,0,3,0
51,F,0,12,1,1
71,F,3,192,0,1
46,F,1,3,1,0
84,F,2,341,0,1
71,M,2,191,0,1
33,M,0,6,0,0
31,M,2,3,1,0
56,M,2,52,0,1
43,M,0,2,0,0
82,F,1,300,1,1
22,F,2,5,0,0
72,M,1,201,1,1
48,F,1,3,1,0
78,F,2,237,1,1
31,F,1,4,0,0
41,M,0,1,0,0
84,F,1,317,0,1
27,M,0,2,0,0
50,F,2,4,0,0
87,M,2,321,1,1
34,F,3,4,0,0
66,M,0,135,0,1
37,F,1,1,0,0
64,M,3,130,0,1
30,M,3,3,0,0
47,M,2,3,0,0
24,F,2,3,0,0
35,M,0,5,0,0
21,F,3,5,1,0
24,M,2,1,0,0
69,F,3,176,1,1
26,F,2,5,1,0
25,F,1,5,1,0
61,M,0,100,0,1
78,F,1,263,1,1
49,M,1,4,0,0
87,M,0,368,0,1
85,M,1,340,0,1
83,F,3,303,3,1
25,F,2,4,0,0
30,F,2,5,0,0
77,M,0,263,1,1
75,M,3,220,0,1
78,M,2,230,0,1
61,M,1,107,0,1
86,M,1,331,0,1
86,M,3,339,1,1
25,M,0,5,0,0
39,M,3,1,1,0
57,F,0,73,0,1
61,M,0,118,0,1
28,M,1,3,0,0
62,M,1,107,1,1
88,F,4,353,3,1
31,F,1,5,0,0
84,M,3,297,0,1
61,M,5,116,2,1
40,F,0,1,0,0
70,F,4,215,4,1
42,M,2,2,3,0
76,F,1,219,1,1
64,M,1,132,1,1
79,M,2,259,0,1
49,F,1,2,0,0
19,M,1,2,0,0
42,F,4,5,1,0
72,M,2,208,1,1
19,F,2,3,0,0
41,M,3,6,2,0
56,M,0,49,0,1
73,F,1,205,0,1
64,F,0,119,0,1
28,M,2,2,1,0
18,F,0,3,1,0
45,M,3,5,1,0
42,F,4,2,0,0
47,M,2,4,2,0
67,F,1,168,0,1
68,F,4,156,1,1
48,M,3,2,1,0
62,F,3,115,2,1
40,F,2,1,2,0
76,M,1,245,1,1
38,M,2,4,0,0
18,F,0,3,0,0
33,F,1,3,1,0
38,F,0,5,3,0
34,F,1,3,1,0
70,M,0,166,1,1
39,M,1,3,0,0
35,F,1,6,0,0
65,M,0,144,0,1
78,M,2,265,0,1
47,F,3,4,1,0
40,F,3,3,0,0
69,F,1,197,1,1
66,M,1,126,0,1
57,F,2,69,0,1
21,M,3,3,0,0
89,F,0,333,0,1
83,F,4,302,0,1
80,M,0,289,0,1
26,M,5,4,1,0
48,F,3,2,2,0
47,M,1,2,1,0
81,F,2,308,1,1
46,F,2,5,1,0
66,M,1,160,1,1
39,F,2,2,0,0
79,F,3,258,0,1
56,F,2,52,0,1
39,F,2,2,0,0
55,F,2,41,0,1
55,M,3,43,1,1
75,F,1,235,0,1
30,F,0,2,0,0
87,F,5,336,2,1
24,M,0,4,0,0
75,F,2,239,0,1
22,M,1,4,0,0
70,M,2,164,0,1
54,F,3,39,1,1
32,M,1,1,0,0
57,F,1,73,0,1
33,F,0,3,1,0
88,F,1,324,3,1
18,F,2,4,0,0
20,M,1,5,0,0
24,M,0,3,1,0
68,M,3,156,1,1
74,M,2,242,0,1
49,F,0,2,1,0
22,M,3,5,4,0
81,M,5,315,0,1
37,F,2,3,1,0
38,M,0,3,0,0
45,F,4,4,0,0
31,M,1,2,2,0
29,M,1,4,0,0
57,F,1,51,0,1
42,M,2,4,0,0
56,M,3,54,1,1
36,M,3,2,1,0
85,F,2,293,0,1
47,F,3,2,2,0
31,F,2,1,0,0
30,M,0,2,0,0
43,M,2,1,0,0
19,M,3,7,0,0
78,F,0,229,0,1
83,F,1,297,0,1
70,F,0,181,0,1
71,M,0,161,0,1
29,M,2,2,1,0
73,F,4,196,1,1
73,F,1,199,0,1
36,M,1,3,0,0
65,F,2,132,2,1
85,F,1,356,0,1
54,F,1,46,0,1
77,M,1,223,2,1
88,M,0,374,1,1
47,M,3,4,0,0
33,M,2,3,1,0
38,F,3,2,0,0
55,F,3,51,2,1
75,M,0,229,0,1
70,M,1,166,1,1
19,M,0,1,0,0
68,M,1,165,1,1
59,M,2,95,0,1
20,M,1,4,2,0
80,F,2,274,0,1
42,F,0,2,0,0
83,F,4,288,0,1
63,M,2,115,1,1
84,F,0,349,0,1
84,F,1,322,1,1
48,M,1,5,1,0
63,F,3,117,0,1
19,M,1,0,0,0
72,F,2,201,0,1
43,M,1,1,0,0
47,M,4,4,2,0
37,M,0,0,1,0
72,M,1,189,1,1
59,M,1,83,2,1
49,F,5,0,0,0
70,M,2,185,1,1
51,M,1,11,2,1
88,M,2,336,0,1
67,M,2,167,0,1
40,M,0,3,0,0
70,F,1,192,1,1
44,M,2,5,0,0
79,F,2,264,0,1
24,M,0,4,0,0
47,F,3,4,0,0
77,M,0,250,1,1
39,F,0,5,0,0
53,F,1,40,0,1
65,M,2,122,1,1
34,M,3,6,2,0
29,M,0,11,0,0
54,F,0,41,0,1
88,F,0,321,0,1
52,M,4,19,1,1
51,M,3,6,0,1
76,F,2,225,0,1
67,M,0,153,0,1
34,M,0,2,1,0
30,M,3,4,0,0
54,F,2,41,2,1
83,M,2,308,1,1
50,F,2,1,0,0
32,F,2,2,1,0
25,F,2,1,0,0
37,M,2,4,0,0
27,F,1,0,0,0
86,F,0,321,0,1
35,M,2,5,2,0
39,M,2,2,1,0
49,M,0,5,1,0
31,F,2,2,1,0
57,F,5,58,0,1
62,M,2,116,1,1
71,M,0,189,0,1
27,M,1,4,0,0
83,F,2,317,0,1
58,M,0,75,0,1
24,F,2,1,0,0
87,F,2,333,0,1
88,M,0,337,0,1
44,F,2,7,0,0
47,M,1,4,0,0
67,F,0,174,0,1
74,F,2,197,0,1
65,F,0,133,2,1
41,M,3,3,1,0
32,F,1,3,1,0
70,M,1,190,0,1
49,F,1,2,1,0
67,F,0,157,0,1
40,F,0,4,1,0
19,F,3,1,1,0
81,F,1,268,1,1
80,M,2,278,1,1
29,F,2,1,0,0
21,M,0,6,1,0
46,F,3,2,2,0
53,M,2,25,2,1
69,F,4,165,1,1
33,F,1,2,3,0
72,F,1,194,0,1
60,M,1,73,0,1
47,M,0,2,0,0
31,M,1,6,1,0
47,F,3,4,0,0
61,F,2,87,0,1
27,F,2,3,0,0
73,M,2,220,0,1
24,M,1,9,0,0
60,F,1,100,0,1
33,F,1,2,2,0
78,M,3,248,0,1
49,M,1,1,1,0
45,M,1,6,1,0
81,F,0,301,0,1
66,M,1,150,0,1
34,M,1,0,0,0
50,M,3,3,1,1
81,M,1,283,0,1
83,M,0,288,0,1
57,F,1,67,0,1
24,M,0,3,1,0
81,F,2,264,0,1
80,M,2,266,0,1
23,M,0,4,0,0
18,F,2,4,1,0
34,M,3,2,0,0
79,M,3,263,1,1
24,M,1,3,0,0
24,F,2,5,0,0
84,M,1,323,0,1
68,M,0,153,0,1
41,F,2,1,1,0
25,F,0,5,0,0
83,M,4,313,0,1
74,F,0,197,2,1
81,F,0,314,0,1
34,M,1,2,0,0
77,M,0,259,0,1
23,M,5,1,1,0
49,M,0,2,0,0
80,F,2,257,0,1
44,M,2,1,0,0
59,M,0,89,0,1
54,F,1,48,1,1
79,M,1,289,1,1
56,F,3,56,1,1
75,F,1,239,1,1
58,F,1,66,0,1
24,M,2,4,1,0
49,F,1,1,0,0
24,M,0,2,1,0
78,M,2,260,0,1
69,F,3,160,1,1
60,F,3,90,0,1
78,F,2,269,0,1
75,M,3,214,1,1
30,F,3,5,1,0
47,F,1,5,0,0
81,M,4,307,0,1
56,M,0,50,1,1
19,F,1,0,1,0
70,M,1,168,0,1
73,M,4,195,3,1
26,F,2,3,1,0
63,F,3,137,1,1
67,M,0,154,0,1
45,F,2,1,2,0
23,M,1,5,0,0
45,F,1,2,2,0
54,F,2,41,0,1
40,F,3,4,1,0
53,F,1,33,0,1
52,F,0,27,0,1
47,M,0,5,0,0
54,F,2,38,0,1
57,F,0,67,1,1
29,M,0,5,2,0
57,M,0,49,0,1
18,F,2,4,1,0
39,M,2,1,0,0
55,F,2,46,1,1
18,M,1,7,1,0
31,M,3,5,0,0
27,F,0,3,0,0
25,F,1,5,2,0
37,F,2,2,1,0
36,M,5,4,2,0
57,M,1,59,0,1
28,M,2,5,2,0
25,M,0,7,0,0
80,F,3,295,1,1
47,M,1,2,0,0
38,M,3,3,0,0
67,F,0,140,2,1
64,M,1,129,1,1
63,M,2,129,0,1
18,M,0,4,1,0
60,M,0,87,0,1
65,M,3,169,1,1
25,M,1,6,0,0
86,F,2,312,1,1
80,F,1,284,0,1
72,M,1,202,2,1
32,M,1,2,0,0
72,M,1,216,0,1
53,F,0,31,1,1
48,M,1,4,0,0
57,F,2,79,1,1
52,F,0,23,0,1
65,F,3,155,0,1
82,M,2,299,1,1
88,M,0,355,1,1
35,M,2,5,0,0
79,M,0,258,1,1
54,M,3,43,0,1
28,F,2,1,0,0
70,M,2,195,0,1
43,F,2,1,1,0
42,F,3,2,0,0
52,F,2,18,0,1
51,M,2,10,1,1
61,M,1,114,0,1
20,M,4,2,1,0
52,M,1,19,0,1
67,M,1,161,2,1
66,M,1,140,0,1
30,F,2,1,0,0
44,F,1,4,0,0
36,M,1,3,3,0
22,M,1,2,0,0
34,M,0,9,1,0
24,M,5,3,0,0
69,F,1,163,0,1
85,M,2,324,0,1
46,M,0,2,0,0
42,M,2,5,1,0
89,F,1,319,1,1
60,M,1,108,0,1
75,F,0,224,0,1
34,M,0,2,0,0
84,M,1,338,0,1
30,F,5,2,0,0
67,M,3,164,0,1
67,F,1,159,0,1
34,F,0,2,0,0
77,M,1,229,2,1
41,M,0,2,2,0
64,F,1,135,0,1
44,F,1,4,0,0
24,M,2,3,1,0
32,M,2,5,1,0
37,M,1,3,0,0
51,M,0,12,0,1
44,M,2,3,0,0
74,M,1,235,1,1
49,M,1,4,3,0
55,M,1,41,1,1
76,F,0,253,1,1
29,M,3,5,0,0
66,F,0,162,0,1
70,F,1,185,0,1
64,F,3,111,0,1
87,F,1,334,0,1
27,M,5,3,1,0
52,F,1,20,0,1
79,M,1,252,1,1
28,F,2,3,0,0
77,M,1,248,0,1
70,F,2,189,0,1
23,M,2,3,0,0
56,M,3,51,0,1
65,F,2,121,0,1
76,M,1,237,0,1
29,F,4,2,2,0
61,F,5,93,0,1
71,F,1,185,0,1
80,F,0,268,0,1
60,F,4,106,1,1
19,M,2,3,0,0
34,F,0,4,2,0
64,M,1,115,0,1
69,F,1,179,0,1
61,M,0,93,0,1
83,F,1,316,0,1
74,M,2,237,0,1
18,M,0,2,1,0
33,F,2,3,0,0
29,M,3,6,1,0
60,F,2,96,0,1
19,M,0,2,0,0
37,M,0,4,1,0
23,F,3,0,2,0
72,F,0,207,0,1
78,M,2,249,1,1
23,F,1,0,3,0
68,F,1,164,0,1
29,M,2,4,3,0
83,M,1,287,0,1
86,M,1,343,0,1
56,M,3,60,2,1
71,M,1,211,0,1
70,F,0,172,0,1
36,F,2,1,0,0
45,F,1,4,1,0
40,F,2,5,1,0
88,M,0,357,0,1
49,M,0,2,0,0
36,M,2,4,1,0
34,M,1,0,1,0
22,M,3,5,0,0
28,M,3,1,2,0
47,M,3,1,1,0
87,F,1,339,1,1
56,M,1,48,0,1
33,F,1,1,0,0
21,F,1,1,0,0
71,F,1,226,1,1
67,F,1,160,1,1
69,M,3,170,0,1
24,F,1,2,1,0
70,M,0,171,1,1
38,M,0,3,0,0
39,F,3,3,1,0
84,F,1,287,0,1
34,F,0,1,1,0
63,F,4,133,1,1
62,F,2,112,0,1
25,F,1,1,1,0
89,M,1,387,0,1
46,M,3,3,0,0
45,F,4,5,1,0
30,M,0,3,1,0
33,F,1,7,1,0
54,M,0,31,1,1
54,F,0,38,1,1
39,F,1,1,0,0
31,F,3,4,1,0
85,M,3,310,1,1
42,M,3,4,0,0
47,M,1,2,0,0
70,M,2,171,0,1
85,M,1,303,1,1
35,M,3,1,2,0
42,M,1,0,0,0
50,M,2,2,0,0
19,M,0,1,1,0
64,F,1,127,1,1
82,M,2,265,0,1
29,F,1,5,0,0
46,M,0,3,1,0
28,F,1,3,0,0
34,M,1,2,1,0
87,F,3,349,1,1
60,M,2,117,0,1
80,F,0,282,0,1
44,M,3,1,0,0
81,F,3,258,0,1
51,M,1,13,0,1
59,M,3,89,2,1
22,M,2,1,2,0
54,F,1,44,0,1
24,M,1,0,0,0
25,F,3,3,0,0
53,M,1,34,2,1
35,M,2,3,2,0
19,F,3,3,0,0
26,F,0,3,1,0
22,M,1,4,0,0
56,M,4,61,0,1
70,M,1,186,1,1
49,F,2,4,0,0
30,F,1,2,1,0
30,F,2,5,0,0
57,F,4,72,0,1
25,F,3,1,0,0
33,M,4,1,0,0
59,M,0,76,0,1
18,F,1,5,2,0
28,M,1,1,0,0
72,F,2,207,0,1
18,F,2,4,1,0
40,M,1,2,0,0
34,F,3,7,0,0
54,F,3,43,0,1
75,F,0,227,0,1
67,F,1,158,0,1
65,M,2,134,0,1
36,F,2,4,0,0
55,M,0,62,0,1
51,M,1,10,1,1
34,M,0,2,0,0
34,F,4,4,0,0
51,M,3,15,1,1
38,F,1,2,1,0
18,M,3,3,1,0
68,M,3,139,1,1
41,F,0,1,0,0
74,F,1,211,0,1
52,F,3,20,2,1
29,F,2,6,0,0
24,F,1,3,1,0
67,F,1,174,0,1
59,M,3,89,0,1
81,M,1,283,0,1
49,M,2,2,0,0
53,M,1,30,1,1
21,F,1,2,0,0
47,F,2,2,0,0
28,F,0,2,0,0
26,F,0,1,0,0
53,F,1,24,0,1
45,M,1,5,0,0
82,M,0,268,0,1
55,M,2,45,2,1
22,M,1,3,0,0
87,F,1,331,1,1
58,M,1,89,0,1
22,F,1,1,0,0
38,F,0,1,0,0
19,F,0,4,1,0
45,F,0,3,0,0
72,M,0,194,0,1
84,M,1,327,0,1
30,F,1,1,0,0
63,F,2,143,1,1
29,M,1,6,0,0
38,F,0,4,1,0
65,M,2,134,0,1
50,F,1,2,0,0
37,M,2,5,0,0
88,F,0,349,0,1
25,F,0,3,1,0
80,M,0,258,0,1
24,M,1,1,0,0
48,M,1,3,0,0
48,F,1,2,2,0
56,M,4,55,1,1
42,M,2,0,1,0
51,M,1,10,0,1
40,F,0,5,0,0
28,M,3,3,1,0
53,M,3,30,2,1
87,F,1,314,0,1
35,M,1,3,0,0
34,M,0,5,0,0
81,M,2,294,0,1
33,M,4,5,0,0
35,M,0,3,0,0
25,M,2,5,1,0
43,F,0,1,1,0
85,F,1,295,0,1
76,F,3,244,0,1
83,M,5,316,0,1
27,F,1,2,0,0
63,F,1,121,1,1
80,F,1,265,2,1
56,M,0,54,0,1
31,M,2,5,1,0
59,M,1,71,0,1
19,M,1,2,2,0
44,M,3,0,0,0
56,F,0,55,1,1
82,F,2,294,1,1
26,F,3,4,0,0
58,F,0,85,0,1
33,F,1,1,1,0
79,M,3,254,1,1
75,M,3,245,1,1
68,M,0,182,1,1
87,M,1,325,1,1
66,F,2,158,2,1
75,F,2,232,1,1
66,M,1,155,2,1
22,M,2,3,0,0
73,M,1,205,0,1
79,F,1,250,0,1
76,M,2,241,1,1
48,F,0,3,1,0
67,F,1,160,0,1
71,F,0,201,0,1
41,M,0,2,0,0
75,F,1,229,0,1
36,F,0,4,1,0
79,F,0,263,0,1
32,F,1,6,0,0
44,F,5,3,0,0
79,F,2,274,1,1
29,F,0,4,1,0
52,M,4,23,0,1
83,F,0,293,1,1
18,M,2,3,0,0
61,M,4,94,1,1
61,M,1,96,1,1
38,M,2,1,2,0
80,M,0,263,2,1
64,F,2,125,1,1
84,M,0,311,0,1
47,F,2,1,0,0
85,F,3,277,1,1
48,M,0,4,0,0
80,M,3,265,0,1
74,M,2,190,0,1
30,F,4,1,1,0
81,F,0,274,0,1
55,M,1,47,0,1
31,F,1,2,0,0
69,M,1,174,0,1
38,F,2,3,1,0
64,M,2,138,3,1
21,M,1,3,1,0
43,F,0,4,2,0
42,M,1,5,1,0
20,M,2,5,1,0
87,M,1,338,2,1
82,F,2,299,0,1
51,M,6,19,0,1
74,F,2,221,0,1
26,F,2,1,0,0
80,M,2,291,0,1
22,M,0,5,0,0
45,F,2,3,1,0
57,M,1,72,0,1
35,M,0,1,0,0
55,F,2,45,0,1
78,M,2,268,1,1
86,F,0,349,0,1
65,F,3,166,0,1
35,F,2,4,0,0
66,F,3,133,1,1
46,M,1,4,1,0
20,F,0,3,0,0
87,F,2,348,0,1
25,M,1,4,1,0
72,M,5,211,1,1
73,M,2,204,0,1
42,M,0,3,1,0
81,F,0,273,0,1
36,M,1,4,0,0
43,M,1,2,1,0
69,F,1,160,1,1
80,F,3,300,0,1
28,M,1,3,0,0
30,M,1,1,0,0
31,F,2,3,1,0
59,F,1,86,0,1
36,F,1,2,0,0
43,F,2,7,2,0
63,M,0,130,1,1
56,M,2,51,0,1
49,M,5,5,0,0
32,F,1,5,1,0
58,M,6,70,0,1
45,F,2,2,1,0
56,M,2,36,0,1
51,M,0,9,0,1
89,M,2,353,0,1
59,M,1,80,1,1
79,M,2,279,0,1
32,M,0,1,4,0
64,F,1,114,0,1
61,F,1,103,0,1
82,M,2,268,0,1
33,M,0,3,1,0
18,F,1,5,2,0
88,F,3,356,0,1
84,F,2,273,1,1
35,M,0,1,1,0
59,F,1,104,0,1
25,F,0,7,1,0
39,M,1,5,0,0
37,M,2,3,2,0
65,F,2,129,0,1
58,F,2,98,0,1
26,M,0,6,0,0
50,F,2,7,0,0
77,F,1,256,1,1
65,F,2,153,0,1
29,F,3,6,0,0
25,M,1,3,0,0
70,F,0,155,0,1
47,M,3,3,2,0
25,F,4,3,1,0
58,F,1,66,1,1
24,M,0,2,0,0
88,F,1,361,0,1
55,F,1,65,0,1
81,F,0,254,0,1
40,F,0,6,0,0
59,M,2,83,0,1
41,M,3,6,0,0
39,M,2,4,0,0
89,F,2,369,1,1
26,M,1,2,0,0
43,M,3,3,3,0
63,M,2,130,0,1
71,M,1,207,1,1
58,F,0,74,1,1
36,M,1,2,0,0
52,M,1,22,1,1
59,M,0,85,0,1
69,F,0,187,0,1
79,F,1,245,0,1
51,M,1,13,1,1
42,F,2,7,0,0
74,M,2,223,0,1
27,M,0,0,0,0
38,M,2,3,2,0
84,M,3,304,2,1
41,F,0,1,2,0
54,F,2,31,0,1
83,F,3,297,0,1
57,F,1,67,0,1
59,F,0,87,1,1
46,M,1,6,1,0
86,M,0,346,0,1
89,F,4,349,0,1
22,F,0,1,2,0
88,M,0,346,0,1
84,M,4,288,1,1
73,M,1,209,2,1
22,M,1,4,1,0
46,M,2,3,0,0
71,F,3,215,3,1
65,M,2,146,0,1
59,M,1,90,0,1
41,F,2,2,2,0
26,F,0,1,0,0
62,F,0,97,0,1
39,M,1,1,0,0
80,F,1,279,1,1
52,M,1,30,0,1
20,M,1,6,2,0
58,F,2,78,0,1
76,M,1,200,2,1
53,F,1,37,1,1
62,F,1,102,1,1
19,M,0,2,0,0
18,M,0,5,1,0
89,F,1,349,2,1
19,M,2,0,1,0
43,M,2,0,1,0
43,F,1,7,0,0
70,M,2,174,0,1
82,F,1,295,0,1
84,F,3,274,0,1
60,M,0,91,0,1
88,M,0,316,1,1
82,F,4,289,0,1
31,F,4,3,1,0
56,F,3,55,1,1
82,M,1,299,1,1
26,F,1,5,0,0
54,M,2,43,1,1
82,M,3,338,0,1
65,F,1,177,1,1
47,M,2,5,1,0
35,M,1,1,1,0
59,F,3,102,0,1
28,M,0,3,1,0
76,F,2,206,2,1
59,F,1,63,3,1
73,F,0,211,0,1
83,F,2,325,1,1
81,M,1,287,0,1
48,M,0,7,0,0
67,M,1,149,0,1
86,F,3,352,0,1
61,F,0,97,0,1
68,F,0,164,0,1
46,M,2,4,0,0
19,F,1,3,0,0
26,F,1,2,1,0
85,F,2,334,2,1
34,F,2,2,1,0
26,F,0,2,1,0
30,F,1,3,1,0
33,M,3,1,0,0
71,F,3,219,0,1
58,F,0,70,1,1
47,M,2,4,1,0
85,M,1,327,2,1
59,F,1,81,0,1
27,M,1,2,0,0
19,F,0,3,1,0
39,M,2,4,0,0
51,M,3,14,1,1
21,F,0,5,0,0
84,M,2,293,1,1
24,M,1,3,1,0
23,M,2,3,0,0
49,F,1,4,0,0
82,F,0,276,1,1
59,M,2,98,0,1
54,M,3,38,0,1
54,M,3,38,1,1
41,M,2,2,1,0
21,M,0,4,0,0
48,M,4,4,0,0
48,M,4,2,0,0
23,M,3,4,0,0
49,M,3,0,1,0
70,M,1,202,0,1
85,F,2,329,1,1
74,F,2,187,0,1
41,M,2,3,2,0
32,F,1,1,0,0
63,F,2,123,0,1
24,M,0,7,0,0
53,F,1,35,0,1
44,F,2,4,2,0
74,F,0,222,0,1
53,M,2,25,0,1
61,M,5,96,1,1
27,F,0,3,0,0
89,M,0,358,1,1
79,M,0,259,0,1
63,F,5,131,0,1
61,F,0,83,1,1
42,M,2,2,1,0
56,F,0,56,0,1
48,M,5,2,1,0
61,M,1,78,0,1
79,F,2,271,1,1
42,F,1,0,0,0
44,M,0,1,0,0
83,M,1,312,2,1
84,F,2,329,0,1
66,F,2,166,0,1
49,F,1,4,0,0
19,F,1,5,0,0
85,F,2,309,0,1
44,F,1,3,1,0
28,M,1,4,0,0
24,M,1,2,1,0
74,M,0,207,0,1
21,M,1,3,0,0
50,M,1,5,1,1
38,F,2,3,1,0
34,F,2,3,1,0
51,F,3,11,0,1
60,F,3,74,1,1
44,F,1,3,1,0
22,F,1,3,0,0
27,M,2,3,0,0
32,F,3,6,1,0
72,M,3,204,1,1
79,M,1,245,2,1
57,M,0,65,0,1
55,M,1,63,0,1
83,M,1,309,0,1
42,M,3,1,0,0
65,F,2,149,0,1
28,F,0,1,1,0
41,F,0,1,0,0
29,F,2,2,1,0
52,M,2,27,0,1
34,M,0,3,1,0
83,M,2,301,1,1
51,F,2,14,1,1
23,M,1,2,0,0
19,M,1,5,0,0
86,M,0,322,0,1
32,M,1,4,1,0
64,F,3,120,1,1
48,M,1,4,1,0
40,F,2,3,0,0
81,M,4,272,0,1
60,F,0,84,1,1
80,F,3,266,0,1
32,M,2,2,0,0
85,M,1,318,0,1
22,F,1,4,2,0
34,M,4,1,1,0
55,M,1,48,1,1
26,F,6,3,1,0
20,M,0,3,0,0
79,F,1,243,0,1
33,F,2,5,1,0
68,M,0,162,0,1
69,F,0,187,0,1
35,F,1,2,1,0
80,M,1,294,0,1
49,M,0,2,2,0
30,M,5,5,0,0
84,M,3,300,0,1
70,M,0,153,0,1
76,F,6,253,1,1
29,M,3,5,1,0
85,F,3,292,0,1
86,M,3,372,3,1
53,F,2,21,1,1
88,F,0,331,0,1
31,M,2,0,1,0
45,M,3,3,2,0
56,F,2,62,0,1
70,F,3,178,0,1
26,M,2,0,0,0
19,F,1,2,0,0
26,F,0,3,0,0
25,M,0,4,0,0
24,M,1,4,0,0
72,F,0,205,1,1
36,M,0,6,0,0
42,M,0,1,1,0
29,F,2,2,0,0
86,M,4,338,1,1
36,F,2,4,0,0
68,M,0,170,0,1
68,M,1,157,1,1
47,F,2,2,0,0
66,M,1,158,0,1
60,F,2,81,1,1
19,M,2,4,2,0
64,M,0,129,1,1
79,F,2,272,0,1
59,M,1,75,1,1
77,F,0,257,0,1
77,F,0,263,1,1
85,F,3,305,1,1
69,M,3,174,0,1
33,M,3,3,2,0
82,M,0,328,1,1
70,F,2,199,0,1
47,M,3,5,0,0
58,M,0,65,0,1
62,F,2,113,0,1
68,F,2,192,0,1
46,F,2,2,0,0
83,F,0,288,1,1
18,M,1,3,1,0
23,M,0,1,0,0
88,M,0,323,1,1
78,M,1,239,1,1
35,F,0,3,0,0
79,M,2,253,1,1
47,M,0,2,0,0
64,M,0,136,2,1
47,M,0,5,0,0
46,M,0,7,0,0
60,F,1,91,1,1
56,M,1,64,0,1
40,M,0,5,1,0
28,M,0,6,1,0
28,F,2,3,1,0
71,F,1,206,1,1
36,F,1,1,1,0
57,M,0,59,0,1
85,F,5,316,2,1
59,M,3,68,0,1
35,F,5,4,0,0
69,M,1,173,1,1
32,F,2,4,1,0
25,F,3,2,0,0
78,M,1,259,1,1
21,F,1,2,0,0
63,F,0,125,0,1
26,M,1,2,0,0
75,M,1,226,0,1
23,F,1,1,1,0
56,F,3,63,2,1
75,F,1,225,0,1
27,F,2,0,0,0
27,F,1,5,2,0
31,F,1,5,0,0
45,F,1,4,2,0
27,M,1,1,0,0
65,M,0,147,0,1
20,M,2,1,0,0
36,F,1,1,0,0
20,M,0,2,0,0
83,M,1,296,0,1
33,F,0,3,0,0
83,F,0,296,0,1
83,F,1,291,0,1
46,M,1,4,0,0
20,M,1,1,1,0
60,F,0,101,0,1
31,F,0,4,0,0
74,M,2,228,0,1
88,F,3,350,0,1
88,F,4,327,4,1
43,M,1,4,0,0
67,F,5,155,0,1
81,M,1,294,1,1
50,F,3,3,2,1
40,F,1,3,1,0
21,F,3,6,1,0
25,F,1,3,1,0
64,F,2,123,0,1
34,F,1,1,1,0
65,M,1,125,0,1
30,M,3,4,1,0
67,M,3,162,1,1
35,F,0,2,0,0
43,M,0,3,0,0
27,M,0,4,0,0
80,M,1,285,0,1
32,F,0,3,0,0
60,M,1,98,0,1
85,M,3,295,1,1
45,F,0,4,0,0
22,F,3,2,2,0
35,F,1,3,0,0
61,F,2,104,0,1
20,M,1,5,0,0
38,M,2,1,0,0
69,F,2,177,0,1
88,M,0,334,0,1
40,M,2,2,1,0
64,M,4,121,0,1
79,M,0,263,0,1
39,M,2,0,1,0
41,F,0,2,0,0
75,M,2,211,1,1
40,F,1,4,1,0
86,F,2,314,1,1
74,F,1,240,4,1
82,F,1,290,0,1
45,F,1,4,1,0
70,F,0,221,0,1
88,F,3,363,0,1
37,F,1,4,2,0
58,M,3,62,2,1
24,M,3,3,0,0
85,F,1,361,1,1
31,M,0,5,0,0
26,M,2,0,2,0
73,M,1,216,0,1
21,F,2,2,0,0
79,M,0,273,0,1
18,F,1,4,1,0
63,M,2,129,1,1
81,M,1,287,0,1
89,F,1,341,0,1
52,F,2,31,0,1
67,F,1,162,0,1
70,F,1,165,0,1
75,M,1,247,0,1
55,M,2,38,1,1
75,F,4,244,1,1
87,M,1,344,1,1
20,M,4,2,2,0
76,M,0,239,2,1
64,M,0,134,1,1
52,M,3,17,0,1
54,F,1,27,0,1
31,F,1,3,1,0
85,F,1,278,1,1
45,M,0,1,0,0
29,F,1,2,0,0
46,F,0,3,1,0
51,M,0,10,0,1
43,F,1,2,0,0
55,M,1,53,0,1
69,F,2,183,0,1
58,M,0,75,0,1
78,M,1,289,0,1
48,M,0,1,0,0
77,M,3,262,1,1
49,F,2,2,0,0
32,F,2,1,2,0
66,M,1,141,0,1
30,F,3,4,0,0
19,M,1,2,1,0
66,F,3,138,0,1
40,M,1,3,1,0
70,F,2,212,1,1
47,F,4,3,0,0
74,F,0,234,1,1
46,M,1,6,0,0
83,F,1,288,0,1
70,F,0,209,0,1
42,M,3,5,1,0
27,F,2,2,1,0
22,F,2,3,0,0
77,F,0,255,0,1
44,M,2,4,0,0
60,M,1,91,0,1
41,F,0,1,1,0
74,M,1,240,0,1
25,F,0,2,0,0
84,F,1,314,0,1
66,M,2,128,2,1
21,M,1,1,0,0
54,M,0,41,0,1
84,M,1,296,2,1
62,F,0,104,0,1
62,F,0,128,1,1
80,M,1,273,1,1
59,F,0,76,1,1
59,F,1,88,0,1
30,F,0,3,0,0
81,F,0,274,1,1
53,F,1,22,2,1
76,M,1,243,0,1
35,M,1,1,0,0
55,F,2,51,0,1
88,F,4,343,1,1
62,F,3,115,1,1
19,F,1,1,0,0
51,M,0,12,2,1
22,M,4,2,0,0
45,M,1,4,0,0
48,M,0,0,0,0
70,M,1,189,0,1
62,M,0,107,3,1
61,F,3,106,0,1
80,F,3,254,1,1
44,M,2,1,1,0
81,F,2,286,1,1
65,F,2,127,0,1
46,M,2,2,1,0
56,M,0,71,0,1
25,F,1,2,0,0
26,F,4,2,0,0
86,F,1,334,1,1
71,F,0,203,0,1
51,F,2,8,0,1
53,F,2,42,1,1
72,F,1,182,1,1
84,M,1,294,0,1
44,M,1,2,0,0
82,M,1,307,0,1
24,F,1,2,0,0
26,F,4,3,0,0
88,F,1,338,0,1
37,F,2,1,1,0
51,F,0,17,0,1
68,M,0,164,0,1
31,M,3,5,2,0
32,F,0,2,1,0
66,F,1,136,0,1
77,F,0,233,0,1
18,F,1,5,0,0
66,M,2,151,0,1
35,M,0,1,0,0
86,M,1,346,0,1
19,F,3,4,1,0
43,F,1,8,1,0
81,F,5,282,0,1
67,F,1,126,1,1
67,M,1,155,1,1
61,M,2,102,0,1
37,F,1,2,0,0
67,M,1,165,0,1
57,M,1,68,1,1
86,F,0,355,0,1
48,M,1,1,0,0
43,F,1,1,0,0
24,M,0,1,0,0
34,M,0,3,0,0
40,F,1,1,0,0
75,F,2,254,0,1
69,F,2,182,1,1
28,M,4,1,1,0
22,M,2,3,1,0
57,F,1,67,0,1
59,F,0,91,1,1
84,M,0,321,1,1
61,M,1,112,0,1
78,F,3,249,0,1
40,M,1,3,1,0
67,M,1,154,0,1
88,M,1,363,0,1
19,F,2,6,0,0
20,F,0,1,2,0
88,M,1,336,0,1
27,F,0,0,0,0
50,F,2,6,0,0
89,F,0,319,0,1
38,M,3,4,3,0
79,M,0,258,0,1
22,F,0,5,0,0
74,F,0,223,1,1
28,M,3,3,1,0
63,F,0,140,0,1
21,M,5,4,1,0
87,F,1,319,1,1
58,F,1,63,0,1
56,F,2,45,0,1
45,M,1,3,0,0
87,F,3,325,0,1
39,F,3,0,0,0
86,M,2,328,0,1
76,F,1,239,0,1
24,F,2,2,1,0
23,F,2,2,0,0
62,F,3,101,0,1
48,M,1,5,1,0
43,F,0,4,0,0
75,M,3,239,1,1
43,F,0,0,0,0
77,F,1,225,1,1
26,M,2,5,1,0
69,M,0,195,1,1
56,F,1,52,0,1
55,F,1,30,0,1
83,M,2,332,1,1
29,M,1,1,1,0
18,F,3,5,0,0
46,F,5,4,1,0
60,F,0,77,0,1
70,F,0,188,0,1
47,M,0,3,0,0
74,F,0,214,0,1
55,M,0,56,2,1
61,M,1,103,2,1
29,F,1,1,0,0
82,F,2,286,0,1
21,F,4,4,1,0
58,M,3,80,0,1
29,M,3,2,1,0
79,M,2,240,1,1
22,M,1,4,0,0
83,M,1,267,0,1
41,F,2,1,0,0
30,F,3,2,2,0
23,M,5,1,1,0
28,F,2,4,2,0
32,M,1,4,1,0
89,M,1,353,0,1
39,F,2,2,0,0
39,F,0,3,0,0
68,M,0,158,0,1
50,F,0,2,1,1
80,F,5,258,0,1
48,F,2,5,0,0
63,F,1,123,0,1
79,F,0,270,0,1
82,M,1,293,0,1
18,F,0,0,0,0
54,M,2,32,0,1
53,F,1,24,0,1
46,M,0,3,1,0
51,F,2,10,0,1
53,M,1,30,0,1
25,M,4,1,0,0
62,M,1,109,1,1
50,F,2,2,0,0
18,M,1,8,0,0
80,M,2,264,0,1
84,M,3,284,0,1
21,M,1,0,1,0
69,F,3,174,0,1
36,M,1,1,0,0
29,F,0,0,0,0
61,M,0,107,0,1
51,F,1,9,0,1
57,M,2,75,0,1
64,F,2,133,0,1
72,F,4,196,2,1
64,M,2,142,2,1
42,F,0,3,0,0
53,M,1,36,0,1
26,M,0,2,0,0
51,F,1,12,0,1
44,F,2,1,0,0
18,F,2,3,1,0
77,F,2,274,0,1
41,M,2,2,0,0
49,F,1,9,2,0
61,F,1,95,0,1
46,F,2,0,1,0
23,F,2,3,0,0
74,M,0,224,0,1
87,M,3,352,0,1
60,F,0,90,0,1
84,F,2,307,1,1
27,M,1,3,0,0
23,F,2,5,0,0
45,F,0,5,2,0
73,M,1,205,0,1
83,M,0,329,1,1
85,M,1,321,1,1
20,M,3,2,0,0
26,M,1,2,2,0
72,F,3,194,1,1
84,M,0,284,0,1
40,M,0,2,0,0
75,M,1,256,0,1
71,M,1,212,0,1
65,F,2,123,0,1
29,M,2,3,0,0
43,M,1,6,0,0
65,M,0,122,0,1
48,F,3,2,2,0
79,F,1,271,1,1
83,M,0,312,0,1
22,F,1,0,0,0
65,M,3,139,2,1
86,F,1,327,0,1
85,M,1,293,0,1
25,F,1,3,1,0
79,M,1,262,1,1
18,M,2,3,1,0
38,F,3,5,0,0
77,M,0,262,0,1
19,F,1,2,0,0
54,M,4,50,1,1
55,M,2,56,0,1
20,M,2,3,0,0
56,F,4,51,1,1
65,M,2,138,0,1
53,M,3,35,1,1
54,M,3,42,0,1
26,F,3,3,0,0
89,F,1,391,0,1
83,M,2,306,0,1
88,M,0,368,0,1
72,M,2,207,4,1
81,M,0,291,0,1
52,M,3,17,2,1
55,F,2,48,2,1
53,M,0,24,0,1
76,F,3,238,0,1
21,M,5,2,0,0
71,M,1,199,2,1
36,M,0,1,0,0
37,F,1,3,2,0
71,M,4,190,0,1
71,M,2,185,1,1
66,M,2,156,0,1
39,M,0,1,0,0
71,M,2,192,1,1
48,M,3,0,1,0
76,M,1,239,0,1
23,M,1,2,0,0
50,M,3,4,0,0
27,M,0,3,1,0
81,F,2,282,1,1
54,F,0,41,0,1
29,F,1,4,0,0
78,M,3,220,0,1
46,F,0,2,0,0
75,M,1,240,0,1
55,F,2,45,0,1
29,F,0,1,2,0
52,F,4,8,1,1
57,M,1,86,0,1
63,M,1,107,1,1
40,F,1,3,0,0
27,M,1,3,0,0
32,M,2,2,0,0
46,M,4,3,0,0
44,M,0,0,0,0
83,F,3,295,1,1
66,M,0,154,0,1
89,F,1,353,1,1
84,F,2,299,1,1
22,F,1,5,0,0
25,M,0,6,0,0
22,F,2,3,0,0
39,M,0,1,0,0
42,M,2,2,1,0
71,M,1,205,2,1
28,F,3,6,0,0
53,M,0,28,0,1
75,F,2,218,0,1
45,M,1,4,1,0
49,F,2,3,0,0
75,M,0,235,0,1
70,M,2,180,2,1
19,M,0,2,1,0
35,M,1,7,0,0
86,F,1,334,0,1
46,F,1,3,1,0
37,F,0,4,0,0
45,F,1,1,0,0
78,F,3,229,1,1
77,F,2,246,1,1
78,M,0,242,0,1
84,F,1,349,0,1
78,M,0,277,0,1
42,F,2,2,0,0
62,M,3,105,0,1
46,F,3,1,0,0
64,F,3,130,0,1
31,F,1,1,1,0
21,M,0,3,1,0
36,M,2,1,1,0
48,M,2,6,0,0
82,F,0,278,0,1
63,F,0,126,0,1
85,F,4,340,1,1
37,F,1,2,0,0
67,F,2,151,1,1
67,F,1,148,0,1
53,M,1,35,0,1
57,M,1,71,2,1
44,M,1,2,0,0
66,M,3,154,2,1
83,M,0,296,1,1
79,F,1,259,0,1
48,F,1,2,0,0
42,F,1,3,1,0
19,M,5,3,1,0
62,F,1,108,1,1
40,M,4,3,1,0
21,F,3,2,3,0
41,M,1,2,0,0
75,M,0,228,1,1
76,F,2,230,0,1
76,M,2,243,0,1
55,M,0,35,0,1
67,F,1,163,1,1
25,M,1,5,0,0
67,F,2,151,1,1
66,F,1,149,0,1
58,M,2,88,0,1
81,M,2,281,1,1
41,F,4,7,0,0
36,M,1,2,0,0
75,F,2,233,0,1
21,M,0,2,0,0
27,F,1,3,0,0
32,M,1,3,0,0
59,M,2,79,1,1
37,F,1,5,0,0
25,M,0,6,2,0
40,M,1,4,0,0
71,M,4,189,0,1
63,F,1,120,0,1
54,M,1,31,0,1
36,F,2,4,0,0
63,M,3,109,2,1
61,F,2,106,0,1
30,M,2,4,0,0
44,M,1,2,0,0
47,F,0,5,1,0
36,M,1,2,0,0
65,M,2,138,1,1
77,F,3,232,2,1
49,M,1,2,1,0
74,M,6,201,0,1
70,F,2,168,0,1
30,F,1,2,0,0
24,F,3,2,1,0
69,M,0,170,2,1
43,F,1,3,0,0
21,F,0,3,1,0
25,M,1,2,1,0
29,M,1,6,1,0
71,M,4,175,1,1
64,M,2,119,0,1
46,F,5,4,1,0
32,M,0,3,0,0
71,F,0,183,2,1
56,F,1,64,1,1
72,M,3,202,0,1
48,F,3,4,3,0
20,F,1,1,0,0
70,M,3,177,2,1
62,F,2,115,0,1
32,M,3,5,1,0
75,M,0,228,0,1
57,M,3,65,0,1
83,M,2,311,0,1
54,F,1,31,1,1
24,F,0,5,1,0
47,M,1,4,3,0
24,M,2,4,0,0
62,F,2,122,2,1
49,M,1,5,1,0
84,F,1,306,3,1
72,M,2,188,0,1
72,M,0,193,0,1
26,M,1,3,0,0
35,M,0,4,0,0
89,F,1,350,0,1
50,M,1,1,1,0
69,F,1,171,2,1
76,F,0,250,2,1
19,F,1,0,0,0
36,F,2,0,0,0
71,F,2,204,0,1
24,M,1,4,2,0
48,M,3,2,2,0
46,M,1,3,0,0
30,M,1,5,1,0
69,F,1,171,2,1
65,F,1,133,0,1
28,M,1,5,1,0
69,F,1,161,0,1
72,F,1,207,0,1
62,M,2,108,0,1
41,M,3,1,1,0
36,M,1,4,0,0
57,M,3,67,0,1
31,F,4,3,0,0
41,F,3,3,0,0
22,F,2,2,1,0
18,M,1,3,0,0
30,F,3,5,1,0
75,F,4,211,2,1
43,M,2,3,0,0
25,M,1,1,1,0
42,M,2,0,0,0
63,M,2,127,1,1
23,F,1,4,1,0
35,M,2,3,1,0
78,F,2,239,0,1
33,F,2,3,0,0
31,F,1,2,2,0
43,M,0,5,1,0
23,M,2,6,1,0
33,M,3,3,1,0
33,F,2,6,2,0
34,M,0,4,2,0
49,F,2,1,0,0
72,M,1,203,0,1
62,M,3,111,0,1
80,M,2,276,0,1
23,M,3,6,0,0
35,M,2,4,0,0
28,M,1,1,1,0
27,F,1,2,1,0
19,F,2,3,1,0
18,F,2,2,0,0
46,F,4,0,0,0
77,F,0,193,1,1
89,F,0,296,0,1
29,F,0,5,0,0
74,F,2,181,0,1
43,M,0,3,0,0
79,F,1,251,0,1
87,F,1,355,0,1
83,F,1,298,1,1
70,F,1,173,0,1
33,M,1,6,1,0
27,F,3,2,1,0
64,F,0,125,1,1
80,F,3,283,0,1
48,M,0,5,0,0
84,M,0,331,1,1
44,F,1,4,1,0
56,M,1,53,0,1
72,F,3,180,0,1
22,F,3,6,0,0
58,M,1,76,1,1
42,M,3,1,0,0
62,F,1,98,0,1
65,M,2,134,1,1
37,F,1,3,3,0
83,M,1,314,0,1
85,F,1,306,0,1
20,M,4,3,2,0
65,F,2,161,1,1
78,M,1,267,1,1
63,F,4,115,0,1
44,F,0,3,0,0
72,F,3,210,0,1
26,M,5,2,1,0
83,F,3,294,1,1
23,F,4,5,2,0
30,F,1,4,0,0
69,F,1,183,0,1
37,M,2,4,1,0
77,F,1,227,0,1
88,M,0,341,1,1
22,M,1,4,1,0
66,M,1,134,0,1
20,M,2,1,0,0
81,F,1,270,0,1
31,F,2,5,0,0
41,M,0,0,0,0
68,M,1,138,1,1
89,M,1,355,0,1
59,F,1,90,0,1
49,M,3,0,0,0
20,F,2,1,1,0
75,M,2,210,0,1
70,F,1,194,0,1
83,F,1,300,0,1
28,M,0,3,0,0
55,M,4,43,2,1
19,M,0,4,2,0
48,M,5,3,2,0
51,F,1,13,0,1
53,F,3,22,1,1
44,M,0,2,0,0
27,M,2,1,0,0
24,M,0,3,0,0
23,F,1,6,1,0
38,M,2,2,1,0
86,F,2,352,0,1
50,M,3,5,2,1
64,M,2,131,0,1
80,F,1,253,1,1
24,M,2,0,0,0
65,M,1,135,0,1
60,M,2,98,1,1
77,M,0,265,1,1
35,M,1,0,0,0
54,M,2,35,0,1
78,F,0,258,0,1
25,M,1,2,1,0
43,M,1,7,0,0
19,M,1,2,0,0
19,F,3,4,0,0
22,M,0,2,1,0
65,M,3,148,1,1
42,M,0,2,0,0
89,F,2,369,1,1
42,F,0,4,0,0
71,F,1,203,0,1
58,F,1,83,0,1
87,M,1,321,0,1
58,M,0,65,1,1
25,F,0,3,0,0
40,M,2,3,0,0
38,F,0,2,0,0
63,F,1,143,0,1
73,M,0,209,1,1
23,F,0,4,0,0
51,F,1,11,0,1
81,F,2,283,0,1
30,F,1,3,1,0
59,F,0,104,1,1
42,M,1,3,1,0
51,F,0,8,1,1
38,M,1,4,2,0
82,M,2,289,1,1
68,F,2,151,0,1
60,F,1,80,0,1
73,M,1,185,2,1
58,F,3,78,1,1
70,F,5,189,1,1
81,M,1,302,0,1
66,M,2,148,1,1
21,M,0,2,0,0
71,M,1,181,0,1
31,F,0,2,0,0
84,M,1,318,0,1
42,F,1,5,1,0
36,F,2,6,0,0
85,M,2,314,0,1
38,F,0,5,0,0
87,F,0,312,0,1
88,F,1,319,2,1
75,F,1,228,0,1
81,F,2,265,0,1
79,M,3,264,0,1
65,F,1,139,1,1
81,M,1,268,0,1
75,M,0,217,0,1
19,F,1,2,0,0
64,F,2,142,0,1
89,M,0,349,0,1
40,M,2,1,0,0
87,M,0,372,0,1
58,M,1,61,0,1
71,F,0,228,1,1
35,M,2,2,0,0
50,M,1,7,0,0
25,F,0,1,0,0
61,M,1,123,0,1
42,F,2,6,0,0
54,F,2,30,0,1
76,M,2,281,0,1
71,M,3,218,3,1
28,F,3,6,0,0
55,M,1,53,0,1
21,F,1,2,0,0
55,F,4,41,1,1
34,M,1,5,2,0
50,M,2,1,1,1
74,M,0,223,2,1
36,M,2,2,1,0
81,M,4,259,1,1
23,F,1,4,0,0
37,M,1,1,0,0
70,F,0,190,0,1
87,M,3,323,1,1
34,F,0,6,0,0
52,M,2,20,1,1
25,M,0,3,1,0
67,M,3,162,1,1
20,M,1,2,2,0
66,F,0,166,0,1
78,F,0,247,0,1
50,F,0,2,1,1
66,M,3,164,0,1
78,M,2,271,1,1
29,M,1,5,0,0
82,M,1,286,0,1
79,M,2,262,0,1
51,M,0,9,2,1
23,M,2,1,1,0
39,M,4,1,2,0
79,M,1,241,0,1
85,F,3,312,0,1
87,F,1,334,0,1
68,F,1,181,0,1
27,F,2,2,0,0
44,M,3,2,1,0
26,F,3,4,1,0
29,M,0,3,0,0
60,F,1,100,0,1
46,M,1,4,1,0
24,M,2,1,1,0
49,M,1,2,2,0
40,F,2,6,0,0
76,F,3,250,1,1
62,M,2,109,0,1
68,M,1,153,1,1
65,F,0,144,2,1
54,M,2,32,0,1
69,F,0,162,0,1
83,M,0,301,0,1
45,F,1,5,0,0
60,M,1,98,0,1
54,M,4,53,1,1
80,M,1,298,0,1
57,F,1,74,1,1
22,M,1,2,2,0
29,F,2,1,1,0
23,M,0,5,1,0
50,F,3,0,1,1
79,F,2,270,0,1
59,F,4,79,0,1
70,F,2,177,0,1
22,F,0,3,0,0
36,M,3,5,0,0
29,F,1,2,1,0
26,F,1,4,0,0
72,F,2,186,0,1
23,M,2,1,0,0
43,M,2,4,0,0
41,F,5,2,0,0
64,M,0,119,1,1
81,M,2,270,0,1
27,M,1,0,0,0
31,F,0,5,1,0
62,F,1,117,0,1
35,M,2,3,0,0
32,M,1,5,0,0
77,F,5,274,1,1
58,F,3,87,0,1
31,M,1,5,0,0
23,M,1,3,1,0
35,M,0,5,1,0
39,F,3,2,0,0
71,M,1,186,0,1
66,F,2,148,1,1
79,M,1,237,0,1
59,F,1,82,1,1
85,F,2,344,0,1
73,M,0,226,1,1
21,F,0,2,3,0
27,F,2,3,0,0
41,F,0,3,0,0
21,F,3,5,1,0
61,M,4,112,0,1
48,F,3,5,0,0
41,F,4,0,3,0
66,M,3,153,1,1
71,F,2,199,1,1
35,M,2,4,0,0
34,M,0,1,0,0
36,M,1,5,0,0
61,F,0,107,0,1
34,M,0,2,1,0
29,M,1,1,0,0
45,F,0,3,1,0
28,F,0,1,2,0
33,F,0,3,2,0
75,F,1,258,1,1
74,F,0,249,0,1
63,M,4,127,1,1
46,F,0,1,0,0
58,M,0,78,0,1
67,M,2,142,2,1
45,F,4,2,2,0
26,F,3,4,0,0
66,F,0,160,0,1
84,F,1,310,0,1
86,F,2,323,0,1
43,F,0,4,0,0
44,M,2,2,0,0
43,M,3,5,0,0
21,M,1,2,2,0
41,F,4,2,2,0
36,M,1,5,2,0
58,M,0,82,1,1
74,F,2,216,0,1
19,M,2,3,2,0
39,M,3,4,2,0
27,M,3,2,0,0
72,F,1,198,1,1
38,F,2,0,0,0
32,M,1,3,0,0
78,F,2,247,2,1
60,M,1,87,0,1
34,F,2,1,1,0
44,F,2,3,0,0
60,M,0,91,1,1
56,F,1,53,2,1
19,F,3,3,1,0
44,F,1,2,1,0
86,F,1,335,1,1
60,F,2,86,3,1
43,F,1,7,0,0
71,M,1,176,0,1
45,F,1,3,0,0
68,F,4,162,1,1
38,F,3,1,0,0
48,F,1,3,2,0
18,F,0,1,1,0
20,M,1,3,1,0
54,M,1,32,1,1
77,M,4,248,0,1
31,M,2,2,0,0
25,M,1,1,0,0
47,M,0,3,0,0
45,F,0,7,1,0
57,F,0,47,1,1
74,F,0,219,0,1
89,M,1,328,0,1
88,M,3,338,0,1
45,M,3,1,0,0
70,F,3,188,1,1
72,F,1,206,1,1
26,M,3,3,1,0
43,F,1,3,0,0
87,F,2,340,0,1
57,F,3,66,1,1
21,M,1,1,2,0
55,M,2,37,1,1
20,F,1,2,0,0
39,M,1,2,0,0
70,F,0,192,1,1
68,M,1,177,1,1
84,F,1,301,0,1
81,F,2,291,0,1
64,F,2,113,2,1
46,F,1,2,1,0
81,F,4,276,3,1
81,M,0,272,0,1
64,M,2,135,1,1
74,M,4,216,2,1
24,F,1,4,1,0
25,F,2,6,1,0
62,F,4,120,1,1
23,M,3,5,0,0
73,M,1,214,0,1
67,M,2,139,0,1
53,M,2,43,0,1
46,F,0,2,0,0
69,F,1,161,0,1
37,M,1,2,0,0
51,F,2,11,0,1
69,F,0,160,0,1
25,M,0,5,0,0
79,F,0,285,0,1
80,F,3,282,0,1
35,F,0,3,1,0
32,F,1,3,2,0
60,M,1,89,0,1
32,F,1,6,1,0
73,F,1,218,0,1
27,F,0,0,1,0
36,F,2,3,0,0
42,M,2,2,1,0
44,M,0,2,0,0
46,M,1,4,1,0
24,M,1,5,0,0
32,F,1,1,0,0
82,F,1,294,1,1
29,M,2,2,0,0
44,M,0,6,0,0
50,F,4,3,1,1
83,F,0,323,1,1
18,M,3,4,0,0
61,F,2,103,1,1
53,F,4,21,0,1
68,M,1,160,0,1
25,F,2,1,0,0
70,F,1,196,0,1
27,M,0,1,0,0
76,F,0,240,2,1
26,F,0,3,0,0
70,F,2,179,0,1
78,M,1,242,2,1
19,M,2,2,1,0
76,F,1,221,2,1
82,M,1,281,0,1
88,F,1,362,0,1
55,F,2,75,1,1
76,F,1,255,0,1
20,M,1,3,0,0
54,F,1,51,1,1
39,F,0,3,0,0
46,F,4,6,0,0
39,F,0,7,0,0
60,M,3,80,0,1
80,M,0,313,3,1
63,M,2,132,1,1
61,F,2,107,0,1
89,M,0,357,0,1
51,F,2,7,2,1
42,M,2,2,2,0
39,F,0,1,1,0
83,M,1,286,0,1
75,M,3,247,1,1
86,F,2,320,3,1
76,M,0,236,0,1
86,M,1,303,0,1
55,F,2,51,1,1
63,F,1,117,0,1
59,F,2,95,0,1
62,M,0,109,0,1
19,M,1,6,0,0
89,F,0,314,0,1
47,M,3,1,1,0
47,M,0,5,0,0
62,F,1,97,0,1
73,M,1,216,0,1
42,F,3,6,0,0
23,M,5,3,1,0
30,F,2,4,0,0
35,M,1,4,0,0
31,M,1,6,0,0
54,M,0,39,1,1
42,M,1,5,0,0
71,M,0,206,1,1
51,M,2,14,0,1
30,M,1,7,0,0
86,F,2,333,1,1
76,M,0,247,2,1
50,F,3,6,2,0
59,F,3,91,1,1
54,F,2,36,1,1
27,M,2,1,1,0
29,F,3,4,1,0
20,F,0,3,0,0
33,M,1,4,1,0
46,M,3,3,2,0
34,M,3,2,0,0
77,M,2,240,0,1
29,M,2,7,0,0
88,M,3,354,0,1
83,M,3,305,0,1
72,M,2,197,0,1
44,F,0,4,1,0
34,F,2,3,0,0
62,F,2,115,0,1
82,F,3,304,0,1
70,M,1,184,0,1
29,F,0,1,0,0
27,M,1,3,0,0
46,M,0,1,0,0
73,F,0,232,0,1
66,F,2,145,0,1
72,F,3,187,1,1
42,M,3,1,0,0
41,F,1,1,0,0
41,F,1,6,0,0
72,M,3,211,1,1
49,F,4,4,1,0
78,M,0,257,0,1
83,M,3,284,0,1
46,F,2,2,1,0
51,F,1,15,1,1
26,M,0,2,1,0
24,M,1,7,0,0
22,F,1,2,0,0
43,F,0,3,2,0
24,M,0,4,0,0
60,M,4,99,3,1
23,M,2,4,1,0
56,F,0,55,0,1
43,M,1,3,0,0
86,F,1,328,1,1
88,F,1,369,0,1
54,F,1,39,0,1
77,F,3,245,0,1
74,M,0,199,0,1
19,F,2,0,0,0
72,M,2,199,1,1
19,M,3,4,1,0
51,M,1,11,0,1
87,M,3,323,0,1
48,F,1,0,0,0
36,M,2,5,0,0
51,F,0,10,0,1
29,F,1,6,2,0
26,M,2,4,0,0
43,M,0,3,0,0
24,F,0,1,1,0
62,M,5,114,0,1
26,F,1,4,1,0
85,M,3,301,2,1
27,M,3,3,0,0
34,F,2,1,1,0
23,M,1,3,1,0
56,F,1,46,0,1
46,F,3,6,0,0
29,M,1,3,0,0
28,F,3,4,0,0
36,F,3,4,2,0
88,F,1,345,2,1
89,F,2,334,3,1
47,F,3,3,0,0
47,M,2,2,2,0
18,F,1,1,0,0
18,F,0,5,0,0
65,M,0,140,0,1
21,M,1,5,2,0
69,F,2,166,1,1
52,F,0,16,1,1
86,F,2,321,0,1
64,F,2,155,2,1
35,M,2,1,1,0
87,F,2,319,0,1
40,F,1,3,2,0
73,F,1,206,0,1
71,F,0,184,0,1
58,M,2,82,1,1
63,M,0,127,0,1
22,M,2,2,1,0
62,F,1,118,2,1
22,F,0,5,0,0
85,M,0,307,0,1
24,M,0,4,1,0
89,M,1,366,0,1
25,M,1,0,1,0
18,M,3,1,3,0
30,M,2,2,0,0
45,M,1,2,0,0
28,M,6,5,0,0
85,F,2,326,0,1
79,M,1,226,0,1
19,F,0,3,0,0
43,M,1,2,2,0
42,F,5,5,0,0
38,M,3,3,0,0
73,F,0,203,0,1
38,F,0,3,1,0
23,F,1,2,0,0
29,M,3,1,0,0
60,F,1,85,0,1
26,M,2,3,1,0
84,M,1,322,0,1
18,M,2,1,1,0
56,M,0,58,0,1
18,M,3,2,0,0
18,F,2,2,0,0
78,F,1,244,1,1
26,F,4,3,0,0
24,F,0,2,0,0
47,F,0,3,1,0
59,M,2,93,0,1
18,F,2,1,0,0
34,F,3,0,0,0
65,M,1,145,1,1
18,M,1,1,0,0
37,F,0,3,0,0
85,M,1,311,0,1
42,F,1,1,0,0
24,F,2,5,0,0
74,F,0,193,0,1
62,M,5,107,0,1
70,F,1,193,0,1
22,F,0,4,1,0
75,M,5,232,0,1
84,F,3,316,0,1
31,M,2,4,0,0
69,F,2,195,1,1
42,F,1,2,0,0
22,F,0,6,1,0
63,F,1,100,2,1
61,M,0,95,2,1
54,M,3,44,0,1
67,F,1,155,0,1
76,M,0,229,0,1
29,M,1,1,0,0
47,F,1,5,0,0
61,F,2,114,1,1
83,F,0,292,0,1
24,M,0,3,0,0
33,M,1,6,1,0
72,F,3,182,0,1
65,F,1,125,1,1
82,F,2,302,0,1
75,M,0,208,1,1
65,M,1,144,1,1
89,M,0,386,0,1
88,M,1,375,2,1
45,M,0,3,0,0
80,F,1,268,3,1
81,M,4,293,0,1
53,F,4,23,1,1
61,M,5,99,0,1
89,F,2,370,1,1
64,F,1,145,0,1
58,M,2,60,0,1
36,M,1,1,0,0
66,M,1,167,1,1
81,M,2,254,0,1
31,F,1,3,0,0
22,F,0,3,0,0
76,F,0,245,1,1
89,F,4,350,0,1
70,M,2,208,1,1
58,M,4,66,3,1
25,F,3,2,3,0
59,F,2,79,1,1
31,M,1,4,0,0
30,M,0,1,1,0
49,F,0,3,1,0
66,M,3,161,4,1
83,F,3,327,0,1
29,F,0,4,0,0
39,M,2,3,0,0
78,M,1,255,0,1
34,M,0,1,0,0
71,F,1,215,0,1
47,F,1,2,1,0
30,F,1,5,1,0
25,F,0,4,0,0
74,M,2,231,0,1
42,F,2,6,0,0
63,M,2,113,1,1
46,M,1,8,0,0
39,M,0,3,0,0
51,F,3,13,2,1
65,M,1,120,0,1
20,M,0,4,1,0
68,F,0,169,0,1
85,M,1,324,1,1
53,F,1,37,2,1
32,M,0,4,0,0
67,F,2,168,0,1
42,M,2,1,1,0
74,F,2,203,0,1
41,M,0,2,2,0
82,F,2,305,0,1
58,F,3,70,1,1
77,F,1,261,0,1
47,F,1,1,0,0
25,F,3,6,0,0
32,M,2,5,0,0
80,M,1,260,0,1
42,F,4,5,0,0
86,F,2,329,0,1
62,F,2,103,1,1
52,F,1,19,1,1
66,F,0,160,0,1
83,F,3,308,1,1
87,F,3,348,1,1
34,M,4,1,0,0
29,F,0,2,2,0
20,M,3,3,3,0
74,M,0,211,1,1
50,F,3,2,1,1
19,F,3,4,0,0
26,M,1,4,1,0
80,F,7,265,1,1
27,F,3,4,1,0
33,F,1,4,1,0
49,F,0,3,0,0
23,F,1,4,1,0
88,F,3,319,0,1
72,M,2,191,1,1
55,F,0,49,0,1
44,M,2,2,0,0
89,M,0,344,0,1
22,M,2,4,1,0
54,M,0,37,0,1
78,F,0,263,1,1
51,F,1,8,0,1
63,F,1,120,0,1
19,M,1,3,0,0
44,F,0,3,0,0
24,M,1,3,2,0
86,M,2,328,0,1
80,M,1,229,0,1
83,M,0,271,0,1
67,M,0,153,0,1
30,F,1,7,1,0
58,M,2,88,0,1
56,M,1,63,1,1
82,F,3,300,1,1
87,M,3,363,0,1
64,F,3,131,1,1
81,F,2,297,0,1
38,M,2,3,0,0
46,F,0,1,1,0
80,F,2,265,1,1
36,M,0,5,0,0
70,F,0,202,0,1
45,M,2,2,0,0
23,M,0,6,0,0
80,M,2,309,1,1
77,F,2,258,0,1
61,F,2,102,0,1
44,F,3,4,1,0
32,M,0,2,0,0
78,F,0,252,0,1
58,M,0,76,0,1
77,M,4,258,2,1
21,M,1,3,1,0
83,M,3,286,2,1
76,M,1,251,1,1
26,M,4,4,2,0
63,F,1,128,1,1
70,M,1,190,0,1
43,M,2,1,0,0
40,M,3,3,1,0
58,M,2,75,0,1
79,F,5,271,3,1
30,F,0,3,2,0
26,F,1,1,1,0
73,F,1,204,0,1
81,M,1,279,1,1
24,F,0,5,0,0
88,M,0,380,0,1
61,M,0,104,0,1
55,M,4,45,0,1
52,M,2,22,1,1
57,F,2,61,0,1
35,M,1,2,2,0
61,F,2,112,0,1
58,M,2,85,2,1
82,M,5,277,0,1
28,M,1,3,0,0
24,M,3,0,1,0
70,M,2,184,0,1
79,M,1,240,0,1
45,M,3,5,1,0
43,F,4,2,1,0
64,F,2,137,0,1
47,F,3,4,1,0
69,M,0,182,0,1
80,F,1,269,0,1
75,M,0,244,0,1
26,M,2,4,0,0
60,F,1,92,1,1
28,M,3,2,2,0
37,F,2,2,0,0
67,F,0,176,0,1
62,F,0,98,1,1
70,F,2,196,1,1
64,M,2,137,1,1
34,M,1,7,0,0
59,F,1,77,0,1
67,M,1,173,0,1
59,M,3,62,0,1
43,M,2,4,2,0
76,M,1,232,0,1
19,M,0,5,0,0
71,F,0,192,2,1
36,F,2,3,1,0
83,F,2,294,0,1
29,M,2,2,0,0
79,M,2,258,1,1
50,M,0,3,1,0
28,M,2,5,0,0
50,F,0,5,0,0
45,F,2,1,0,0
45,M,0,4,1,0
49,F,3,3,1,0
83,F,3,330,1,1
28,M,4,3,1,0
45,F,0,3,1,0
77,M,2,238,0,1
31,F,1,5,0,0
62,M,2,122,0,1
86,M,0,313,0,1
48,F,0,2,0,0
64,M,2,125,0,1
64,F,1,156,1,1
86,F,3,341,0,1
61,M,3,114,1,1
50,F,1,3,2,1
63,M,1,125,0,1
61,M,2,87,0,1
78,F,3,250,0,1
41,M,2,9,1,0
80,F,0,281,0,1
87,M,0,340,0,1
25,F,3,2,2,0
37,M,1,2,1,0
24,F,2,8,1,0
85,F,3,305,2,1
19,F,1,6,0,0
42,M,0,4,1,0
38,F,1,0,0,0
73,M,1,206,0,1
89,M,0,382,1,1
64,M,1,126,1,1
25,F,3,4,2,0
74,M,0,234,1,1
20,M,2,1,0,0
32,F,3,5,0,0
26,M,2,3,2,0
89,M,4,380,1,1
21,M,1,3,1,0
53,F,4,32,1,1
33,M,0,3,0,0
23,M,3,5,1,0
39,F,3,3,3,0
67,M,1,159,3,1
34,F,1,4,1,0
23,F,0,1,0,0
57,M,2,46,0,1
64,M,2,127,0,1
82,M,5,279,1,1
69,M,3,173,0,1
24,F,1,2,1,0
32,M,0,5,0,0
69,M,1,178,2,1
26,F,0,2,0,0
76,F,1,239,0,1
27,M,1,2,1,0
55,F,1,43,0,1
65,F,1,157,0,1
42,F,4,0,0,0
71,F,1,197,1,1
89,M,1,343,1,1
84,F,4,317,1,1
52,F,1,20,1,1
41,F,1,4,0,0
28,M,1,8,1,0
25,F,2,3,0,0
26,F,2,5,0,0
63,M,0,112,0,1
74,F,2,237,1,1
78,M,2,257,0,1
83,M,2,307,1,1
70,M,0,174,0,1
60,M,0,93,0,1
53,M,2,23,1,1
29,M,0,3,0,0
37,M,0,3,0,0
29,M,2,1,0,0
70,F,3,173,0,1
45,F,2,2,0,0
79,F,1,265,1,1
71,F,2,199,0,1
33,F,3,1,2,0
49,F,1,5,0,0
69,F,1,169,3,1
20,M,1,2,1,0
73,M,1,217,1,1
55,M,0,50,0,1
89,F,2,357,0,1
79,M,3,262,0,1
45,M,0,4,2,0
18,M,1,4,0,0
46,F,3,2,1,0
61,M,1,106,0,1
21,F,1,5,1,0
21,M,1,3,1,0
29,M,1,5,0,0
51,F,0,9,0,1
71,F,1,183,0,1
19,M,0,3,2,0
37,F,2,4,0,0
87,M,1,309,0,1
83,F,1,294,0,1
83,F,2,297,0,1
40,M,2,4,1,0
67,F,2,174,0,1
75,M,0,249,0,1
59,M,0,96,0,1
43,M,1,2,0,0
32,F,1,5,1,0
72,F,2,192,0,1
78,F,1,256,0,1
49,M,1,2,1,0
68,F,3,175,2,1
33,F,4,4,1,0
52,M,2,14,1,1
32,F,1,2,0,0
32,F,2,1,2,0
38,F,1,1,0,0
61,F,3,110,0,1
26,M,2,4,0,0
33,F,3,1,2,0
80,M,2,258,1,1
20,F,1,2,2,0
84,F,2,309,0,1
18,F,2,2,0,0
75,F,0,232,1,1
86,F,1,327,0,1
18,M,4,4,0,0
35,F,0,3,0,0
81,M,0,287,0,1
28,M,3,2,0,0
75,M,4,245,1,1
59,F,0,79,0,1
78,F,0,275,0,1
45,F,2,5,0,0
63,F,0,121,0,1
73,F,2,201,1,1
32,F,1,2,0,0
20,M,5,2,0,0
39,M,3,2,0,0
66,F,3,135,1,1
46,M,4,2,0,0
85,M,0,312,0,1
31,F,2,3,0,0
70,M,1,183,0,1
20,M,2,3,0,0
65,F,1,158,0,1
86,M,2,328,0,1
20,F,3,3,1,0
46,M,0,4,0,0
76,F,2,245,0,1
61,M,1,102,0,1
66,F,0,147,1,1
25,M,1,2,1,0
68,F,3,171,2,1
79,M,4,268,0,1
32,F,2,2,1,0
72,F,3,222,1,1
48,F,2,6,1,0
20,M,2,3,0,0
22,M,2,6,0,0
32,M,5,0,0,0
20,M,2,2,0,0
71,M,1,184,2,1
89,M,1,372,2,1
22,M,1,6,0,0
72,F,2,222,1,1
19,F,0,4,1,0
66,F,1,144,3,1
26,F,2,2,0,0
30,M,1,4,0,0
28,M,1,4,1,0
45,F,0,3,0,0
73,F,4,230,0,1
30,M,1,6,0,0
74,M,4,199,1,1
81,F,0,266,0,1
59,M,1,78,1,1
32,F,2,4,0,0
39,F,3,2,0,0
43,M,3,3,0,0
74,M,1,208,0,1
82,M,0,270,1,1
63,F,2,109,1,1
86,M,0,285,0,1
22,F,1,2,0,0
76,M,2,245,1,1
31,M,0,2,1,0
42,M,4,6,0,0
68,F,0,171,0,1
21,M,0,6,1,0
58,M,1,71,0,1
89,F,1,380,0,1
46,M,0,4,0,0
89,M,2,359,0,1
56,M,2,51,0,1
50,M,2,2,0,0
35,F,2,0,1,0
80,F,1,268,1,1
60,M,3,82,1,1
64,F,2,131,0,1
27,F,3,1,0,0
73,M,4,200,0,1
89,F,3,394,0,1
36,M,1,5,0,0
77,M,1,240,0,1
50,M,1,7,0,0
53,F,0,26,0,1
68,M,1,150,0,1
88,F,3,330,1,1
71,M,1,198,1,1
66,M,1,149,0,1
66,F,2,155,2,1
59,M,1,80,0,1
60,F,2,90,0,1
64,F,2,129,0,1
20,M,2,2,0,0
68,F,1,165,0,1
25,F,5,3,1,0
89,F,1,349,0,1
74,M,2,227,0,1
74,F,2,210,1,1
87,F,2,369,1,1
35,F,2,4,0,0
30,F,2,3,1,0
22,M,0,2,1,0
58,M,2,68,0,1
84,F,3,316,2,1
48,F,3,2,1,0
71,F,1,199,1,1
25,F,3,3,1,0
59,M,1,77,0,1
36,F,2,3,0,0
53,F,4,38,2,1
62,F,1,117,0,1
86,F,4,332,1,1
68,F,2,182,1,1
21,M,1,4,0,0
53,F,2,31,1,1
29,F,0,4,0,0
76,F,1,236,1,1
40,F,1,5,1,0
64,F,2,121,2,1
89,F,3,313,0,1
65,M,0,115,1,1
68,F,0,156,2,1
54,F,5,44,1,1
61,F,2,105,2,1
86,M,3,333,0,1
42,M,1,3,2,0
18,F,1,5,0,0
29,F,3,4,2,0
42,F,1,3,0,0
19,F,2,2,0,0
66,F,4,145,1,1
28,M,0,5,1,0
76,F,0,255,0,1
30,M,0,2,1,0
46,F,3,3,2,0
54,F,1,36,0,1
79,F,1,248,1,1
44,M,5,3,0,0
77,F,2,245,1,1
88,M,2,310,0,1
24,M,2,3,0,0
84,F,0,316,1,1
31,M,2,6,0,0
57,F,3,72,1,1
74,M,2,216,1,1
29,M,0,3,1,0
52,F,2,24,0,1
40,F,1,4,1,0
26,M,1,4,0,0
19,M,3,5,1,0
36,M,1,5,0,0
65,F,0,150,2,1
19,M,1,2,0,0
45,M,0,2,0,0
58,M,3,61,2,1
84,M,0,321,1,1
45,M,2,6,0,0
40,F,0,1,0,0
28,M,1,1,1,0
79,M,1,292,1,1
88,F,2,332,0,1
46,M,3,3,2,0
74,M,3,214,2,1
65,F,2,129,1,1
76,F,1,225,1,1
43,F,2,4,1,0
51,F,3,13,0,1
76,M,3,273,0,1
19,F,1,4,1,0
34,M,0,3,1,0
27,M,1,1,2,0
29,F,1,4,1,0
27,M,0,4,1,0
21,M,1,1,0,0
21,M,4,4,0,0
45,F,1,2,0,0
63,M,2,125,1,1
70,M,1,192,0,1
74,F,2,209,1,1
51,M,1,10,0,1
55,M,3,39,2,1
78,M,1,243,0,1
41,F,2,5,0,0
60,M,2,94,1,1
49,F,3,4,1,0
56,F,0,66,0,1
23,M,1,1,2,0
53,F,4,32,0,1
71,F,3,197,0,1
20,F,1,5,0,0
25,F,3,3,1,0
60,M,2,70,0,1
86,F,0,335,0,1
31,F,5,5,0,0
20,M,1,1,1,0
23,F,1,3,1,0
34,F,2,2,0,0
25,M,2,3,0,0
54,M,0,43,3,1
29,F,1,4,1,0
49,F,0,4,0,0
62,M,0,89,0,1
24,F,0,4,0,0
38,M,1,2,0,0
20,M,1,6,1,0
39,F,2,0,1,0
78,M,1,248,0,1
47,F,2,3,0,0
44,M,3,1,1,0
86,M,1,326,0,1
45,F,2,6,0,0
36,F,1,3,0,0
65,F,2,143,0,1
39,M,1,4,2,0
75,M,3,245,1,1
36,M,0,6,0,0
42,F,1,7,0,0
40,F,3,4,1,0
55,F,1,45,1,1
39,M,2,6,0,0
28,F,0,3,0,0
77,F,5,247,2,1
80,M,1,289,2,1
88,M,0,308,0,1
78,M,0,259,1,1
46,M,0,4,1,0
24,F,0,1,0,0
80,M,2,271,0,1
36,M,1,1,1,0
25,M,2,0,1,0
46,F,3,3,1,0
52,F,2,25,1,1
64,M,1,128,0,1
77,F,0,245,0,1
23,F,0,4,0,0
24,F,1,3,0,0
83,M,2,291,1,1
89,F,0,387,1,1
51,F,1,10,0,1
46,F,0,4,0,0
68,F,2,179,0,1
53,F,1,28,0,1
53,F,1,31,0,1
86,M,4,332,1,1
39,F,1,2,0,0
84,M,2,329,0,1
22,F,2,3,0,0
33,F,0,3,0,0
89,M,7,341,1,1
50,F,1,5,0,0
25,M,0,2,0,0
70,M,2,211,1,1
27,F,2,3,0,0
51,M,0,18,0,1
20,F,3,2,1,0
85,M,1,309,0,1
31,M,0,1,1,0
32,M,4,3,1,0
50,F,2,2,0,0
88,F,3,347,0,1
68,F,2,167,1,1
62,M,1,134,0,1
55,F,3,58,1,1
62,F,3,110,1,1
70,M,2,213,0,1
67,F,2,161,2,1
65,M,1,145,0,1
37,F,0,2,0,0
47,F,1,6,1,0
49,F,3,2,0,0
48,F,0,0,0,0
33,F,1,1,0,0
50,M,0,4,2,1
76,F,2,242,0,1
32,M,0,2,1,0
41,M,2,2,3,0
27,M,1,2,0,0
28,M,3,2,0,0
77,M,4,240,0,1
82,M,1,271,0,1
48,F,3,5,1,0
42,F,2,4,1,0
45,F,1,7,4,0
86,M,1,302,0,1
88,M,1,318,1,1
50,M,2,5,0,0
58,F,1,67,0,1
64,M,2,110,0,1
47,M,0,2,0,0
74,M,1,244,0,1
25,F,1,2,0,0
55,F,2,49,1,1
56,F,0,62,2,1
85,F,1,335,0,1
53,F,1,42,0,1
76,F,4,234,3,1
76,F,2,225,0,1
82,F,0,291,1,1
59,M,0,85,0,1
56,M,2,60,0,1
62,M,1,114,1,1
27,F,0,3,0,0
54,M,0,31,0,1
30,M,0,1,0,0
88,M,3,337,0,1
28,F,1,2,1,0
40,M,1,1,0,0
56,F,1,56,0,1
63,M,3,124,0,1
86,M,1,306,0,1
27,F,2,3,0,0
57,F,1,74,0,1
75,M,2,217,0,1
48,M,4,4,2,0
56,M,2,63,0,1
26,M,2,0,0,0
39,F,1,4,0,0
45,F,1,1,0,0
76,F,1,251,0,1
31,F,2,1,0,0
18,F,0,8,0,0
50,M,1,1,0,0
47,M,0,4,1,0
51,M,3,16,1,1
26,M,1,5,0,0
85,F,1,297,0,1
43,F,1,2,1,0
46,F,2,2,0,0
43,M,1,4,0,0
81,F,1,319,0,1
85,M,3,302,2,1
21,F,2,2,0,0
20,M,0,6,1,0
42,M,2,1,1,0
70,F,3,156,2,1
69,F,1,187,2,1
19,M,1,2,0,0
50,M,1,3,1,1
85,F,0,305,1,1
23,M,0,4,0,0
85,F,5,293,0,1
43,M,1,1,1,0
66,F,5,143,1,1
57,M,2,63,0,1
25,F,2,5,1,0
86,M,1,334,0,1
38,F,1,4,1,0
35,F,0,4,0,0
23,F,2,4,1,0
24,F,0,3,1,0
85,M,3,309,1,1
72,F,0,229,1,1
69,M,1,185,0,1
62,M,2,112,2,1
30,M,1,4,1,0
43,F,1,6,2,0
89,M,2,367,0,1
46,F,5,5,0,0
37,M,2,3,0,0
41,M,1,0,0,0
60,F,2,100,0,1
65,F,1,144,0,1
33,M,1,0,0,0
80,F,2,278,0,1
49,M,5,1,0,0
39,F,1,2,1,0
45,F,2,1,0,0
83,M,3,291,0,1
60,F,0,98,1,1
48,F,2,0,2,0
83,F,3,306,1,1
53,M,1,18,1,1
21,F,1,1,0,0
36,F,0,3,1,0
87,M,3,298,1,1
24,M,2,2,1,0
68,M,2,177,0,1
32,F,4,1,0,0
26,F,1,3,0,0
36,F,1,1,0,0
43,M,2,1,0,0
49,M,1,0,0,0
80,M,2,301,1,1
53,M,3,26,0,1
51,F,0,13,1,1
78,M,1,270,2,1
72,M,0,193,0,1
43,M,1,5,0,0
32,F,0,1,0,0
73,M,2,199,0,1
62,F,0,107,1,1
36,M,2,4,0,0
75,F,3,199,0,1
52,F,2,11,2,1
78,M,4,273,2,1
23,F,0,0,0,0
40,M,1,5,1,0
82,F,0,261,0,1
60,F,0,92,0,1
43,M,1,2,3,0
41,F,2,2,0,0
64,M,4,137,2,1
84,F,3,339,0,1
58,M,3,77,1,1
37,F,1,4,1,0
53,F,0,32,0,1
81,F,1,287,0,1
35,M,1,2,0,0
83,M,4,331,0,1
77,F,1,229,0,1
39,F,2,2,1,0
52,F,1,17,0,1
55,M,1,49,0,1
27,F,4,2,1,0
67,M,1,160,0,1
25,F,2,2,0,0
89,F,2,359,0,1
54,F,0,48,0,1
45,M,0,3,0,0
58,F,1,78,0,1
23,M,4,2,0,0
37,F,0,3,0,0
51,F,1,16,0,1
34,M,0,2,0,0
47,M,1,5,1,0
77,F,1,286,0,1
27,M,2,2,3,0
67,F,1,163,0,1
20,F,4,3,0,0
28,M,0,8,2,0
42,M,0,3,0,0
76,M,1,255,1,1
71,F,1,209,0,1
22,M,0,2,3,0
77,F,0,228,0,1
78,M,2,256,0,1
64,M,0,134,1,1
78,F,4,252,0,1
60,M,3,93,2,1
26,F,1,10,0,0
71,F,1,178,0,1
89,M,1,337,1,1
40,M,3,3,0,0
82,F,1,282,0,1
50,M,2,3,0,0
30,F,0,4,0,0
60,M,2,106,0,1
65,M,1,129,0,1
79,F,2,278,1,1
51,M,3,11,0,1
83,M,1,319,0,1
28,F,1,2,0,0
68,F,0,156,1,1
32,F,1,1,2,0
66,M,0,149,0,1
32,F,1,4,0,0
71,M,2,188,0,1
66,F,4,147,2,1
50,F,0,4,0,0
59,M,2,83,0,1
85,M,2,312,0,1
87,M,3,315,3,1
62,M,0,121,0,1
40,F,1,4,1,0
40,M,1,1,0,0
52,F,1,17,0,1
62,M,2,101,0,1
44,M,2,2,0,0
51,M,2,12,1,1
45,M,2,2,1,0
29,F,2,6,1,0
60,F,1,99,0,1
64,M,1,122,0,1
74,F,0,241,0,1
73,M,0,225,1,1
67,F,0,160,0,1
28,M,2,1,0,0
26,M,0,2,0,0
36,M,1,1,0,0
37,F,0,3,1,0
36,M,0,2,1,0
63,M,0,119,0,1
35,F,4,7,1,0
72,F,1,208,0,1
60,F,1,87,0,1
80,F,1,264,0,1
47,F,1,1,1,0
43,M,5,1,1,0
83,F,0,285,4,1
51,M,3,15,0,1
80,M,0,290,1,1
21,M,0,6,1,0
80,F,3,246,0,1
55,F,4,59,1,1
71,M,2,184,0,1
39,F,0,5,1,0
31,M,0,2,0,0
55,M,1,45,0,1
25,M,3,5,1,0
61,M,4,119,1,1
80,F,3,277,1,1
30,F,0,5,1,0
61,M,1,106,0,1
23,M,1,2,2,0
46,M,0,4,0,0
69,F,0,162,0,1
51,M,3,12,0,1
69,F,3,168,1,1
88,M,2,344,2,1
89,M,2,328,0,1
40,M,2,4,0,0
54,F,2,33,0,1
81,M,0,320,0,1
22,F,1,2,0,0
56,M,2,59,0,1
23,M,0,3,0,0
22,F,2,4,1,0
87,F,0,329,0,1
83,F,0,286,0,1
70,F,5,183,1,1
57,M,2,59,0,1
29,M,2,0,0,0
41,M,1,2,1,0
48,M,2,4,0,0
43,F,1,3,1,0
32,F,3,4,0,0
78,M,1,250,0,1
73,M,0,194,1,1
83,M,7,284,0,1
70,F,0,182,1,1
74,F,2,204,0,1
84,M,2,297,0,1
79,M,1,271,1,1
65,M,1,125,0,1
72,F,1,186,0,1
47,F,0,3,0,0
38,M,0,1,1,0
83,M,0,313,0,1
85,F,2,310,2,1
45,M,2,0,0,0
23,F,1,2,1,0
70,M,0,194,0,1
24,M,2,1,1,0
33,M,2,1,2,0
22,M,1,3,1,0
37,F,0,3,0,0
47,M,0,4,0,0
61,F,1,85,0,1
67,F,1,135,0,1
39,F,0,5,2,0
49,M,0,0,0,0
79,F,2,244,2,1
70,F,0,189,0,1
55,M,1,50,0,1
63,F,2,129,0,1
84,F,1,324,0,1
34,F,1,4,0,0
61,F,1,113,2,1
65,M,1,160,0,1
59,F,1,83,0,1
89,F,3,365,0,1
54,F,2,41,0,1
55,F,3,48,1,1
31,M,1,4,0,0
27,F,2,3,0,0
43,M,0,1,1,0
54,F,2,31,0,1
82,F,2,266,0,1
85,F,1,294,1,1
66,F,3,142,0,1
40,F,1,4,0,0
73,M,2,242,0,1
37,F,1,2,1,0
47,M,4,5,0,0
56,M,3,54,0,1
32,F,0,3,1,0
78,F,2,267,1,1
75,F,0,224,2,1
74,M,0,189,2,1
48,F,2,1,0,0
71,M,0,185,2,1
74,F,2,207,0,1
64,M,0,124,0,1
22,F,2,2,0,0
23,M,1,4,1,0
43,M,1,2,0,0
23,M,1,0,0,0
64,F,1,161,0,1
61,M,2,99,0,1
85,F,1,306,0,1
58,M,1,68,2,1
32,F,1,1,1,0
31,F,3,3,0,0
88,F,1,349,0,1
33,F,0,5,0,0
66,M,0,130,0,1
60,M,0,85,0,1
32,F,1,6,0,0
52,F,0,18,0,1
19,F,2,5,0,0
71,M,3,198,2,1
84,F,2,340,1,1
72,M,0,169,0,1
66,M,1,146,0,1
64,F,0,147,1,1
70,M,0,169,1,1
19,M,1,0,0,0
47,F,2,5,0,0
73,F,0,219,1,1
24,F,0,3,1,0
49,M,4,0,0,0
52,F,2,22,0,1
72,M,5,225,0,1
64,M,1,134,1,1
52,M,1,25,0,1
37,F,2,2,2,0
39,F,0,3,0,0
87,F,0,364,0,1
77,M,1,276,0,1
73,F,0,198,0,1
25,F,1,2,0,0
19,M,1,3,0,0
40,M,1,2,1,0
39,F,0,2,1,0
77,M,0,236,0,1
82,F,4,258,0,1
33,F,0,1,0,0
71,F,1,199,0,1
54,M,2,31,1,1
75,M,1,234,0,1
42,F,0,2,2,0
31,M,0,3,2,0
22,F,3,0,3,0
81,F,0,275,0,1
73,F,1,181,0,1
65,F,1,131,0,1
69,F,1,163,1,1
47,F,1,4,2,0
84,M,1,303,1,1
67,M,3,156,0,1
74,M,3,201,0,1
35,F,0,3,0,0
30,M,0,3,1,0
82,M,2,301,0,1
85,M,1,305,0,1
23,M,3,3,0,0
25,F,0,3,0,0
37,F,3,3,0,0
78,M,0,237,0,1
69,F,2,194,1,1
39,M,4,3,0,0
48,F,0,2,0,0
79,F,0,259,0,1
81,M,0,292,0,1
41,F,0,4,2,0
77,F,2,238,0,1
85,M,1,337,0,1
66,F,2,162,2,1
42,M,1,4,1,0
43,F,0,2,1,0
63,M,0,117,0,1
49,F,3,0,0,0
52,M,2,23,0,1
41,F,1,2,0,0
70,F,1,181,0,1
40,M,1,3,0,0
31,F,2,2,2,0
18,M,0,5,0,0
54,M,1,44,0,1
36,F,1,4,0,0
83,M,4,315,2,1
68,F,2,154,0,1
51,F,1,12,1,1
57,F,1,61,0,1
87,F,1,308,1,1
41,M,3,4,1,0
70,F,1,168,0,1
41,M,1,2,0,0
54,F,1,36,0,1
30,F,2,4,0,0
89,M,2,349,0,1
23,F,0,6,0,0
40,M,1,1,1,0
29,F,2,4,0,0
85,M,3,355,1,1
62,F,0,92,1,1
50,M,2,4,0,0
84,F,3,278,0,1
79,F,0,247,0,1
67,M,2,186,0,1
52,M,1,14,1,1
42,M,0,3,0,0
45,F,1,2,1,0
58,M,3,62,0,1
66,M,3,150,1,1
27,F,2,2,0,0
29,M,4,2,0,0
23,M,3,2,1,0
63,F,2,116,0,1
22,F,2,3,0,0
57,F,0,58,0,1
58,F,1,88,0,1
56,M,2,67,0,1
60,F,1,91,1,1
53,F,0,28,1,1
29,F,1,2,1,0
70,F,1,184,0,1
85,F,0,320,2,1
52,F,2,16,2,1
28,M,2,4,1,0
65,F,1,123,0,1
54,M,2,51,0,1
66,M,1,151,1,1
64,F,0,149,1,1
33,F,4,2,2,0
20,F,1,1,0,0
40,F,4,5,0,0
37,F,1,5,0,0
68,F,1,163,0,1
56,M,1,65,1,1
83,F,1,272,0,1
66,M,2,121,0,1
35,F,2,3,1,0
67,M,1,173,1,1
32,M,0,1,0,0
65,F,2,120,0,1
65,M,1,137,0,1
23,M,1,2,0,0
49,F,0,5,1,0
22,F,2,3,0,0
66,F,5,148,0,1
79,F,1,267,1,1
54,F,0,44,0,1
28,F,3,2,1,0
36,F,1,1,0,0
44,M,1,5,0,0
69,M,1,183,0,1
78,F,1,237,1,1
88,F,1,359,1,1
21,M,2,6,0,0
53,F,2,35,0,1
79,F,2,250,2,1
72,F,3,213,0,1
65,M,0,146,0,1
39,M,1,2,1,0
45,F,2,2,0,0
21,F,3,2,0,0
35,M,4,5,0,0
39,M,1,2,1,0
55,M,0,48,0,1
23,M,2,2,1,0
77,F,3,231,2,1
33,F,4,1,1,0
32,M,1,2,0,0
34,F,2,3,0,0
35,F,2,2,0,0
89,M,1,343,0,1
53,M,3,24,0,1
27,M,3,1,0,0
76,F,4,239,0,1
57,F,0,69,1,1
48,M,2,6,1,0
67,F,2,160,0,1
47,F,2,3,0,0
27,F,2,1,2,0
87,F,0,319,0,1
69,M,1,168,1,1
56,F,0,55,0,1
75,F,5,239,0,1
74,F,1,211,1,1
49,F,3,4,0,0
66,F,0,153,0,1
68,M,3,172,0,1
57,F,1,58,1,1
60,M,1,82,1,1
49,F,2,1,0,0
38,F,2,1,1,0
65,F,0,125,1,1
70,F,5,180,2,1
77,M,2,225,0,1
49,F,3,7,1,0
28,F,2,4,1,0
39,M,3,4,0,0
37,M,1,5,0,0
52,F,0,16,0,1
33,M,1,5,0,0
38,F,1,3,0,0
76,M,1,224,0,1
67,F,1,163,0,1
41,M,3,7,0,0
20,M,1,2,0,0
50,M,0,4,0,0
35,F,1,6,1,0
54,F,1,39,1,1
47,F,4,2,0,0
86,F,2,342,0,1
63,F,1,110,0,1
18,M,0,1,0,0
87,M,2,325,0,1
31,F,0,3,1,0
45,F,3,3,1,0
80,M,1,298,1,1
42,F,0,6,1,0
50,F,2,4,0,0
70,F,3,191,0,1
44,M,3,5,0,0
67,F,3,171,1,1
85,M,0,333,0,1
25,F,1,5,1,0
25,M,1,6,2,0
73,M,0,219,0,1
19,F,2,2,0,0
88,M,2,318,1,1
83,M,1,296,0,1
42,F,1,5,1,0
77,M,1,238,1,1
52,M,1,24,2,1
56,F,1,75,0,1
62,F,2,106,0,1
37,M,1,3,1,0
52,M,0,23,0,1
74,F,2,217,1,1
68,M,0,174,0,1
29,F,1,3,0,0
47,M,0,1,1,0
48,F,0,3,0,0
44,F,0,4,0,0
30,F,0,6,1,0
71,F,1,197,1,1
47,M,2,5,1,0
51,F,2,18,1,1
18,M,0,2,1,0
27,M,2,3,1,0
51,M,1,9,0,1
64,F,3,133,1,1
50,M,5,1,0,0
50,M,0,2,0,1
88,M,1,329,0,1
18,M,2,2,0,0
45,M,0,5,2,0
66,M,1,157,0,1
56,M,2,44,1,1
82,F,0,275,1,1
28,M,3,1,1,0
51,M,0,10,1,1
38,M,2,3,0,0
64,M,2,151,1,1
34,M,1,1,0,0
77,M,1,249,0,1
88,F,0,340,1,1
88,M,3,328,1,1
27,M,2,3,0,0
65,M,2,143,0,1
64,M,1,118,0,1
50,F,4,7,3,1
77,F,2,271,0,1
38,F,2,4,0,0
85,F,2,292,0,1
87,F,2,326,1,1
68,F,2,184,0,1
41,F,3,0,0,0
31,M,1,4,0,0
74,M,0,218,0,1
84,F,1,301,0,1
85,M,2,312,0,1
55,F,2,45,0,1
39,F,3,3,2,0
55,M,3,43,0,1
34,M,0,3,1,0
82,F,2,270,1,1
39,F,0,4,2,0
19,F,2,2,0,0
36,F,1,4,0,0
69,F,0,155,0,1
70,F,0,197,0,1
72,F,0,220,0,1
26,F,1,2,0,0
66,F,1,132,0,1
25,M,3,6,1,0
31,M,2,4,0,0
78,F,2,277,1,1
83,M,1,305,1,1
51,F,4,13,0,1
35,F,0,5,2,0
80,M,2,279,0,1
41,F,1,2,0,0
29,M,0,3,0,0
78,M,1,253,0,1
63,M,2,115,2,1
84,F,2,308,1,1
72,M,1,195,1,1
36,F,0,7,1,0
70,M,0,185,0,1
52,M,4,24,1,1
61,F,1,104,0,1
79,M,2,265,0,1
62,M,4,106,0,1
56,F,1,50,1,1
48,M,2,4,0,0
34,M,1,5,0,0
42,M,1,4,1,0
44,F,1,7,0,0
25,F,0,3,0,0
63,M,1,123,2,1
18,F,1,2,0,0
70,F,1,173,1,1
31,F,3,2,1,0
40,F,4,4,0,0
85,F,2,302,2,1
31,M,1,1,1,0
87,M,4,357,0,1
74,F,3,209,2,1
30,M,0,4,0,0
39,F,1,1,0,0
44,M,0,2,1,0
35,M,1,1,1,0
54,M,2,46,0,1
38,M,3,4,2,0
19,M,4,3,1,0
34,F,2,4,0,0
49,M,0,4,0,0
27,F,1,5,0,0
68,F,1,151,1,1
45,M,0,6,1,0
50,M,1,4,0,0
31,F,1,4,0,0
55,M,2,40,0,1
64,F,3,117,1,1
79,F,1,261,0,1
25,F,1,5,0,0
63,F,0,119,0,1
43,F,3,3,0,0
26,M,0,2,1,0
86,M,4,322,0,1
49,M,0,1,0,0
50,M,1,2,0,0
53,M,1,19,0,1
82,M,4,298,1,1
65,M,1,124,0,1
34,M,1,1,0,0
85,F,1,333,0,1
74,M,0,208,0,1
34,M,2,4,1,0
24,F,2,2,0,0
87,F,1,323,0,1
86,F,0,338,0,1
44,F,2,2,1,0
87,F,2,359,0,1
56,M,0,53,0,1
67,M,1,150,0,1
62,M,1,113,0,1
32,F,1,5,0,0
44,M,2,2,1,0
72,M,1,168,1,1
47,F,0,2,1,0
75,F,0,254,0,1
45,M,0,2,1,0
65,M,2,162,0,1
78,F,0,238,0,1
73,F,3,227,0,1
82,M,0,298,0,1
36,M,0,5,1,0
18,F,0,4,0,0
74,M,1,230,0,1
21,F,2,4,1,0
34,F,1,3,2,0
45,F,2,4,0,0
54,F,0,43,0,1
18,F,2,2,0,0
46,M,1,4,0,0
34,M,2,3,1,0
33,M,3,4,1,0
37,F,1,0,0,0
36,F,2,1,1,0
51,F,2,16,1,1
81,M,1,309,0,1
74,M,4,223,1,1
22,F,0,2,2,0
38,M,0,4,0,0
53,M,0,36,2,1
22,F,6,1,0,0
52,F,2,35,1,1
85,F,1,323,0,1
26,M,1,5,0,0
37,M,2,0,0,0
24,M,3,5,2,0
44,M,0,2,0,0
49,M,0,3,2,0
52,M,2,20,1,1
43,F,2,3,1,0
56,F,0,54,1,1
36,F,2,2,0,0
78,F,2,269,1,1
36,F,3,4,0,0
36,M,1,4,2,0
34,M,1,1,0,0
64,F,0,129,0,1
63,F,0,142,0,1
72,M,3,185,0,1
88,M,0,352,0,1
24,M,0,4,1,0
40,F,2,1,0,0
79,F,1,284,0,1
46,F,1,5,1,0
37,M,1,2,1,0
68,M,1,159,1,1
56,M,1,66,0,1
40,M,1,4,2,0
75,F,1,210,0,1
27,M,0,3,1,0
52,M,1,27,1,1
64,F,1,121,1,1
72,F,2,210,0,1
43,F,3,4,1,0
27,M,0,2,0,0
18,F,0,2,0,0
86,M,0,327,1,1
41,F,2,3,0,0
51,F,2,15,0,1
81,M,2,294,0,1
67,F,0,152,0,1
21,F,3,5,1,0
28,M,1,3,1,0
82,M,0,315,0,1
67,F,2,152,1,1
62,M,1,119,0,1
80,M,1,256,0,1
77,M,2,235,0,1
71,M,3,191,1,1
58,M,0,85,0,1
84,F,2,290,0,1
69,M,1,175,0,1
24,M,2,3,0,0
81,M,0,270,1,1
29,F,0,2,0,0
30,F,2,3,0,0
72,M,1,178,0,1
25,M,1,1,0,0
20,M,1,5,1,0
59,M,1,94,1,1
62,M,3,127,0,1
52,M,4,20,3,1
42,F,1,4,1,0
55,F,2,41,1,1
54,M,3,33,0,1
43,F,0,3,1,0
50,F,2,3,0,0
88,F,3,338,0,1
74,M,1,260,1,1
61,F,2,103,1,1
19,F,3,2,0,0
61,F,0,100,1,1
83,F,0,310,1,1
20,F,1,3,2,0
57,M,3,54,0,1
37,F,1,4,0,0
75,M,0,224,1,1
38,M,1,2,0,0
52,M,1,31,1,1
89,F,1,377,0,1
23,M,2,0,0,0
27,F,1,2,0,0
33,F,2,3,1,0
54,F,0,33,1,1
30,F,2,6,0,0
70,M,0,196,2,1
38,F,4,4,0,0
62,M,0,118,0,1
35,F,0,3,0,0
72,M,3,167,2,1
53,F,1,28,1,1
44,M,1,4,1,0
70,F,0,194,1,1
29,F,0,1,0,0
61,F,2,100,0,1
34,F,0,2,2,0
36,F,2,3,1,0
57,F,0,67,0,1
68,F,0,158,1,1
55,F,1,52,1,1
28,M,0,2,0,0
47,F,4,2,0,0
79,M,1,234,0,1
84,F,3,337,0,1
44,F,3,4,0,0
46,M,1,1,0,0
35,M,4,2,0,0
33,M,0,2,0,0
57,M,2,66,3,1
61,F,1,95,0,1
63,M,0,112,0,1
59,F,4,69,0,1
60,F,1,95,1,1
74,F,4,213,0,1
69,M,2,178,1,1
58,F,2,67,0,1
73,M,0,214,0,1
18,F,0,4,2,0
85,F,1,317,1,1
52,M,3,20,1,1
64,M,0,108,0,1
31,M,0,4,1,0
78,F,1,238,1,1
34,M,1,4,0,0
61,M,2,107,1,1
73,F,1,219,0,1
70,M,1,179,2,1
87,F,1,321,0,1
52,F,0,22,0,1
80,F,2,285,1,1
33,M,4,2,0,0
34,F,0,2,0,0
67,M,1,151,2,1
48,M,0,0,0,0
53,M,4,34,0,1
79,F,2,287,0,1
19,F,3,6,0,0
78,M,1,264,0,1
48,F,1,3,0,0
22,F,0,2,0,0
45,M,1,2,2,0
38,F,0,4,0,0
77,F,2,235,0,1
60,F,4,119,0,1
67,F,3,166,2,1
32,M,2,2,0,0
18,M,1,3,0,0
19,F,4,3,3,0
48,F,0,2,0,0
33,M,0,6,0,0
73,F,1,209,0,1
56,M,1,63,0,1
62,M,5,125,1,1
69,F,0,173,0,1
82,F,2,278,1,1
71,M,2,193,0,1
59,F,4,95,0,1
58,F,2,76,1,1
28,M,2,4,0,0
61,M,3,113,1,1
74,M,1,247,0,1
55,M,4,44,3,1
22,M,0,8,0,0
75,F,3,242,0,1
63,F,2,119,0,1
64,M,3,137,1,1
21,M,1,4,1,0
67,M,3,165,1,1
19,F,2,2,0,0
83,M,0,271,0,1
45,M,2,3,0,0
26,F,0,2,0,0
19,F,5,3,1,0
20,F,1,2,1,0
88,M,3,357,0,1
56,F,1,55,1,1
20,F,1,5,1,0
50,F,1,3,0,0
28,M,0,2,1,0
83,F,3,298,0,1
37,F,2,3,1,0
40,M,0,2,0,0
87,F,1,319,1,1
66,M,1,144,1,1
52,F,0,25,1,1
68,F,1,161,0,1
50,F,2,4,0,0
35,F,3,1,1,0
29,M,2,5,1,0
18,M,1,6,2,0
40,M,1,1,0,0
48,M,1,4,0,0
82,F,1,306,0,1
32,M,1,3,2,0
48,F,4,2,0,0
31,M,4,5,1,0
28,M,2,1,0,0
51,M,4,21,1,1
39,F,0,5,0,0
30,M,0,1,0,0
61,M,3,101,0,1
58,M,2,57,1,1
19,F,1,3,0,0
62,F,2,115,0,1
19,F,2,6,2,0
51,F,2,9,0,1
34,M,0,1,1,0
58,M,1,74,1,1
75,F,2,240,1,1
32,M,2,5,0,0
42,F,2,4,0,0
59,M,0,80,3,1
23,F,1,5,1,0
79,M,2,288,2,1
29,M,2,7,1,0
79,F,0,270,0,1
44,M,1,2,0,0
25,M,0,3,1,0
76,M,2,225,0,1
41,F,0,3,0,0
31,F,0,6,0,0
69,M,2,171,0,1
64,M,3,137,0,1
60,F,8,94,1,1
29,M,0,3,1,0
45,F,2,2,0,0
30,M,1,2,0,0
77,M,2,264,1,1
59,M,0,87,0,1
82,M,2,319,1,1
23,M,2,2,0,0
58,M,3,64,1,1
23,F,2,2,2,0
35,F,2,7,1,0
76,F,5,266,0,1
87,F,1,356,1,1
76,F,1,233,1,1
52,F,2,14,1,1
69,F,0,168,0,1
42,F,5,3,1,0
69,M,0,166,0,1
27,F,1,0,0,0
27,F,1,4,0,0
85,M,2,294,0,1
85,M,1,301,3,1
67,M,1,150,0,1
20,M,5,7,0,0
23,F,4,6,0,0
31,M,3,1,2,0
31,F,0,0,2,0
86,M,2,324,2,1
84,F,3,314,2,1
89,M,5,346,1,1
23,M,1,2,2,0
79,M,2,248,0,1
66,M,4,148,0,1
54,M,1,40,1,1
58,F,0,79,1,1
24,M,4,4,0,0
54,F,2,40,1,1
40,M,2,6,0,0
67,M,4,138,1,1
82,M,4,310,1,1
42,F,2,3,0,0
67,M,0,144,0,1
63,M,0,100,1,1
43,M,2,4,0,0
81,M,1,277,1,1
29,F,2,3,0,0
59,F,0,87,1,1
74,F,0,226,0,1
55,F,1,52,2,1
61,F,1,80,1,1
62,M,0,112,1,1
32,M,0,0,1,0
31,F,0,3,1,0
77,F,1,263,1,1
42,F,2,0,0,0
70,M,3,197,0,1
69,F,1,157,0,1
84,F,2,305,0,1
58,F,0,68,1,1
52,M,0,24,0,1
26,F,1,4,2,0
62,M,2,106,0,1
80,M,1,276,0,1
80,F,1,258,0,1
47,F,1,4,0,0
77,F,1,218,2,1
35,M,1,4,1,0
60,M,1,99,0,1
28,M,0,2,1,0
89,F,1,329,0,1
84,F,0,271,2,1
38,M,2,3,1,0
70,F,2,158,0,1
65,F,4,150,1,1
40,F,2,1,1,0
59,F,3,92,1,1
31,M,0,4,0,0
85,F,4,302,1,1
79,F,1,259,0,1
19,M,1,2,3,0
28,F,1,2,1,0
21,M,1,6,0,0
55,F,5,50,1,1
46,F,3,5,0,0
66,M,0,144,0,1
63,M,3,131,0,1
85,F,1,338,0,1
63,M,1,138,0,1
67,F,2,143,0,1
65,F,0,134,1,1
25,F,2,2,1,0
21,F,3,2,1,0
55,F,1,55,1,1
22,F,0,1,0,0
83,F,1,304,0,1
30,F,0,3,0,0
37,M,1,1,1,0
58,F,2,84,0,1
24,M,0,1,0,0
65,M,1,131,0,1
22,M,1,2,0,0
60,F,2,103,0,1
78,F,1,269,1,1
75,M,2,227,0,1
85,F,2,332,0,1
73,F,2,227,1,1
51,M,3,14,0,1
41,F,1,2,0,0
40,M,0,2,0,0
45,M,1,6,0,0
46,M,3,5,0,0
46,M,0,3,0,0
30,M,0,3,1,0
23,M,1,5,1,0
49,F,1,2,1,0
64,M,2,151,1,1
51,M,0,17,0,1
53,F,3,30,1,1
56,M,0,65,0,1
26,M,0,6,0,0
25,M,2,1,1,0
74,F,1,211,0,1
88,F,1,323,0,1
64,F,4,108,1,1
63,F,2,118,1,1
77,M,3,230,1,1
59,F,0,102,0,1
68,M,0,153,1,1
77,F,1,239,0,1
86,M,2,331,1,1
21,F,4,5,0,0
87,M,1,343,1,1
60,F,0,83,0,1
88,F,0,366,0,1
44,F,2,6,1,0
43,F,2,3,1,0
64,F,0,137,0,1
54,F,1,31,1,1
85,F,1,304,0,1
27,F,3,2,1,0
23,F,1,0,2,0
24,M,1,4,0,0
30,M,0,5,1,0
32,F,2,2,0,0
43,F,2,2,0,0
77,M,0,241,0,1
56,M,2,57,0,1
54,M,1,34,0,1
77,F,1,240,0,1
22,M,0,3,1,0
70,M,1,166,0,1
81,M,1,277,0,1
57,M,2,74,1,1
32,F,0,4,0,0
31,F,1,4,0,0
56,F,0,57,2,1
54,M,1,35,0,1
76,F,2,263,2,1
49,F,1,3,1,0
28,F,1,3,0,0
26,F,1,6,0,0
40,F,1,6,1,0
83,M,0,324,0,1
31,M,1,1,0,0
78,M,1,236,0,1
56,M,2,58,1,1
62,M,1,97,0,1
71,F,1,175,1,1
35,F,1,3,0,0
41,M,1,1,1,0
59,M,0,89,0,1
70,F,3,175,1,1
41,F,1,4,1,0
34,M,0,1,0,0
64,F,1,106,0,1
28,M,6,3,0,0
20,F,0,3,0,0
48,M,2,2,1,0
61,M,1,114,2,1
41,M,4,2,0,0
58,F,2,88,0,1
37,M,4,3,0,0
84,M,1,262,1,1
58,M,1,79,0,1
59,F,4,82,1,1
81,F,1,274,0,1
74,M,1,226,1,1
64,M,1,122,1,1
33,M,2,1,1,0
83,M,2,312,0,1
57,M,1,59,1,1
52,M,1,20,0,1
41,M,3,4,1,0
42,M,3,4,1,0
88,M,1,324,0,1
46,F,4,1,0,0
86,F,1,334,0,1
89,M,2,330,0,1
35,M,2,4,0,0
59,M,0,84,0,1
62,M,2,96,0,1
79,M,1,277,0,1
23,F,2,3,0,0
32,F,1,3,0,0
57,M,2,57,0,1
81,F,2,255,2,1
88,M,4,354,0,1
66,F,1,140,0,1
28,M,1,2,0,0
34,F,1,7,1,0
70,F,3,198,0,1
70,F,4,180,0,1
55,F,1,49,0,1
55,F,0,43,2,1
89,M,2,318,0,1
42,F,1,1,0,0
47,F,3,4,0,0
72,F,1,197,1,1
77,M,3,243,0,1
77,M,0,237,0,1
60,F,1,88,2,1
56,F,3,58,0,1
75,M,0,232,2,1
32,F,0,2,0,0
79,M,1,263,2,1
75,F,1,220,1,1
64,M,0,141,1,1
86,M,0,365,1,1
43,M,0,6,0,0
58,M,2,72,1,1
60,M,3,101,0,1
41,M,1,6,0,0
74,F,2,228,0,1
77,M,2,248,1,1
77,F,1,270,0,1
81,F,2,257,2,1
63,M,3,129,0,1
62,M,3,106,0,1
50,M,2,3,0,0
55,M,0,46,1,1
24,M,0,4,1,0
67,F,1,167,1,1
26,F,4,6,1,0
49,F,2,3,0,0
64,M,3,116,0,1
55,F,2,49,0,1
46,F,1,1,1,0
84,M,1,298,0,1
66,F,2,168,0,1
50,M,1,3,0,0
55,F,4,43,1,1
43,F,0,0,0,0
46,M,2,5,2,0
40,M,2,0,1,0
32,M,4,0,0,0
37,F,1,2,1,0
79,M,0,255,2,1
87,F,4,316,3,1
37,F,1,2,0,0
83,M,1,313,1,1
63,F,3,109,1,1
81,F,1,270,0,1
25,F,1,3,0,0
19,F,0,4,0,0
87,M,2,326,0,1
67,M,1,164,0,1
28,M,1,3,0,0
44,F,2,7,0,0
54,F,3,40,1,1
23,M,2,4,0,0
76,F,1,237,0,1
18,F,1,4,0,0
34,F,2,3,0,0
44,M,4,1,0,0
64,M,3,114,0,1
29,M,0,3,0,0
47,M,0,5,0,0
60,M,0,98,0,1
87,M,2,318,1,1
46,F,1,3,0,0
27,M,2,2,0,0
24,F,2,0,0,0
31,F,0,4,1,0
45,F,1,4,0,0
57,F,1,58,0,1
57,F,1,57,0,1
67,F,1,159,0,1
72,F,2,172,0,1
59,M,2,90,1,1
23,F,1,2,0,0
31,M,2,5,1,0
80,M,1,287,2,1
53,M,3,31,0,1
57,F,3,85,0,1
22,M,0,6,0,0
87,M,0,318,2,1
66,M,1,146,1,1
42,F,2,3,1,0
41,M,0,2,2,0
23,M,1,4,1,0
87,M,3,347,0,1
85,M,0,326,0,1
46,M,2,7,0,0
83,M,3,306,1,1
21,M,0,3,1,0
62,M,1,101,1,1
18,F,2,2,1,0
85,F,3,300,1,1
41,M,2,1,0,0
80,F,4,244,1,1
36,F,2,5,1,0
18,M,1,5,0,0
86,M,2,327,1,1
51,F,4,14,1,1
74,F,2,237,1,1
57,F,2,65,0,1
44,M,2,3,2,0
27,F,2,2,0,0
36,F,1,1,0,0
36,M,0,2,0,0
22,F,1,5,1,0
22,M,2,2,0,0
26,M,2,5,0,0
35,M,1,3,1,0
71,M,0,175,0,1
66,M,3,133,1,1
22,M,1,4,0,0
88,M,1,321,0,1
74,M,0,210,3,1
87,M,1,340,0,1
46,M,0,2,0,0
72,M,2,184,0,1
67,M,1,172,0,1
83,F,4,285,1,1
62,M,1,112,0,1
49,M,3,1,0,0
25,M,4,5,1,0
58,M,2,80,0,1
72,M,1,219,0,1
83,M,0,275,1,1
81,M,0,280,2,1
18,F,0,4,1,0
25,M,1,7,1,0
36,F,2,4,2,0
87,M,0,354,0,1
32,M,0,2,1,0
76,F,1,257,0,1
87,M,2,345,3,1
61,F,1,101,1,1
65,F,1,134,1,1
68,F,1,160,1,1
47,M,1,3,0,0
21,M,2,2,1,0
49,M,1,1,0,0
34,M,0,4,0,0
87,M,2,343,0,1
83,M,1,296,0,1
69,M,1,184,1,1
80,M,2,270,1,1
76,F,0,238,2,1
33,F,0,2,0,0
52,M,1,23,1,1
57,F,1,62,0,1
89,F,3,339,2,1
42,M,1,5,0,0
36,F,4,4,1,0
31,M,2,5,0,0
33,M,0,3,0,0
74,F,2,202,0,1
56,M,1,48,0,1
66,F,2,143,1,1
83,F,1,278,0,1
22,F,5,3,0,0
58,F,1,70,0,1
66,F,0,150,1,1
50,F,2,4,0,0
18,M,1,7,1,0
61,F,2,102,0,1
24,F,0,1,1,0
34,F,1,3,0,0
47,F,3,3,0,0
47,F,1,2,0,0
20,F,2,4,2,0
82,F,0,299,1,1
55,M,3,50,1,1
34,F,0,4,1,0
67,F,0,156,1,1
85,M,1,321,1,1
36,F,0,1,0,0
57,F,3,62,0,1
68,M,1,142,0,1
88,M,1,323,1,1
23,F,4,3,0,0
53,M,1,24,0,1
24,F,3,5,0,0
37,M,1,2,0,0
53,M,1,31,0,1
48,M,3,7,3,0
20,F,0,3,0,0
43,F,2,6,0,0
72,M,0,202,0,1
58,F,1,80,0,1
82,M,2,287,0,1
77,F,0,260,1,1
18,F,0,5,0,0
35,F,0,2,0,0
75,F,1,219,1,1
53,F,0,19,0,1
59,F,2,94,0,1
30,F,1,3,0,0
88,F,2,365,1,1
76,F,0,246,0,1
75,M,1,238,0,1
52,M,2,19,0,1
83,M,2,296,1,1
78,M,1,256,0,1
79,M,3,224,2,1
78,M,1,250,0,1
79,M,1,272,1,1
71,M,2,180,1,1
72,M,2,185,1,1
47,M,1,2,0,0
83,M,0,308,1,1
78,F,1,262,1,1
24,M,2,4,0,0
86,M,3,304,1,1
75,F,0,242,0,1
27,F,2,2,0,0
66,F,3,162,0,1
57,F,0,67,1,1
44,F,2,4,0,0
71,M,3,196,0,1
49,F,1,4,0,0
46,F,2,3,1,0
26,M,0,3,1,0
60,F,1,102,0,1
40,M,2,5,1,0
39,M,1,5,0,0
69,M,1,164,1,1
85,F,1,314,0,1
57,F,3,78,0,1
85,M,1,306,0,1
84,M,0,291,0,1
52,M,0,28,2,1
36,M,3,3,1,0
82,M,0,281,0,1
34,F,2,1,0,0
29,F,2,2,0,0
71,M,2,182,0,1
70,F,2,176,0,1
86,F,1,313,0,1
19,M,1,2,1,0
44,F,3,2,0,0
56,F,2,56,0,1
46,F,2,3,0,0
18,M,0,3,1,0
21,M,5,2,3,0
49,F,5,1,1,0
34,M,2,1,0,0
44,M,0,2,0,0
83,F,1,338,0,1
18,F,2,5,0,0
88,F,0,347,0,1
89,F,1,349,0,1
53,M,0,22,1,1
27,M,2,5,1,0
79,F,3,270,1,1
75,M,1,233,0,1
33,M,1,2,0,0
47,F,1,5,0,0
64,F,0,127,0,1
89,M,5,377,1,1
83,M,1,292,0,1
88,M,2,339,1,1
43,M,1,4,1,0
57,F,2,68,0,1
63,M,0,120,2,1
32,M,1,1,0,0
71,F,2,190,0,1
44,F,1,0,1,0
28,F,1,2,0,0
86,M,1,355,0,1
36,M,1,1,1,0
85,F,0,311,0,1
60,F,0,99,0,1
42,F,1,4,0,0
36,M,1,2,2,0
66,F,1,160,0,1
29,M,0,5,1,0
23,M,2,2,2,0
29,M,1,4,1,0
68,M,2,156,1,1
74,M,0,224,1,1
71,M,1,190,0,1
51,F,0,11,0,1
31,F,2,4,0,0
58,M,3,76,0,1
87,F,4,320,0,1
63,M,1,132,1,1
22,F,3,1,0,0
41,M,0,5,1,0
44,M,1,2,1,0
65,F,1,147,0,1
26,F,1,0,0,0
50,M,2,4,0,0
84,M,3,302,2,1
24,M,1,1,0,0
60,F,3,97,1,1
55,M,0,50,1,1
36,F,0,4,0,0
53,F,1,43,0,1
22,F,3,4,0,0
67,F,0,152,1,1
30,M,0,2,1,0
87,F,2,308,0,1
89,F,0,347,0,1
21,F,0,5,1,0
55,F,2,49,1,1
62,F,3,119,1,1
82,M,1,314,0,1
68,F,1,173,1,1
53,F,2,34,0,1
52,F,1,24,0,1
45,M,2,7,0,0
49,F,2,3,0,0
34,F,1,5,0,0
69,M,1,175,0,1
61,F,2,100,2,1
56,M,0,44,0,1
57,M,2,77,0,1
47,F,1,0,0,0
79,M,1,261,0,1
65,M,2,126,1,1
33,F,0,6,1,0
61,F,2,100,2,1
47,M,0,1,1,0
24,F,1,6,2,0
42,F,4,2,1,0
43,F,2,3,2,0
70,M,1,184,0,1
82,F,2,324,2,1
47,F,4,1,3,0
29,M,1,4,1,0
70,F,3,186,1,1
55,M,1,47,1,1
20,F,1,0,0,0
63,M,1,111,1,1
47,M,1,3,0,0
26,F,2,6,1,0
82,F,1,298,1,1
32,F,0,4,0,0
63,M,2,103,0,1
41,F,2,2,0,0
46,F,1,2,0,0
61,M,2,106,0,1
20,M,2,2,0,0
27,M,0,4,0,0
32,M,2,2,1,0
73,F,0,201,0,1
36,M,1,2,0,0
67,M,1,166,0,1
72,M,3,183,0,1
75,F,0,227,0,1
62,M,2,120,1,1
35,F,1,4,0,0
33,M,1,2,0,0
56,M,0,65,0,1
31,M,1,9,0,0
79,F,3,307,1,1
62,M,4,115,1,1
49,M,0,3,1,0
32,M,1,5,0,0
59,F,2,74,1,1
48,F,3,3,0,0
47,F,0,2,0,0
73,M,2,197,0,1
71,F,4,198,1,1
61,M,0,102,0,1
63,F,0,107,0,1
69,M,2,161,1,1
72,F,0,210,0,1
64,F,1,149,2,1
87,F,1,337,0,1
58,F,2,90,0,1
74,M,7,206,0,1
75,F,4,197,1,1
59,F,0,92,0,1
48,M,2,2,0,0
36,M,2,2,1,0
25,F,2,2,2,0
54,M,0,35,0,1
64,F,1,118,0,1
86,M,3,309,1,1
80,M,1,245,0,1
88,M,1,346,0,1
45,M,1,6,0,0
26,M,3,0,1,0
62,M,0,109,0,1
66,M,1,147,1,1
71,F,1,198,0,1
19,M,2,2,0,0
54,F,1,34,1,1
25,M,1,2,0,0
86,F,4,336,1,1
44,M,3,2,0,0
50,F,3,1,2,1
24,F,0,3,0,0
26,M,1,2,1,0
64,F,2,147,0,1
35,M,0,4,0,0
53,M,1,34,1,1
24,F,4,4,0,0
45,F,1,1,1,0
85,M,3,337,0,1
79,F,2,285,0,1
69,F,2,171,1,1
43,F,1,3,1,0
57,F,2,68,0,1
35,M,3,6,0,0
29,M,4,10,0,0
38,F,4,3,0,0
68,F,3,166,1,1
19,F,1,5,0,0
58,M,1,67,1,1
70,M,1,192,1,1
19,F,0,2,0,0
64,M,2,118,0,1
22,M,2,1,0,0
47,F,3,4,0,0
18,F,2,5,0,0
76,F,1,213,1,1
67,F,0,155,2,1
41,M,1,3,0,0
71,F,1,181,0,1
33,M,2,3,0,0
50,M,3,1,0,0
20,F,1,2,1,0
89,M,1,396,2,1
30,F,0,5,1,0
50,F,1,1,2,1
50,M,5,6,0,0
29,M,2,2,0,0
41,M,0,2,0,0
67,F,1,151,1,1
49,F,0,3,2,0
25,F,1,2,0,0
21,F,1,2,0,0
23,M,1,4,0,0
19,F,2,6,0,0
74,F,1,220,0,1
66,F,2,153,0,1
45,M,1,5,0,0
47,M,3,3,1,0
42,F,2,2,0,0
74,M,2,198,0,1
60,M,1,99,1,1
78,F,1,281,1,1
35,M,1,3,1,0
44,F,1,2,1,0
34,M,1,0,0,0
50,F,0,5,1,0
61,M,1,95,1,1
73,M,4,192,0,1
66,M,1,153,1,1
27,M,3,3,2,0
20,F,2,5,1,0
76,M,3,242,0,1
35,M,0,1,0,0
44,M,0,1,0,0
59,M,1,94,1,1
35,F,2,4,0,0
20,M,0,6,0,0
51,F,1,17,0,1
29,M,1,2,1,0
64,M,3,138,3,1
77,F,1,276,1,1
78,M,3,247,1,1
31,M,3,0,0,0
77,F,1,228,1,1
66,F,1,146,4,1
20,F,4,1,2,0
29,M,1,3,1,0
29,F,1,3,0,0
81,F,1,283,0,1
42,M,5,1,0,0
60,F,3,98,0,1
22,F,1,2,1,0
78,M,2,238,0,1
50,F,0,3,0,0
85,M,2,321,0,1
50,M,2,5,0,0
68,F,3,151,0,1
55,M,1,44,0,1
75,F,3,198,3,1
43,F,1,2,0,0
31,M,2,3,0,0
35,F,2,3,1,0
70,F,3,194,0,1
60,M,4,99,0,1
63,M,1,115,0,1
22,F,1,0,1,0
84,F,0,310,1,1
20,F,3,3,1,0
19,F,1,3,0,0
71,F,3,172,0,1
72,F,1,201,1,1
31,M,1,2,0,0
73,M,0,235,1,1
29,M,0,4,0,0
81,F,0,312,3,1
35,M,3,5,0,0
20,F,3,3,2,0
59,M,2,69,0,1
40,M,3,5,0,0
35,M,0,2,0,0
34,F,0,2,1,0
65,F,4,131,0,1
50,F,2,2,0,0
64,M,2,134,0,1
64,M,1,130,0,1
47,F,1,4,0,0
75,F,1,243,0,1
84,M,1,300,0,1
57,M,1,75,0,1
72,M,1,200,0,1
52,F,3,19,1,1
27,M,3,1,1,0
72,F,1,199,0,1
34,F,2,2,0,0
29,M,1,4,0,0
25,F,0,2,0,0
88,M,1,379,1,1
69,M,0,165,1,1
82,F,1,283,1,1
31,M,0,4,1,0
66,M,1,169,0,1
50,M,2,2,1,1
20,F,3,1,2,0
24,F,1,2,0,0
84,F,2,283,1,1
81,F,0,289,0,1
38,M,3,4,0,0
71,M,1,177,0,1
73,M,2,218,0,1
65,M,5,130,2,1
83,M,1,318,1,1
68,F,4,169,0,1
24,F,3,3,0,0
44,M,1,1,0,0
44,M,0,2,1,0
31,M,2,3,1,0
78,F,1,265,0,1
19,M,2,0,2,0
73,M,0,216,0,1
47,M,2,2,0,0
20,F,2,2,2,0
83,M,1,319,0,1
74,M,2,211,0,1
19,F,2,4,2,0
73,F,1,189,0,1
31,F,3,4,2,0
28,M,0,4,0,0
55,M,1,47,1,1
39,M,1,3,0,0
23,F,2,4,0,0
55,F,0,50,0,1
39,F,2,4,0,0
40,F,4,2,0,0
72,M,3,212,2,1
29,M,1,0,0,0
33,F,0,5,1,0
58,F,1,74,0,1
39,M,0,3,0,0
59,M,3,74,0,1
38,M,3,8,0,0
36,F,2,3,1,0
32,F,0,6,0,0
20,M,0,0,1,0
76,F,0,221,0,1
41,M,1,5,1,0
86,F,3,337,0,1
86,M,0,323,0,1
60,M,1,90,2,1
84,M,1,309,1,1
36,F,2,3,1,0
25,M,1,4,2,0
35,M,2,4,0,0
31,M,1,3,0,0
67,F,2,153,0,1
39,F,4,2,2,0
69,F,0,162,1,1
78,F,0,249,0,1
76,F,4,267,0,1
31,M,2,3,0,0
27,F,0,1,0,0
77,F,1,221,0,1
32,F,0,6,2,0
78,F,0,285,0,1
42,F,1,4,0,0
51,F,3,10,1,1
48,M,0,7,0,0
85,M,2,294,0,1
76,F,2,246,0,1
28,M,3,0,2,0
24,F,1,5,0,0
70,F,1,202,1,1
39,F,3,2,0,0
59,M,0,84,0,1
26,M,3,1,0,0
23,M,1,3,0,0
75,F,3,240,0,1
72,M,1,206,0,1
69,F,0,188,0,1
87,M,1,323,1,1
76,M,2,253,0,1
63,F,1,125,1,1
40,F,1,6,0,0
34,F,0,1,0,0
55,F,1,44,0,1
76,F,2,237,1,1
81,M,2,312,0,1
34,F,5,1,1,0
19,F,1,4,0,0
18,M,2,2,2,0
75,F,1,233,0,1
82,M,1,303,0,1
73,M,0,187,2,1
83,M,3,308,0,1
49,F,1,1,1,0
68,M,2,176,1,1
73,M,1,188,1,1
57,F,1,66,0,1
72,F,0,198,0,1
81,M,0,267,0,1
30,F,2,5,0,0
79,M,2,269,0,1
87,F,0,337,1,1
39,M,3,3,0,0
85,F,1,319,1,1
55,F,2,60,0,1
36,M,4,1,0,0
77,F,2,239,0,1
86,M,3,334,0,1
53,F,2,37,0,1
57,M,0,69,1,1
24,F,3,2,0,0
54,M,1,43,1,1
31,M,0,2,1,0
73,F,4,206,0,1
26,M,0,3,0,0
83,F,1,306,0,1
33,M,1,0,0,0
36,M,3,1,1,0
45,F,1,2,1,0
26,M,0,3,1,0
57,F,1,70,0,1
78,F,0,248,0,1
56,M,1,51,0,1
49,F,2,4,0,0
89,M,3,366,0,1
57,F,4,67,2,1
64,M,0,110,0,1
52,M,4,24,1,1
23,F,2,2,0,0
81,M,1,288,2,1
87,M,0,336,0,1
58,M,0,81,2,1
58,M,0,75,1,1
68,M,1,167,0,1
87,F,1,319,0,1
73,M,0,202,0,1
38,F,0,6,0,0
18,M,2,4,1,0
88,M,1,342,1,1
58,F,0,77,0,1
27,M,2,3,0,0
61,M,2,106,0,1
30,F,4,2,1,0
25,F,4,2,0,0
80,F,2,277,0,1
30,M,0,3,1,0
71,M,1,187,1,1
22,F,0,2,1,0
48,M,1,2,1,0
47,F,0,4,0,0
65,M,0,157,0,1
73,M,3,220,4,1
56,F,4,55,0,1
35,M,2,0,0,0
81,F,2,274,1,1
80,F,1,284,0,1
79,M,1,267,0,1
22,M,3,8,0,0
22,F,1,4,0,0
42,M,2,1,2,0
31,F,3,1,2,0
34,M,4,4,0,0
67,F,5,165,1,1
86,M,0,298,1,1
75,F,0,229,2,1
30,M,0,5,1,0
62,F,4,115,0,1
79,F,3,241,1,1
81,M,4,311,0,1
55,M,1,52,0,1
26,M,1,5,0,0
37,M,0,4,0,0
76,M,3,252,0,1
48,F,3,2,0,0
39,M,2,4,0,0
27,M,0,4,1,0
62,M,0,109,2,1
61,F,2,106,0,1
82,F,3,324,0,1
66,F,0,135,0,1
68,F,0,159,0,1
49,M,0,5,0,0
70,M,0,169,0,1
75,F,0,228,1,1
83,M,0,268,0,1
73,F,5,224,0,1
73,M,2,209,0,1
66,M,5,127,1,1
66,F,0,135,2,1
72,M,3,197,0,1
60,M,0,89,0,1
48,M,6,2,0,0
60,F,0,87,0,1
29,F,1,1,4,0
37,F,1,2,0,0
56,F,2,64,0,1
89,M,1,339,1,1
51,M,2,9,0,1
51,M,2,9,0,1
28,M,2,1,1,0
50,M,1,3,0,0
68,F,2,182,1,1
46,F,5,5,2,0
49,M,1,1,0,0
72,F,3,185,0,1
66,M,3,142,1,1
45,M,2,0,0,0
31,F,3,1,0,0
80,F,2,247,1,1
34,M,1,3,1,0
50,M,0,5,2,1
24,F,2,7,0,0
37,M,1,2,0,0
83,M,4,286,1,1
25,M,4,8,2,0
67,M,3,160,0,1
73,M,4,195,2,1
40,F,0,2,1,0
47,M,2,0,0,0
21,M,0,3,1,0
37,M,1,2,0,0
42,M,1,2,1,0
21,M,2,1,2,0
74,F,1,229,0,1
65,M,0,155,0,1
82,M,1,244,2,1
63,F,1,123,0,1
29,M,3,4,0,0
23,M,3,0,0,0
84,F,0,318,2,1
65,F,1,133,2,1
32,M,3,1,1,0
87,F,2,327,0,1
20,F,1,6,0,0
58,F,1,70,1,1
27,M,0,2,0,0
19,F,4,5,3,0
19,M,1,4,2,0
41,M,2,2,1,0
35,M,2,0,0,0
74,M,0,216,2,1
73,M,2,214,0,1
79,M,0,251,0,1
52,F,1,21,2,1
22,F,0,1,0,0
75,F,0,223,1,1
71,M,1,200,1,1
24,M,3,3,2,0
56,M,2,56,2,1
71,M,0,196,0,1
84,M,4,326,1,1
27,F,2,4,1,0
68,F,1,148,0,1
41,M,1,2,0,0
61,M,6,90,0,1
85,M,0,303,1,1
65,F,4,136,0,1
70,F,4,199,1,1
89,M,1,355,1,1
70,F,2,165,1,1
76,M,4,228,1,1
64,F,0,127,0,1
49,M,0,1,1,0
44,M,3,3,0,0
72,F,2,203,0,1
63,F,2,120,0,1
47,F,1,3,0,0
48,M,1,4,0,0
74,M,0,206,0,1
74,F,0,234,0,1
80,M,3,270,0,1
66,F,0,155,0,1
87,F,1,344,1,1
82,M,1,306,0,1
38,M,1,2,1,0
78,M,2,228,2,1
20,M,1,8,0,0
78,F,2,274,0,1
54,M,2,33,1,1
24,F,1,4,0,0
50,M,1,7,1,1
19,F,1,1,0,0
67,M,2,150,0,1
45,M,2,1,1,0
59,M,2,86,0,1
86,F,2,366,0,1
28,F,2,3,1,0
61,F,1,95,1,1
55,F,1,51,0,1
59,F,1,82,0,1
58,F,1,92,0,1
77,F,0,230,1,1
33,F,3,5,1,0
63,F,1,119,1,1
69,F,0,160,0,1
26,M,1,1,0,0
88,M,0,337,1,1
52,F,1,18,0,1
20,M,1,4,0,0
80,F,4,283,0,1
65,F,3,136,2,1
76,F,2,236,2,1
24,M,1,1,0,0
22,M,3,2,1,0
86,F,4,325,0,1
89,F,2,354,0,1
52,M,1,19,1,1
55,F,2,38,4,1
85,M,1,337,0,1
38,M,0,6,1,0
20,F,0,3,0,0
49,M,0,4,1,0
62,M,2,113,2,1
85,F,3,324,2,1
27,M,0,3,1,0
82,F,0,264,0,1
76,M,0,221,2,1
43,F,1,4,0,0
80,M,1,271,0,1
63,F,2,107,0,1
84,F,0,333,0,1
23,M,2,7,0,0
31,M,2,3,2,0
75,F,1,250,0,1
88,M,0,359,0,1
23,M,0,3,2,0
46,M,0,5,2,0
69,F,2,172,1,1
84,F,0,320,1,1
40,M,1,1,1,0
55,F,2,48,0,1
28,F,0,1,1,0
27,F,3,3,0,0
28,M,2,1,0,0
23,M,2,3,0,0
88,F,2,339,1,1
59,M,1,83,0,1
33,F,2,2,1,0
82,F,4,263,2,1
51,F,0,11,0,1
29,M,0,2,0,0
29,F,1,3,0,0
66,M,3,145,1,1
53,F,1,26,1,1
80,M,0,285,0,1
77,F,1,248,0,1
34,F,2,3,1,0
35,F,7,6,1,0
57,M,1,61,1,1
69,F,0,167,2,1
44,M,0,2,0,0
43,F,2,0,0,0
37,M,2,1,0,0
26,M,0,3,2,0
84,F,0,263,2,1
76,M,2,225,3,1
81,F,1,271,0,1
42,F,1,2,1,0
39,F,0,1,3,0
64,F,2,131,0,1
49,F,0,4,0,0
86,M,2,303,2,1
75,F,2,223,1,1
70,F,0,194,0,1
26,F,2,4,3,0
41,F,1,3,0,0
20,M,2,2,0,0
62,M,2,99,1,1
57,F,1,63,1,1
71,F,0,193,0,1
65,M,0,132,0,1
33,F,1,1,1,0
82,M,1,285,0,1
86,F,3,330,1,1
26,M,1,5,1,0
34,F,0,3,0,0
69,M,2,175,0,1
20,F,0,4,0,0
26,F,4,4,0,0
56,F,0,52,2,1
69,M,1,176,1,1
52,F,3,24,0,1
54,M,2,29,2,1
29,M,2,0,0,0
46,F,2,0,0,0
52,M,2,16,0,1
25,F,3,7,0,0
37,M,1,0,0,0
39,F,1,3,1,0
76,F,0,246,1,1
35,F,1,1,0,0
53,F,0,24,1,1
82,M,1,314,0,1
55,F,1,53,2,1
84,F,0,321,3,1
28,F,0,2,0,0
25,M,2,1,0,0
86,M,3,338,0,1
75,M,1,198,0,1
36,M,2,0,3,0
61,F,2,94,0,1
60,F,4,82,1,1
36,M,1,3,1,0
73,F,2,240,0,1
82,F,3,284,0,1
55,F,3,61,1,1
68,M,1,145,0,1
41,F,0,2,3,0
81,M,2,309,1,1
64,M,3,128,0,1
36,M,2,4,0,0
69,M,3,175,2,1
41,F,1,2,1,0
27,M,2,3,2,0
48,F,3,3,0,0
36,F,4,4,1,0
26,M,1,4,0,0
31,M,2,3,0,0
60,F,1,83,0,1
19,F,2,4,0,0
32,F,1,6,1,0
62,F,2,139,0,1
35,M,0,5,0,0
89,M,0,361,1,1
44,F,2,2,0,0
37,M,2,1,1,0
46,M,0,3,1,0
85,F,0,301,0,1
37,M,2,3,1,0
45,M,0,4,1,0
52,F,0,15,0,1
83,F,1,284,0,1
89,F,3,322,1,1
24,M,0,2,0,0
21,M,2,4,0,0
40,F,1,5,0,0
79,M,2,258,1,1
78,M,2,248,0,1
48,F,1,2,0,0
83,M,3,273,1,1
57,M,0,68,0,1
75,F,1,205,0,1
70,M,1,168,0,1
67,F,1,153,1,1
72,F,1,194,0,1
40,F,1,4,1,0
85,F,4,335,0,1
88,F,1,357,0,1
72,F,1,186,0,1
59,M,1,77,0,1
20,M,1,2,2,0
76,M,1,253,0,1
59,F,0,98,3,1
46,M,0,3,0,0
86,M,5,331,1,1
85,F,4,298,1,1
61,M,1,100,0,1
62,F,1,135,0,1
33,M,1,6,0,0
69,F,2,153,0,1
88,F,4,356,0,1
28,M,2,3,0,0
33,F,1,1,0,0
47,F,3,2,1,0
36,M,1,5,1,0
24,M,2,2,1,0
64,F,4,123,1,1
43,F,2,1,2,0
18,F,1,2,3,0
58,M,1,83,1,1
65,M,2,125,0,1
38,M,0,7,0,0
39,F,2,2,0,0
18,F,1,3,0,0
54,F,2,42,0,1
49,M,2,4,0,0
85,M,2,313,0,1
72,F,3,227,0,1
70,M,3,177,0,1
45,M,2,3,0,0
68,M,0,175,1,1
73,F,0,236,1,1
73,M,1,213,1,1
45,M,1,2,0,0
86,M,0,345,0,1
57,M,2,62,0,1
59,F,2,76,1,1
39,F,1,2,0,0
71,F,2,174,2,1
24,F,2,2,1,0
53,F,2,28,0,1
74,F,1,220,2,1
83,M,0,308,0,1
54,F,1,39,1,1
25,F,0,3,0,0
75,M,0,211,0,1
89,M,1,363,1,1
74,M,4,209,1,1
72,F,1,211,0,1
74,M,0,206,1,1
87,M,1,370,0,1
45,M,0,1,0,0
30,M,4,5,1,0
39,M,1,2,0,0
18,F,3,3,0,0
34,M,1,2,0,0
51,M,1,12,0,1
51,M,1,11,0,1
33,F,2,4,0,0
61,M,1,92,0,1
41,M,1,1,0,0
80,M,3,286,0,1
36,F,2,1,1,0
89,M,4,338,0,1
26,F,2,1,0,0
70,M,3,196,0,1
64,F,4,133,0,1
58,M,2,79,0,1
49,M,2,2,0,0
38,M,1,1,0,0
62,F,0,103,0,1
59,M,1,79,0,1
70,F,2,191,1,1
38,M,1,3,0,0
25,F,0,6,0,0
80,F,4,275,0,1
58,F,1,67,4,1
34,M,0,3,1,0
51,F,1,19,1,1
47,M,2,3,0,0
58,F,2,67,0,1
34,F,0,1,0,0
81,M,2,292,0,1
33,F,1,4,0,0
39,M,3,4,0,0
73,M,2,203,0,1
21,F,3,5,0,0
32,F,1,5,0,0
24,F,2,1,1,0
41,M,0,3,2,0
79,F,1,250,0,1
21,M,0,5,2,0
57,M,1,65,0,1
83,M,1,266,1,1
20,M,1,4,1,0
82,M,2,308,1,1
55,M,2,32,1,1
45,F,2,1,1,0
70,F,5,215,1,1
84,M,1,322,0,1
47,F,1,2,0,0
34,M,0,5,0,0
49,F,0,3,0,0
36,F,3,3,1,0
48,M,1,2,0,0
58,M,1,66,0,1
66,M,2,149,1,1
33,M,0,2,0,0
86,F,2,318,2,1
83,M,0,296,0,1
82,M,3,274,1,1
87,F,1,315,0,1
35,F,0,6,0,0
26,M,0,2,0,0
54,M,0,39,1,1
50,M,2,4,0,0
70,M,3,193,0,1
48,F,1,5,0,0
58,M,4,58,0,1
89,F,2,357,0,1
65,M,5,115,0,1
88,F,2,310,0,1
43,F,2,6,0,0
22,F,0,4,0,0
47,M,1,5,1,0
86,F,0,318,3,1
20,F,3,3,0,0
64,M,1,120,3,1
32,F,3,4,1,0
51,M,1,15,0,1
35,F,1,1,0,0
49,M,4,5,1,0
64,M,2,124,0,1
79,M,5,271,2,1
41,M,3,3,0,0
27,F,1,5,0,0
25,F,0,3,1,0
46,F,0,2,1,0
60,M,1,98,0,1
25,F,4,3,0,0
72,F,2,190,0,1
46,M,2,3,1,0
43,F,1,2,0,0
75,M,0,225,1,1
54,M,1,28,2,1
77,F,3,241,1,1
22,M,1,1,1,0
28,M,2,2,0,0
77,M,1,231,0,1
35,M,1,3,0,0
54,F,4,44,0,1
68,F,1,137,0,1
87,M,1,345,1,1
30,F,1,3,0,0
69,M,3,172,0,1
21,M,0,5,0,0
85,M,2,334,0,1
80,F,2,277,0,1
44,M,0,3,0,0
19,M,2,5,0,0
86,M,1,314,0,1
82,M,5,304,1,1
65,F,2,148,1,1
61,M,0,97,1,1
49,M,2,4,2,0
46,M,1,2,2,0
73,M,1,199,1,1
39,F,2,5,0,0
32,F,1,2,0,0
46,F,1,4,1,0
70,M,0,183,0,1
82,M,1,260,1,1
69,M,3,210,2,1
59,F,1,77,0,1
30,M,0,2,1,0
28,M,3,1,0,0
64,F,1,135,0,1
58,M,0,76,0,1
66,F,1,161,0,1
40,M,2,3,1,0
89,F,2,380,0,1
82,F,0,270,0,1
27,F,3,3,2,0
29,F,1,2,0,0
21,M,1,2,0,0
53,F,0,30,3,1
53,F,1,30,0,1
19,M,0,1,0,0
74,M,1,229,0,1
36,F,3,3,1,0
43,F,1,7,0,0
69,M,2,165,0,1
30,M,2,3,1,0
62,M,2,115,1,1
38,F,1,2,0,0
84,F,2,325,0,1
18,F,2,3,1,0
29,F,0,2,1,0
18,F,3,4,0,0
51,M,2,10,0,1
48,M,2,1,0,0
25,M,3,3,1,0
36,M,1,3,1,0
68,F,1,182,0,1
32,F,1,6,0,0
25,M,2,3,0,0
30,F,3,2,0,0
84,F,2,310,0,1
72,M,0,219,0,1
53,F,0,29,0,1
58,M,2,75,0,1
56,M,0,50,0,1
22,M,3,4,1,0
44,F,2,2,0,0
40,F,0,4,0,0
46,F,3,4,0,0
86,M,3,342,2,1
80,M,0,289,0,1
78,F,0,279,0,1
72,F,2,184,0,1
56,M,5,70,1,1
45,F,3,3,0,0
40,F,0,1,0,0
76,F,2,247,0,1
41,F,1,5,0,0
45,M,4,2,1,0
41,M,2,2,1,0
23,M,1,1,0,0
46,M,0,1,1,0
34,M,3,5,2,0
42,F,1,2,2,0
48,F,0,5,0,0
62,M,4,116,0,1
49,M,2,5,0,0
86,M,0,337,1,1
30,M,3,3,1,0
29,F,1,3,1,0
68,F,1,176,1,1
74,F,4,215,0,1
35,F,3,2,1,0
79,M,1,248,2,1
64,F,3,140,0,1
33,F,2,3,0,0
55,F,2,48,0,1
73,F,2,210,0,1
64,F,1,115,0,1
36,M,5,2,0,0
82,F,1,307,0,1
29,M,0,3,1,0
69,F,4,166,2,1
60,F,0,76,1,1
62,F,1,97,0,1
31,M,1,3,0,0
67,F,1,165,1,1
39,M,0,4,1,0
55,F,0,73,0,1
65,M,1,165,1,1
89,M,1,364,0,1
54,F,1,37,0,1
76,F,1,239,0,1
20,M,1,1,0,0
29,M,1,4,0,0
86,F,0,346,1,1
29,M,1,2,1,0
27,F,1,2,1,0
49,M,1,2,0,0
62,M,0,116,0,1
84,F,2,289,0,1
81,F,3,265,0,1
28,M,0,2,1,0
76,M,0,244,1,1
35,M,1,4,1,0
44,F,2,1,0,0
89,M,0,376,1,1
72,M,1,197,0,1
71,M,2,204,1,1
36,M,4,5,2,0
57,F,1,71,0,1
82,M,2,300,1,1
29,F,3,3,1,0
52,F,1,15,2,1
20,F,0,3,0,0
70,F,1,168,0,1
41,F,1,5,1,0
72,M,1,175,0,1
31,F,0,4,0,0
76,M,1,226,0,1
81,F,1,289,1,1
87,F,2,336,1,1
55,F,1,50,0,1
62,F,3,120,0,1
54,M,1,40,0,1
42,F,1,5,2,0
62,F,3,110,0,1
66,M,2,133,2,1
53,M,0,31,0,1
28,F,0,2,0,0
35,F,3,3,0,0
50,F,2,1,0,0
70,M,1,206,0,1
48,M,2,0,2,0
71,F,1,168,1,1
62,F,3,99,0,1
83,F,3,327,1,1
45,F,1,9,1,0
53,M,1,29,0,1
26,M,3,4,1,0
27,M,1,4,0,0
37,F,2,2,1,0
87,M,2,334,0,1
29,M,1,3,1,0
19,M,2,3,1,0
75,M,1,199,0,1
29,F,0,4,0,0
18,F,0,4,2,0
68,F,4,157,0,1
68,M,1,160,1,1
80,F,3,269,1,1
75,F,2,229,0,1
85,F,0,303,0,1
79,M,2,244,0,1
60,F,1,104,0,1
77,M,0,245,0,1
37,M,2,5,0,0
54,F,2,34,2,1
20,F,3,5,2,0
49,F,1,6,0,0
70,F,3,180,2,1
69,M,1,161,0,1
64,M,2,129,0,1
21,F,0,4,0,0
26,M,1,6,0,0
40,F,3,5,0,0
71,M,1,177,1,1
52,F,0,10,0,1
86,M,0,333,0,1
85,M,1,348,0,1
31,F,4,4,0,0
64,F,2,149,0,1
61,M,2,99,0,1
59,M,1,78,1,1
48,F,0,1,0,0
56,M,2,57,0,1
62,F,1,122,0,1
40,F,0,4,0,0
26,F,0,3,0,0
59,M,2,67,0,1
82,F,0,297,1,1
38,M,1,2,1,0
39,F,0,3,1,0
25,M,0,1,0,0
64,M,1,123,0,1
19,M,6,2,0,0
34,M,1,3,0,0
33,F,1,4,0,0
30,M,1,3,0,0
83,M,2,304,0,1
87,F,1,320,0,1
65,F,3,122,2,1
36,F,0,5,0,0
58,F,0,82,0,1
86,F,2,308,1,1
65,M,1,137,1,1
79,M,0,271,0,1
68,M,0,155,0,1
58,F,0,81,1,1
82,M,2,309,1,1
58,F,2,76,1,1
68,M,1,165,3,1
20,M,0,4,0,0
50,M,0,4,2,0
73,F,3,216,1,1
63,M,0,108,0,1
67,F,2,136,0,1
73,M,2,209,2,1
60,M,2,89,0,1
25,M,1,2,0,0
76,M,2,224,0,1
54,M,3,42,0,1
51,F,2,16,1,1
47,M,0,1,0,0
45,M,2,3,0,0
32,M,1,4,1,0
71,M,1,201,1,1
76,M,1,262,1,1
53,F,3,40,1,1
25,M,1,2,1,0
61,M,1,112,0,1
19,M,0,5,0,0
28,F,1,2,0,0
30,M,1,3,0,0
32,M,1,4,1,0
55,M,1,45,1,1
31,M,3,3,0,0
54,M,5,40,0,1
75,F,1,223,1,1
79,F,1,268,0,1
89,M,2,319,1,1
77,M,0,242,0,1
88,F,2,328,2,1
77,M,2,242,2,1
57,M,0,64,1,1
23,M,2,3,2,0
74,F,1,222,1,1
30,F,2,3,1,0
26,F,2,5,0,0
55,F,3,49,1,1
41,F,1,0,0,0
65,M,1,137,1,1
85,F,1,324,2,1
18,F,1,3,1,0
39,M,1,1,1,0
79,M,1,264,1,1
29,M,0,2,1,0
33,M,0,3,0,0
49,F,0,6,0,0
56,F,3,52,0,1
73,M,1,205,0,1
73,M,1,235,1,1
89,F,2,317,0,1
43,M,2,8,0,0
20,F,0,5,2,0
81,F,3,278,0,1
63,F,0,108,0,1
64,M,2,130,0,1
78,F,0,242,0,1
38,F,0,4,0,0
76,F,2,214,1,1
70,F,0,205,0,1
84,F,1,275,0,1
50,M,1,5,0,0
64,M,2,127,0,1
62,F,1,108,1,1
79,M,0,255,0,1
71,M,2,199,1,1
46,M,1,4,0,0
70,F,3,167,1,1
60,M,0,76,0,1
75,F,0,217,0,1
57,M,3,61,0,1
59,M,1,84,0,1
49,F,3,3,2,0
55,M,0,50,1,1
50,F,1,3,0,0
50,F,1,6,0,1
68,M,3,170,1,1
71,M,2,206,0,1
28,F,3,0,3,0
88,M,1,349,0,1
78,F,2,255,1,1
62,F,0,95,0,1
69,F,0,173,0,1
54,M,2,41,1,1
32,F,0,4,0,0
39,F,2,2,2,0
43,F,2,3,0,0
74,F,1,221,0,1
78,F,2,251,0,1
63,F,2,115,1,1
48,F,0,4,0,0
18,M,1,3,0,0
79,F,2,241,2,1
58,F,0,70,2,1
46,M,0,3,0,0
47,M,2,3,1,0
89,M,4,354,0,1
69,M,3,181,0,1
46,F,2,4,0,0
45,F,2,2,0,0
88,F,0,331,0,1
85,F,0,306,0,1
45,M,1,2,0,0
18,F,0,5,0,0
48,M,0,4,0,0
77,F,1,245,1,1
30,M,1,2,0,0
44,F,2,2,0,0
74,F,0,243,0,1
38,F,1,7,0,0
23,M,1,0,1,0
36,F,2,3,0,0
74,M,1,215,1,1
35,M,0,3,0,0
53,F,2,35,0,1
78,F,3,263,3,1
80,F,1,287,0,1
47,F,0,6,1,0
62,F,3,112,3,1
73,F,3,213,1,1
86,F,1,334,0,1
41,F,2,1,0,0
55,F,0,45,1,1
32,F,1,3,0,0
34,M,2,0,0,0
23,M,2,3,0,0
84,F,0,295,0,1
43,M,3,4,1,0
82,M,2,286,1,1
78,M,0,255,1,1
78,F,1,252,0,1
55,F,2,36,0,1
61,F,2,110,0,1
18,F,1,4,0,0
36,F,1,3,0,0
19,M,1,2,0,0
19,F,1,4,1,0
44,F,1,4,1,0
76,F,1,258,0,1
61,M,1,92,0,1
65,M,0,147,1,1
41,F,1,3,0,0
49,M,4,2,2,0
45,M,0,4,0,0
54,M,1,40,1,1
29,F,1,2,0,0
74,F,2,225,0,1
49,F,2,1,1,0
34,M,0,4,0,0
28,M,1,2,0,0
19,M,1,3,0,0
52,M,1,20,0,1
24,F,0,3,0,0
39,F,1,2,1,0
89,F,0,335,2,1
56,M,1,57,0,1
33,M,3,1,3,0
79,F,1,270,1,1
88,M,2,345,0,1
30,F,2,8,0,0
20,F,2,2,1,0
73,M,0,203,0,1
66,F,1,156,0,1
65,F,0,128,1,1
55,M,3,41,0,1
66,M,1,164,0,1
53,F,2,30,0,1
42,F,4,2,1,0
18,M,3,2,0,0
39,M,0,2,0,0
58,M,0,89,0,1
50,F,0,3,1,1
62,M,1,118,0,1
33,F,0,1,0,0
78,M,2,247,2,1
66,M,1,132,1,1
77,F,3,244,0,1
81,F,2,260,1,1
76,M,1,207,1,1
70,F,2,213,0,1
22,M,1,4,1,0
48,F,1,4,1,0
81,M,0,280,0,1
82,M,5,274,1,1
55,M,0,39,0,1
78,F,0,269,0,1
80,F,0,282,0,1
61,F,0,96,0,1
83,M,0,299,2,1
63,M,3,118,2,1
23,M,1,2,0,0
29,F,2,3,0,0
47,F,1,2,0,0
51,M,2,18,2,1
54,F,2,36,0,1
46,F,1,2,0,0
61,M,0,128,1,1
39,F,2,2,1,0
85,M,5,324,1,1
20,F,0,2,1,0
20,M,2,1,1,0
40,M,3,1,2,0
61,M,0,87,0,1
31,F,2,2,1,0
53,F,3,23,1,1
37,M,0,6,1,0
27,M,1,0,1,0
71,F,2,204,1,1
67,M,0,156,0,1
22,M,3,0,0,0
70,M,0,180,1,1
89,F,3,353,0,1
26,M,0,2,0,0
55,M,2,56,2,1
25,F,4,4,0,0
59,F,3,82,1,1
53,F,1,26,0,1
27,M,3,5,1,0
86,M,4,336,1,1
18,M,5,0,1,0
77,M,2,275,0,1
68,M,1,170,0,1
65,F,1,147,0,1
89,M,4,356,1,1
46,M,0,2,0,0
58,F,1,75,2,1
86,M,2,334,1,1
21,M,2,3,1,0
52,M,2,23,0,1
76,F,4,232,0,1
27,F,1,4,1,0
32,F,1,2,0,0
61,M,5,111,2,1
82,M,3,299,1,1
24,M,1,3,0,0
21,F,0,1,2,0
80,F,0,286,0,1
37,M,1,2,0,0
54,F,1,37,1,1
74,M,1,227,0,1
71,M,1,184,0,1
33,M,2,1,2,0
79,M,1,294,1,1
72,M,1,220,0,1
74,M,2,238,3,1
54,F,2,49,0,1
74,M,0,206,0,1
75,F,2,250,2,1
74,M,1,233,0,1
73,M,1,238,0,1
45,F,0,2,0,0
73,M,3,196,0,1
20,M,3,4,0,0
82,M,4,290,0,1
36,F,2,5,0,0
60,M,0,78,0,1
64,M,3,124,1,1
73,F,2,206,0,1
40,F,1,5,1,0
59,M,0,87,1,1
89,M,1,356,0,1
89,M,1,355,0,1
40,M,4,2,1,0
22,M,1,2,0,0
69,M,1,170,3,1
69,F,1,152,0,1
26,M,1,2,1,0
20,F,0,7,0,0
50,M,4,5,0,1
51,M,3,10,1,1
75,F,0,231,0,1
70,F,1,167,0,1
83,F,2,300,1,1
78,M,0,280,0,1
23,M,0,4,1,0
62,F,1,123,0,1
75,F,1,224,0,1
50,M,1,4,2,1
87,F,2,311,1,1
72,M,2,196,0,1
19,F,2,1,1,0
75,F,2,235,1,1
76,F,4,255,2,1
46,M,3,3,1,0
21,F,2,3,0,0
29,M,2,5,1,0
66,F,1,162,2,1
45,M,1,1,0,0
89,F,2,368,2,1
51,F,3,10,2,1
24,M,0,0,0,0
82,F,1,277,1,1
71,F,4,179,1,1
83,M,1,332,1,1
25,F,2,3,0,0
88,F,2,325,1,1
60,F,0,99,0,1
89,F,3,340,1,1
42,M,1,4,0,0
60,F,1,78,0,1
58,F,3,77,0,1
24,F,2,4,0,0
72,M,2,220,1,1
53,F,2,24,0,1
31,F,2,4,0,0
32,F,1,3,4,0
39,M,0,1,0,0
42,F,0,2,0,0
26,F,0,1,0,0
64,M,0,120,0,1
47,F,1,1,0,0
53,F,2,35,0,1
23,M,2,0,1,0
88,M,5,369,0,1
20,F,0,4,0,0
69,F,0,183,1,1
70,M,3,183,0,1
70,M,1,169,1,1
68,M,1,183,0,1
60,F,0,102,0,1
20,F,2,6,0,0
38,M,1,4,1,0
65,M,4,131,0,1
75,M,1,220,2,1
66,M,1,139,0,1
85,M,1,299,0,1
42,F,1,3,0,0
60,F,0,84,0,1
39,M,2,1,1,0
55,F,0,36,1,1
34,M,0,4,0,0
25,M,1,2,1,0
61,F,1,100,1,1
33,M,1,6,1,0
27,M,3,1,2,0
43,F,2,6,0,0
57,F,1,59,0,1
58,F,3,77,0,1
47,F,2,0,0,0
79,M,2,268,1,1
54,M,2,34,1,1
67,F,2,166,0,1
72,F,0,203,0,1
46,F,0,7,0,0
34,M,3,1,1,0
75,M,2,235,0,1
40,M,1,6,1,0
49,F,1,2,0,0
52,F,1,21,0,1
69,F,4,161,1,1
41,M,1,3,1,0
34,F,0,1,3,0
67,M,0,159,1,1
77,F,3,254,1,1
28,F,1,2,2,0
89,F,1,366,1,1
83,F,1,298,1,1
39,M,2,2,0,0
85,M,4,304,0,1
20,F,0,3,1,0
27,F,1,5,1,0
88,M,2,331,0,1
53,F,0,29,0,1
45,F,1,1,0,0
42,M,0,4,0,0
44,F,1,1,0,0
42,F,0,7,0,0
32,F,3,6,1,0
32,M,3,0,1,0
49,M,1,4,0,0
56,F,0,59,2,1
80,M,0,288,0,1
75,M,2,256,0,1
48,F,1,5,2,0
35,F,2,1,1,0
22,M,0,2,1,0
74,F,2,228,0,1
27,M,0,4,0,0
71,F,1,186,1,1
66,M,1,136,1,1
63,M,2,98,0,1
74,M,3,205,1,1
81,F,0,289,0,1
79,F,0,270,0,1
61,M,1,107,0,1
19,F,2,7,0,0
75,M,0,242,1,1
20,M,2,1,0,0
86,F,5,322,1,1
73,M,0,212,0,1
79,F,0,214,0,1
89,M,2,372,0,1
59,F,1,70,0,1
50,F,6,8,0,1
38,F,3,3,0,0
64,M,4,131,0,1
61,F,4,94,1,1
41,F,0,4,0,0
69,M,2,191,0,1
84,M,0,282,0,1
69,F,1,157,0,1
22,M,0,3,0,0
46,M,0,3,1,0
68,M,3,163,1,1
71,M,2,206,0,1
38,F,2,2,1,0
41,F,1,2,1,0
70,F,3,164,3,1
27,F,0,1,1,0
77,F,1,259,0,1
86,F,2,347,1,1
66,M,2,162,1,1
84,M,0,314,0,1
45,F,3,3,1,0
48,M,2,6,0,0
33,F,0,1,0,0
57,M,0,78,3,1
62,F,2,118,0,1
19,M,1,1,0,0
46,F,1,5,0,0
86,M,1,312,2,1
60,M,0,110,2,1
43,M,2,3,0,0
49,F,2,0,0,0
62,M,2,97,0,1
23,M,2,4,0,0
27,M,5,2,0,0
48,F,0,3,0,0
27,F,1,4,3,0
73,M,2,196,1,1
60,M,0,100,2,1
50,M,1,2,0,0
66,M,1,169,0,1
87,M,0,324,0,1
88,M,3,381,0,1
41,M,3,5,0,0
68,F,0,164,2,1
51,F,1,12,0,1
61,F,0,92,0,1
64,F,1,137,1,1
61,F,0,88,0,1
40,M,3,4,0,0
37,F,2,2,1,0
52,M,2,21,0,1
44,F,3,1,2,0
31,F,0,3,0,0
63,F,0,142,1,1
47,F,0,5,0,0
27,F,1,1,0,0
36,M,1,6,0,0
39,F,1,4,0,0
23,M,1,1,1,0
30,F,2,2,0,0
59,F,1,97,0,1
20,F,0,2,0,0
55,M,0,44,0,1
50,F,5,3,0,0
38,M,4,1,0,0
44,M,1,3,0,0
83,F,2,295,0,1
58,M,2,69,1,1
89,M,2,357,0,1
46,M,0,1,1,0
44,M,2,1,0,0
23,M,2,6,0,0
87,F,5,339,0,1
79,F,3,244,1,1
88,M,4,334,0,1
20,M,0,4,1,0
83,M,0,284,0,1
19,M,0,3,1,0
46,M,1,1,2,0
19,M,1,4,0,0
68,F,1,151,1,1
74,F,1,198,0,1
37,M,3,2,1,0
44,M,0,1,1,0
89,M,3,332,0,1
86,M,2,334,0,1
31,F,0,1,1,0
40,F,1,2,0,0
39,M,1,2,1,0
47,F,1,2,0,0
71,F,0,211,0,1
68,F,2,160,0,1
73,F,3,204,0,1
86,F,2,338,0,1
56,M,0,52,1,1
83,F,5,287,0,1
89,M,0,360,0,1
45,M,2,2,1,0
61,F,0,95,1,1
67,M,2,158,0,1
73,F,0,208,3,1
22,M,2,3,0,0
44,F,2,2,0,0
59,F,1,82,1,1
22,F,2,9,0,0
64,M,2,121,1,1
84,F,1,342,1,1
37,F,2,5,0,0
70,F,2,187,0,1
65,F,0,142,0,1
37,M,0,5,0,0
40,F,0,1,1,0
57,M,2,61,0,1
73,F,1,172,1,1
32,F,3,4,0,0
23,M,0,2,0,0
55,M,2,49,0,1
55,M,2,48,2,1
20,M,3,3,1,0
86,M,2,339,0,1
57,M,2,71,1,1
63,F,0,113,0,1
69,M,1,187,1,1
85,F,2,313,1,1
88,M,1,346,1,1
86,M,3,348,0,1
31,M,2,3,1,0
72,F,4,189,1,1
68,M,3,177,3,1
75,F,2,208,0,1
70,M,2,172,0,1
70,M,2,196,1,1
76,F,1,242,0,1
54,M,2,44,0,1
80,F,2,292,0,1
74,F,1,224,0,1
55,F,0,35,3,1
74,M,1,213,1,1
39,M,3,3,0,0
80,F,1,251,1,1
28,M,5,6,0,0
18,F,0,3,0,0
72,F,0,203,0,1
20,F,2,6,0,0
54,M,0,41,0,1
51,F,1,12,0,1
52,F,1,26,2,1
69,M,1,174,2,1
57,F,3,65,0,1
48,M,2,2,1,0
66,F,1,133,0,1
45,F,0,1,1,0
48,M,1,5,1,0
19,M,0,3,0,0
54,F,2,42,0,1
61,F,1,105,2,1
36,F,1,4,2,0
86,F,2,300,1,1
86,M,0,333,0,1
62,M,2,117,0,1
76,F,0,244,1,1
35,M,0,1,0,0
42,F,3,1,1,0
63,M,2,108,0,1
26,M,2,4,0,0
44,F,0,0,1,0
38,F,3,4,0,0
44,F,2,2,1,0
60,F,1,93,0,1
22,F,1,3,2,0
54,M,1,39,0,1
69,M,2,190,0,1
26,F,0,2,2,0
18,F,2,4,1,0
27,M,2,1,0,0
78,F,2,265,2,1
61,F,3,89,0,1
18,F,2,1,0,0
46,M,1,0,0,0
74,F,0,223,0,1
80,F,3,277,0,1
43,M,0,2,1,0
59,M,0,92,1,1
43,F,3,5,0,0
64,M,0,134,2,1
53,M,0,29,1,1
77,F,1,216,1,1
31,M,1,2,0,0
27,F,2,2,0,0
32,M,2,1,1,0
42,F,1,0,0,0
69,M,2,193,1,1
43,M,1,7,0,0
83,F,1,291,0,1
36,F,2,5,1,0
28,F,3,2,2,0
35,M,2,0,1,0
37,F,1,2,1,0
19,M,0,2,1,0
88,F,1,345,0,1
43,F,1,4,1,0
67,F,0,165,0,1
19,M,3,3,0,0
84,M,4,309,1,1
49,M,3,1,0,0
45,F,2,3,0,0
43,F,1,4,1,0
73,F,3,224,0,1
22,F,2,3,0,0
69,M,2,171,1,1
76,M,3,216,0,1
71,F,3,200,0,1
45,M,3,3,2,0
52,F,2,21,1,1
39,M,1,6,0,0
39,M,0,1,0,0
85,M,2,306,0,1
44,M,0,5,0,0
86,M,1,333,0,1
28,M,1,3,1,0
40,M,0,4,0,0
23,M,4,2,1,0
74,F,3,232,0,1
45,F,3,4,1,0
41,F,0,6,0,0
79,F,1,258,2,1
57,M,1,70,1,1
41,M,2,1,1,0
46,F,1,3,0,0
58,F,0,60,0,1
58,F,2,77,1,1
77,M,2,256,1,1
45,F,3,2,1,0
25,M,1,1,1,0
75,F,3,206,1,1
44,F,2,4,0,0
85,F,2,308,0,1
44,F,5,0,2,0
64,F,1,113,0,1
69,F,4,165,2,1
25,F,1,3,1,0
83,M,0,293,0,1
87,M,1,331,0,1
18,M,4,2,2,0
56,F,0,50,0,1
57,F,2,59,0,1
49,M,2,4,0,0
18,M,1,2,0,0
49,F,2,3,2,0
39,F,3,6,0,0
54,F,1,42,0,1
46,M,0,3,3,0
30,M,2,2,0,0
38,F,1,6,1,0
70,F,1,184,1,1
47,F,0,3,0,0
72,F,0,191,1,1
44,F,2,4,0,0
84,M,3,330,0,1
53,M,3,16,1,1
33,F,4,1,0,0
36,F,0,2,0,0
25,F,0,2,1,0
46,M,1,7,0,0
51,F,3,11,3,1
33,F,3,2,1,0
39,F,1,1,0,0
48,M,0,4,1,0
47,M,3,5,0,0
68,M,1,166,0,1
36,F,0,4,4,0
20,F,2,2,0,0
88,M,0,350,3,1
89,M,1,362,0,1
29,M,1,3,1,0
28,M,2,2,0,0
22,M,2,4,0,0
75,F,2,223,1,1
44,M,1,3,1,0
38,M,1,3,0,0
39,M,0,5,0,0
23,F,1,3,0,0
65,M,1,140,1,1
74,F,0,197,0,1
71,F,0,204,2,1
58,M,0,65,3,1
56,F,2,52,0,1
36,M,0,1,1,0
66,M,1,153,0,1
45,F,1,9,0,0
54,F,0,41,0,1
80,M,0,267,0,1
80,F,1,260,1,1
68,M,1,146,0,1
70,F,0,188,0,1
38,F,2,0,0,0
44,F,0,2,0,0
35,F,1,4,0,0
78,F,0,245,1,1
58,M,1,83,0,1
55,F,2,52,0,1
26,F,3,3,1,0
24,M,1,1,0,0
34,F,4,3,0,0
36,M,1,3,0,0
75,M,0,211,0,1
75,M,0,236,1,1
70,M,0,169,0,1
85,F,1,355,1,1
19,F,1,4,0,0
86,M,4,319,1,1
50,F,4,2,0,0
37,M,1,1,1,0
46,F,1,3,1,0
31,F,0,3,0,0
71,M,1,209,0,1
53,M,1,38,1,1
48,M,5,2,0,0
84,F,3,345,1,1
34,M,0,3,1,0
86,F,1,328,1,1
78,M,2,238,2,1
73,M,1,205,1,1
31,M,4,5,0,0
80,M,1,285,0,1
64,M,1,120,0,1
40,F,3,3,1,0
38,F,1,5,0,0
85,F,1,315,0,1
62,M,3,118,2,1
56,M,0,68,0,1
30,M,2,0,0,0
47,F,1,4,0,0
81,F,2,280,0,1
22,M,0,1,0,0
44,M,4,3,0,0
78,M,0,265,0,1
66,F,3,139,1,1
66,M,1,147,0,1
71,M,3,171,0,1
44,F,1,1,0,0
51,F,4,11,0,1
74,M,0,219,0,1
56,M,1,50,1,1
49,F,3,1,1,0
26,F,2,0,0,0
54,F,2,38,0,1
56,M,2,49,0,1
83,F,0,320,1,1
56,F,1,62,0,1
79,F,1,259,0,1
82,F,1,288,0,1
20,F,1,3,1,0
43,M,4,1,0,0
88,M,3,346,0,1
29,F,2,4,0,0
78,M,2,244,1,1
47,F,1,5,1,0
82,M,2,299,1,1
74,F,0,229,1,1
56,F,4,53,2,1
18,M,2,4,2,0
77,M,1,271,1,1
20,M,2,6,0,0
41,M,4,5,0,0
89,M,0,404,0,1
48,M,0,2,3,0
57,M,2,52,0,1
37,M,1,1,1,0
69,M,2,192,1,1
43,F,2,4,1,0
51,M,2,12,2,1
68,M,0,190,0,1
32,F,3,0,1,0
21,M,0,4,0,0
66,F,2,142,0,1
59,M,2,71,0,1
35,F,2,0,1,0
71,M,1,201,0,1
50,M,2,1,3,1
68,M,2,191,0,1
33,F,1,1,1,0
25,F,0,2,0,0
83,F,1,282,0,1
80,M,0,273,0,1
46,M,1,4,0,0
57,M,1,71,1,1
67,F,1,151,0,1
23,F,1,3,0,0
31,M,1,2,0,0
30,F,3,4,0,0
61,F,1,110,0,1
83,M,0,302,0,1
39,F,1,3,0,0
32,M,3,3,0,0
26,F,1,3,0,0
27,F,1,0,0,0
40,F,4,2,3,0
53,F,2,30,1,1
22,F,2,3,1,0
38,M,1,3,1,0
61,M,2,122,0,1
66,M,1,141,1,1
57,F,2,74,1,1
45,M,3,2,0,0
79,F,2,238,0,1
21,F,1,3,1,0
19,F,1,4,0,0
60,F,0,87,0,1
47,F,1,5,0,0
29,F,1,3,0,0
88,F,3,312,0,1
52,M,4,15,1,1
42,F,2,5,0,0
42,F,4,3,3,0
22,F,2,1,0,0
77,M,0,230,0,1
75,M,3,213,0,1
18,F,3,4,1,0
24,M,2,3,1,0
87,M,2,342,0,1
69,F,0,191,0,1
59,F,1,79,0,1
55,M,1,45,1,1
73,M,0,224,0,1
81,F,1,282,0,1
18,M,0,4,0,0
54,F,0,35,0,1
83,M,0,277,0,1
66,F,1,153,0,1
42,M,1,3,3,0
36,F,0,2,2,0
46,F,3,3,0,0
88,F,1,380,0,1
56,M,1,48,0,1
33,M,3,1,0,0
50,M,0,4,0,0
78,M,1,247,0,1
85,M,0,325,0,1
67,M,5,142,0,1
70,M,2,173,1,1
52,M,1,17,1,1
55,M,3,33,1,1
44,F,1,5,1,0
29,M,1,1,1,0
24,M,3,1,1,0
38,F,0,2,0,0
75,M,2,204,0,1
41,F,0,4,0,0
34,M,3,2,1,0
43,M,0,5,1,0
80,M,1,272,1,1
29,M,1,2,0,0
81,F,2,273,0,1
54,F,1,37,0,1
33,M,0,3,0,0
75,M,2,244,2,1
38,F,1,4,1,0
67,M,2,148,0,1
69,F,3,175,1,1
86,M,3,316,0,1
73,F,0,205,2,1
44,M,2,0,0,0
21,M,1,3,1,0
63,M,3,112,1,1
77,M,4,257,0,1
56,M,1,54,0,1
76,M,2,261,0,1
45,M,3,4,0,0
62,M,3,107,1,1
52,M,4,24,0,1
82,M,1,291,0,1
84,F,1,291,0,1
88,M,0,355,1,1
85,M,1,345,0,1
32,M,3,2,0,0
36,M,2,5,0,0
85,M,1,302,1,1
62,F,2,98,1,1
80,M,1,272,0,1
46,M,4,6,0,0
60,M,3,106,1,1
25,F,1,6,0,0
25,F,2,3,2,0
26,F,0,5,1,0
87,M,2,377,0,1
46,F,1,3,0,0
71,F,4,162,0,1
68,F,1,155,1,1
44,M,2,3,0,0
67,M,2,154,1,1
41,M,2,2,0,0
28,F,1,4,1,0
86,F,1,334,0,1
68,F,2,176,0,1
34,M,3,3,0,0
23,F,2,0,0,0
77,F,1,232,0,1
65,F,2,164,0,1
49,F,0,3,1,0
89,F,0,364,1,1
68,F,2,158,1,1
58,F,0,79,0,1
77,M,1,260,0,1
